[21:58:44] [main/INFO] (cpw.mods.modlauncher.Launcher) ModLauncher running: args [--launchTarget, forgeclientdev, --version, 21.1.209, --assetIndex, 1.21.1-17, --assetsDir, /home/satherov/.gradle/caches/fabric-loom/assets, --gameDir, ., --fml.fmlVersion, 4.0.41, --fml.mcVersion, 1.21.1, --fml.neoForgeVersion, 21.1.209, --fml.neoFormVersion, 20240808.144430]
[21:58:44] [main/INFO] (cpw.mods.modlauncher.Launcher) JVM identified as Oracle Corporation OpenJDK 64-Bit Server VM 24.0.2+12-54
[21:58:44] [main/INFO] (cpw.mods.modlauncher.Launcher) ModLauncher 11.0.5+main.901c6ea8 starting: java version 24.0.2 by Oracle Corporation; OS Linux arch amd64 version 6.16.8-2-cachyos
[21:58:44] [main/DEBUG] (cpw.mods.modlauncher.LaunchServiceHandler) Found launch services [minecraft,forgeclient,forgedatauserdev,testharness,forgeserverdev,forgeserveruserdev,forgejunitdev,forgeclientdev,forgeclientuserdev,forgeserver,forgejunituserdev,forgedatadev]
[21:58:44] [main/DEBUG] (cpw.mods.modlauncher.LaunchPluginHandler) Found launch plugins: [mixin,slf4jfixer,runtime_enum_extender,unprotect,accesstransformer,runtimedistcleaner]
[21:58:44] [main/DEBUG] (cpw.mods.modlauncher.TransformationServicesHandler) Discovering transformation services
[21:58:44] [main/DEBUG] (net.neoforged.fml.loading.FMLPaths) Path GAMEDIR is /data/ssd1/intelliJ/ftbxaerocompat/neoforge/run
[21:58:44] [main/DEBUG] (net.neoforged.fml.loading.FMLPaths) Path MODSDIR is /data/ssd1/intelliJ/ftbxaerocompat/neoforge/run/mods
[21:58:44] [main/DEBUG] (net.neoforged.fml.loading.FMLPaths) Path CONFIGDIR is /data/ssd1/intelliJ/ftbxaerocompat/neoforge/run/config
[21:58:44] [main/DEBUG] (net.neoforged.fml.loading.FMLPaths) Path FMLCONFIG is /data/ssd1/intelliJ/ftbxaerocompat/neoforge/run/config/fml.toml
[21:58:44] [main/DEBUG] (net.neoforged.fml.loading.targets.CommonLaunchHandler) Got mod coordinates main%%/data/ssd1/intelliJ/ftbxaerocompat/neoforge/build/resources/main:main%%/data/ssd1/intelliJ/ftbxaerocompat/neoforge/build/classes/java/main:main%%/data/ssd1/intelliJ/ftbxaerocompat/neoforge/out/production/classes:main%%/data/ssd1/intelliJ/ftbxaerocompat/neoforge/out/production/resources from env
[21:58:44] [main/DEBUG] (net.neoforged.fml.loading.targets.CommonLaunchHandler) Found supplied mod coordinates [{main=[/data/ssd1/intelliJ/ftbxaerocompat/neoforge/build/resources/main, /data/ssd1/intelliJ/ftbxaerocompat/neoforge/build/classes/java/main, /data/ssd1/intelliJ/ftbxaerocompat/neoforge/out/production/classes, /data/ssd1/intelliJ/ftbxaerocompat/neoforge/out/production/resources]}]
[21:58:44] [main/DEBUG] (cpw.mods.modlauncher.TransformationServicesHandler) Found additional transformation services from discovery services: 
[21:58:44] [main/INFO] (net.neoforged.fml.loading.ImmediateWindowHandler) Loading ImmediateWindowProvider fmlearlywindow
[21:58:44] [main/INFO] (EARLYDISPLAY) Trying GL version 4.6
[21:58:44] [main/INFO] (EARLYDISPLAY) Requested GL version 4.6 got version 4.6
[21:58:44] [main/DEBUG] (cpw.mods.modlauncher.TransformationServicesHandler) Found transformer services : [mixin,fml]
[21:58:44] [main/DEBUG] (cpw.mods.modlauncher.TransformationServicesHandler) Transformation services loading
[21:58:44] [main/DEBUG] (cpw.mods.modlauncher.TransformationServiceDecorator) Loading service mixin
[21:58:44] [main/DEBUG] (cpw.mods.modlauncher.TransformationServiceDecorator) Loaded service mixin
[21:58:44] [main/DEBUG] (cpw.mods.modlauncher.TransformationServiceDecorator) Loading service fml
[21:58:44] [main/DEBUG] (net.neoforged.fml.loading.FMLLoader) FML 4.0.41 loading
[21:58:44] [main/DEBUG] (net.neoforged.fml.loading.FMLLoader) FML found ModLauncher version : 11.0.5+main.901c6ea8
[21:58:44] [main/DEBUG] (net.neoforged.fml.loading.FMLLoader) FML found AccessTransformer version : 10.0.1+139da711
[21:58:44] [main/DEBUG] (net.neoforged.fml.loading.FMLLoader) FML found EventBus version : null
[21:58:44] [main/DEBUG] (net.neoforged.fml.loading.FMLLoader) Found Runtime Dist Cleaner
[21:58:44] [main/DEBUG] (cpw.mods.modlauncher.TransformationServiceDecorator) Loaded service fml
[21:58:44] [main/DEBUG] (cpw.mods.modlauncher.TransformationServicesHandler) Configuring option handling for services
[21:58:44] [main/DEBUG] (net.neoforged.fml.loading.FMLServiceProvider) Received command line version data  : VersionInfo[neoForgeVersion=21.1.209, fmlVersion=4.0.41, mcVersion=1.21.1, neoFormVersion=20240808.144430]
[21:58:44] [main/DEBUG] (cpw.mods.modlauncher.TransformationServicesHandler) Transformation services initializing
[21:58:44] [main/DEBUG] (cpw.mods.modlauncher.TransformationServiceDecorator) Initializing transformation service mixin
[21:58:44] [main/DEBUG] (mixin) MixinService [ModLauncher] was successfully booted in cpw.mods.cl.ModuleClassLoader@2d0ce8a1
[21:58:44] [main/INFO] (mixin) SpongePowered MIXIN Subsystem Version=0.8.7 Source=union:/home/satherov/.gradle/caches/modules-2/files-2.1/net.fabricmc/sponge-mixin/0.15.2+mixin.0.8.7/2af2f021d8e02a0220dc27a7a72b4666d66d44ca/sponge-mixin-0.15.2+mixin.0.8.7.jar%23109!/ Service=ModLauncher Env=CLIENT
[21:58:44] [main/DEBUG] (mixin) Initialising Mixin Platform Manager
[21:58:44] [main/DEBUG] (mixin) Adding mixin platform agents for container ModLauncher Root Container(ModLauncher:4f56a0a2)
[21:58:44] [main/DEBUG] (mixin) Instancing new MixinPlatformAgentMinecraftForge for ModLauncher Root Container(ModLauncher:4f56a0a2)
[21:58:44] [main/DEBUG] (mixin) MixinPlatformAgentMinecraftForge rejected container ModLauncher Root Container(ModLauncher:4f56a0a2)
[21:58:44] [main/DEBUG] (mixin) Instancing new MixinPlatformAgentDefault for ModLauncher Root Container(ModLauncher:4f56a0a2)
[21:58:44] [main/DEBUG] (mixin) MixinPlatformAgentDefault accepted container ModLauncher Root Container(ModLauncher:4f56a0a2)
[21:58:44] [main/DEBUG] (cpw.mods.modlauncher.TransformationServiceDecorator) Initialized transformation service mixin
[21:58:44] [main/DEBUG] (cpw.mods.modlauncher.TransformationServiceDecorator) Initializing transformation service fml
[21:58:44] [main/DEBUG] (net.neoforged.fml.loading.FMLServiceProvider) Setting up basic FML game directories
[21:58:44] [main/DEBUG] (net.neoforged.fml.loading.FMLPaths) Path GAMEDIR is /data/ssd1/intelliJ/ftbxaerocompat/neoforge/run
[21:58:44] [main/DEBUG] (net.neoforged.fml.loading.FMLPaths) Path MODSDIR is /data/ssd1/intelliJ/ftbxaerocompat/neoforge/run/mods
[21:58:44] [main/DEBUG] (net.neoforged.fml.loading.FMLPaths) Path CONFIGDIR is /data/ssd1/intelliJ/ftbxaerocompat/neoforge/run/config
[21:58:44] [main/DEBUG] (net.neoforged.fml.loading.FMLPaths) Path FMLCONFIG is /data/ssd1/intelliJ/ftbxaerocompat/neoforge/run/config/fml.toml
[21:58:44] [main/DEBUG] (net.neoforged.fml.loading.FMLServiceProvider) Loading configuration
[21:58:44] [main/DEBUG] (net.neoforged.fml.loading.LaunchContext) Located paths when launch context was created: [/home/satherov/.gradle/caches/modules-2/files-2.1/org.lwjgl/lwjgl-opengl/3.3.3/2f6b0147078396a58979125a4c947664e98293a/lwjgl-opengl-3.3.3.jar, /home/satherov/.gradle/caches/modules-2/files-2.1/org.lwjgl/lwjgl-opengl/3.3.3/62c70a4b00ca5391882b0f4b787c1588d24f1c86/lwjgl-opengl-3.3.3-natives-linux.jar, /home/satherov/.gradle/caches/modules-2/files-2.1/org.lwjgl/lwjgl-stb/3.3.3/25dd6161988d7e65f71d5065c99902402ee32746/lwjgl-stb-3.3.3.jar, /home/satherov/.gradle/caches/modules-2/files-2.1/org.lwjgl/lwjgl-jemalloc/3.3.3/4f86728bf449b1dd61251c4e0ac01df1389cb51e/lwjgl-jemalloc-3.3.3-natives-linux.jar, /home/satherov/.gradle/caches/fabric-loom/forge/transformed-dependencies-v1/net/neoforged/fancymodloader/603c6832da4dcc1ac473bc69329c3e4af629c31aff03dc021316bda5e638e45a/loader/4.0.41/loader-4.0.41.jar, /home/satherov/.gradle/caches/modules-2/files-2.1/com.github.oshi/oshi-core/6.4.10/b1d8ab82d11d92fd639b56d639f8f46f739dd5fa/oshi-core-6.4.10.jar, /home/satherov/.gradle/caches/modules-2/files-2.1/org.codehaus.plexus/plexus-utils/3.3.0/cf43b5391de623b36fe066a21127baef82c64022/plexus-utils-3.3.0.jar, /home/satherov/.gradle/caches/modules-2/files-2.1/net.neoforged/JarJarMetadata/0.4.1/f8da03683dc81694556dc3e177c5e3bb77ae6fcb/JarJarMetadata-0.4.1.jar, /home/satherov/.gradle/caches/modules-2/files-2.1/org.lwjgl/lwjgl-glfw/3.3.3/a03684c5e4b1b1dbbe0d29dbbdc27b985b6840f2/lwjgl-glfw-3.3.3-natives-linux.jar, /home/satherov/.gradle/caches/modules-2/files-2.1/net.neoforged.fancymodloader/earlydisplay/4.0.41/53dfbd387ed1b88c7d144bdb6551b7f57d5da6d7/earlydisplay-4.0.41.jar, /home/satherov/.gradle/caches/modules-2/files-2.1/net.sf.jopt-simple/jopt-simple/5.0.4/4fdac2fbe92dfad86aa6e9301736f6b4342a3f5c/jopt-simple-5.0.4.jar, /home/satherov/.gradle/caches/modules-2/files-2.1/org.checkerframework/checker-qual/3.33.0/de2b60b62da487644fc11f734e73c8b0b431238f/checker-qual-3.33.0.jar, /home/satherov/.gradle/caches/modules-2/files-2.1/org.lwjgl/lwjgl-stb/3.3.3/fd1271ccd9d85eff2fa31f3fd543e02ccfaf5041/lwjgl-stb-3.3.3-natives-linux.jar, /home/satherov/.gradle/caches/modules-2/files-2.1/com.google.j2objc/j2objc-annotations/2.8/c85270e307e7b822f1086b93689124b89768e273/j2objc-annotations-2.8.jar, /home/satherov/.gradle/caches/modules-2/files-2.1/net.neoforged/JarJarSelector/0.4.1/fb3cc7a58af22ad2880adb98af6d518128c47dae/JarJarSelector-0.4.1.jar, /home/satherov/.gradle/caches/modules-2/files-2.1/io.netty/netty-transport-native-epoll/4.1.97.Final/5514744c588190ffda076b35a9b8c9f24946a960/netty-transport-native-epoll-4.1.97.Final-linux-aarch_64.jar, /home/satherov/.gradle/caches/modules-2/files-2.1/com.mojang/text2speech/1.17.9/3cad216e3a7f0c19b4b394388bc9ffc446f13b14/text2speech-1.17.9.jar, /home/satherov/.gradle/caches/modules-2/files-2.1/net.neoforged/bus/8.0.5/5b2d33285ab5d1554e9798ad98c40d6ea3868bd5/bus-8.0.5.jar, /home/satherov/.gradle/caches/modules-2/files-2.1/com.google.errorprone/error_prone_annotations/2.18.0/89b684257096f548fa39a7df9fdaa409d4d4df91/error_prone_annotations-2.18.0.jar, /home/satherov/.gradle/caches/modules-2/files-2.1/com.google.guava/failureaccess/1.0.1/1dcf1de382a0bf95a3d8b0849546c88bac1292c9/failureaccess-1.0.1.jar, /home/satherov/.gradle/caches/modules-2/files-2.1/io.netty/netty-handler/4.1.97.Final/abb86c6906bf512bf2b797a41cd7d2e8d3cd7c36/netty-handler-4.1.97.Final.jar, /home/satherov/.gradle/caches/modules-2/files-2.1/org.lwjgl/lwjgl-freetype/3.3.3/149070a5480900347071b7074779531f25a6e3dc/lwjgl-freetype-3.3.3-natives-linux.jar, /home/satherov/.gradle/caches/modules-2/files-2.1/io.github.juuxel/unprotect/1.3.1/432f07e4f647aa3c33aba0b7e630dd3948f65bae/unprotect-1.3.1.jar, /home/satherov/.gradle/caches/modules-2/files-2.1/io.netty/netty-codec/4.1.97.Final/384ba4d75670befbedb45c4d3b497a93639c206d/netty-codec-4.1.97.Final.jar, /home/satherov/.gradle/caches/modules-2/files-2.1/net.java.dev.jna/jna-platform/5.14.0/28934d48aed814f11e4c584da55c49fa7032b31b/jna-platform-5.14.0.jar, /home/satherov/.gradle/caches/modules-2/files-2.1/org.lwjgl/lwjgl-openal/3.3.3/3037360cc4595079bea240af250b6d1a527e0905/lwjgl-openal-3.3.3-natives-linux.jar, /home/satherov/.gradle/caches/modules-2/files-2.1/io.netty/netty-buffer/4.1.97.Final/f8f3d8644afa5e6e1a40a3a6aeb9d9aa970ecb4f/netty-buffer-4.1.97.Final.jar, /home/satherov/.gradle/caches/modules-2/files-2.1/com.electronwill.night-config/core/3.8.3/b442a95f09e349927f5a945ecb594455870fcf4f/core-3.8.3.jar, /home/satherov/.gradle/caches/modules-2/files-2.1/commons-logging/commons-logging/1.2/4bfc12adfe4842bf07b657f0369c4cb522955686/commons-logging-1.2.jar, /home/satherov/.gradle/caches/modules-2/files-2.1/org.lwjgl/lwjgl-freetype/3.3.3/a0db6c84a8becc8ca05f9dbfa985edc348a824c7/lwjgl-freetype-3.3.3.jar, /home/satherov/.gradle/caches/modules-2/files-2.1/org.apache.commons/commons-lang3/3.14.0/1ed471194b02f2c6cb734a0cd6f6f107c673afae/commons-lang3-3.14.0.jar, /home/satherov/.gradle/caches/modules-2/files-2.1/net.minecrell/terminalconsoleappender/1.3.0/b562e9bb61235c9520e26282cdee71f8f802d1fc/terminalconsoleappender-1.3.0.jar, /home/satherov/.gradle/caches/modules-2/files-2.1/io.netty/netty-transport-native-epoll/4.1.97.Final/54188f271e388e7f313aea995e82f58ce2cdb809/netty-transport-native-epoll-4.1.97.Final-linux-x86_64.jar, /home/satherov/.gradle/caches/modules-2/files-2.1/org.antlr/antlr4-runtime/4.13.1/17125bae1d965624e265ef49552f6465a2bfa307/antlr4-runtime-4.13.1.jar, /home/satherov/.gradle/caches/modules-2/files-2.1/org.apache.logging.log4j/log4j-core/2.22.1/7183a25510a02ad00cc6a95d3b3d2a7d3c5a8dc4/log4j-core-2.22.1.jar, /home/satherov/.gradle/caches/modules-2/files-2.1/org.apache.logging.log4j/log4j-slf4j2-impl/2.22.1/d7e6693c2606cb7e7335047d7bb96dec52db5665/log4j-slf4j2-impl-2.22.1.jar, /home/satherov/.gradle/caches/modules-2/files-2.1/org.jcraft/jorbis/0.0.17/8872d22b293e8f5d7d56ff92be966e6dc28ebdc6/jorbis-0.0.17.jar, /home/satherov/.gradle/caches/modules-2/files-2.1/net.fabricmc/sponge-mixin/0.15.2+mixin.0.8.7/2af2f021d8e02a0220dc27a7a72b4666d66d44ca/sponge-mixin-0.15.2+mixin.0.8.7.jar, /home/satherov/.gradle/caches/modules-2/files-2.1/io.netty/netty-transport/4.1.97.Final/f37380d23c9bb079bc702910833b2fd532c9abd0/netty-transport-4.1.97.Final.jar, /home/satherov/.gradle/caches/modules-2/files-2.1/com.mojang/datafixerupper/8.0.16/67d4de6d7f95d89bcf5862995fb854ebaec02a34/datafixerupper-8.0.16.jar, /home/satherov/.gradle/caches/modules-2/files-2.1/com.google.guava/guava/32.1.2-jre/5e64ec7e056456bef3a4bc4c6fdaef71e8ab6318/guava-32.1.2-jre.jar, /home/satherov/.gradle/caches/modules-2/files-2.1/org.jline/jline-terminal/3.20.0/d0ddcc708ddf527a3454c941b7b9225cc83a15ff/jline-terminal-3.20.0.jar, /home/satherov/.gradle/caches/modules-2/files-2.1/cpw.mods/bootstraplauncher/2.0.2/1a2d076cbc33b0520cbacd591224427b2a20047d/bootstraplauncher-2.0.2.jar, /home/satherov/.gradle/caches/modules-2/files-2.1/net.jodah/typetools/0.6.3/a01aaa6ddaea9ec07ec4f209487b7a46a526283a/typetools-0.6.3.jar, /home/satherov/.gradle/caches/modules-2/files-2.1/com.ibm.icu/icu4j/73.2/61ad4ef7f9131fcf6d25c34b817f90d6da06c9e9/icu4j-73.2.jar, /home/satherov/.gradle/caches/modules-2/files-2.1/org.lz4/lz4-java/1.8.0/4b986a99445e49ea5fbf5d149c4b63f6ed6c6780/lz4-java-1.8.0.jar, /home/satherov/.gradle/caches/modules-2/files-2.1/net.java.dev.jna/jna/5.14.0/67bf3eaea4f0718cb376a181a629e5f88fa1c9dd/jna-5.14.0.jar, /home/satherov/.gradle/caches/modules-2/files-2.1/net.neoforged/coremods/7.0.3/9147e6f638b4272b3bd5fc8f92ad37802512c6c/coremods-7.0.3.jar, /home/satherov/.gradle/caches/modules-2/files-2.1/net.neoforged/mergetool/2.0.0/52fe1949be64e3303aabaaa21e315f551db9c9f4/mergetool-2.0.0-api.jar, /home/satherov/.gradle/caches/modules-2/files-2.1/org.apache.commons/commons-compress/1.26.0/659feffdd12280201c8aacb8f7be94f9a883c824/commons-compress-1.26.0.jar, /home/satherov/.gradle/caches/modules-2/files-2.1/com.google.guava/listenablefuture/9999.0-empty-to-avoid-conflict-with-guava/b421526c5f297295adef1c886e5246c39d4ac629/listenablefuture-9999.0-empty-to-avoid-conflict-with-guava.jar, /home/satherov/.gradle/caches/modules-2/files-2.1/io.netty/netty-transport-native-unix-common/4.1.97.Final/d469d84265ab70095b01b40886cabdd433b6e664/netty-transport-native-unix-common-4.1.97.Final.jar, /home/satherov/.gradle/caches/modules-2/files-2.1/io.netty/netty-transport-classes-epoll/4.1.97.Final/795da37ded759e862457a82d9d92c4d39ce8ecee/netty-transport-classes-epoll-4.1.97.Final.jar, /home/satherov/.gradle/caches/modules-2/files-2.1/com.machinezoo.noexception/noexception/1.7.1/b65330c98e38a1f915fa54a6e5eca496505e3f0a/noexception-1.7.1.jar, /home/satherov/.gradle/caches/modules-2/files-2.1/org.apache.httpcomponents/httpcore/4.4.16/51cf043c87253c9f58b539c9f7e44c8894223850/httpcore-4.4.16.jar, /home/satherov/.gradle/caches/modules-2/files-2.1/org.apache.maven/maven-artifact/3.8.5/4433f50c07debefaed0553bd0068f4f48d449313/maven-artifact-3.8.5.jar, /home/satherov/.gradle/caches/modules-2/files-2.1/commons-codec/commons-codec/1.16.0/4e3eb3d79888d76b54e28b350915b5dc3919c9de/commons-codec-1.16.0.jar, /home/satherov/.gradle/caches/modules-2/files-2.1/com.mojang/patchy/2.2.10/da05971b07cbb379d002cf7eaec6a2048211fefc/patchy-2.2.10.jar, /home/satherov/.gradle/caches/modules-2/files-2.1/net.fabricmc/dev-launch-injector/0.2.1+build.8/da8bef7e6e2f952da707f282bdb46882a0fce5e3/dev-launch-injector-0.2.1+build.8.jar, /home/satherov/.gradle/caches/modules-2/files-2.1/io.netty/netty-resolver/4.1.97.Final/cec8348108dc76c47cf87c669d514be52c922144/netty-resolver-4.1.97.Final.jar, /home/satherov/.gradle/caches/modules-2/files-2.1/org.lwjgl/lwjgl-openal/3.3.3/daada81ceb5fc0c291fbfdd4433cb8d9423577f2/lwjgl-openal-3.3.3.jar, /home/satherov/.gradle/caches/modules-2/files-2.1/net.neoforged/accesstransformers/10.0.1/fd83b5725f76eae9115e9355fa1c456a6a441400/accesstransformers-10.0.1.jar, /home/satherov/.gradle/caches/modules-2/files-2.1/org.lwjgl/lwjgl-tinyfd/3.3.3/d8d58daa0c3e5fd906fee96f5fddbcbc07cc308b/lwjgl-tinyfd-3.3.3-natives-linux.jar, /home/satherov/.gradle/caches/modules-2/files-2.1/org.jline/jline-reader/3.20.0/8f15415b022a25b473e8e16c28ae913186ffb9c4/jline-reader-3.20.0.jar, /home/satherov/.gradle/caches/modules-2/files-2.1/cpw.mods/modlauncher/11.0.5/b8f0d49294f733fdb6173931b263553e943dc950/modlauncher-11.0.5.jar, /home/satherov/.gradle/caches/modules-2/files-2.1/it.unimi.dsi/fastutil/8.5.12/c24946d46824bd528054bface3231d2ecb7e95e8/fastutil-8.5.12.jar, /home/satherov/.gradle/caches/modules-2/files-2.1/com.mojang/authlib/6.0.54/de8bc95660e1b2fe8793fd427a7a10dcec5b3ea7/authlib-6.0.54.jar, /home/satherov/.gradle/caches/modules-2/files-2.1/org.lwjgl/lwjgl/3.3.3/1713758e3660ba66e1e954396fd18126038b33c0/lwjgl-3.3.3-natives-linux.jar, /home/satherov/.gradle/caches/modules-2/files-2.1/org.slf4j/slf4j-api/2.0.9/7cf2726fdcfbc8610f9a71fb3ed639871f315340/slf4j-api-2.0.9.jar, /home/satherov/.gradle/caches/modules-2/files-2.1/org.apache.httpcomponents/httpclient/4.5.13/e5f6cae5ca7ecaac1ec2827a9e2d65ae2869cada/httpclient-4.5.13.jar, /home/satherov/.gradle/caches/modules-2/files-2.1/com.google.code.gson/gson/2.10.1/b3add478d4382b78ea20b1671390a858002feb6c/gson-2.10.1.jar, /home/satherov/.gradle/caches/modules-2/files-2.1/io.netty/netty-common/4.1.97.Final/7cceacaf11df8dc63f23d0fb58e9d4640fc88404/netty-common-4.1.97.Final.jar, /home/satherov/.gradle/caches/modules-2/files-2.1/org.lwjgl/lwjgl-jemalloc/3.3.3/b543467b7ff3c6920539a88ee602d34098628be5/lwjgl-jemalloc-3.3.3.jar, /home/satherov/.gradle/caches/modules-2/files-2.1/com.mojang/blocklist/1.0.10/5c685c5ffa94c4cd39496c7184c1d122e515ecef/blocklist-1.0.10.jar, /home/satherov/.gradle/caches/modules-2/files-2.1/net.minecraftforge/srgutils/0.4.15/ca408b131759478f164e010fae0d73997e125fb5/srgutils-0.4.15.jar, /home/satherov/.gradle/caches/modules-2/files-2.1/net.neoforged.accesstransformers/at-modlauncher/10.0.1/5aba50202aceead086bc09fbc2751c9f05cb4890/at-modlauncher-10.0.1.jar, /home/satherov/.gradle/caches/modules-2/files-2.1/org.lwjgl/lwjgl-tinyfd/3.3.3/82d755ca94b102e9ca77283b9e2dc46d1b15fbe5/lwjgl-tinyfd-3.3.3.jar, /home/satherov/.gradle/caches/modules-2/files-2.1/org.lwjgl/lwjgl-glfw/3.3.3/efa1eb78c5ccd840e9f329717109b5e892d72f8e/lwjgl-glfw-3.3.3.jar, /home/satherov/.gradle/caches/modules-2/files-2.1/org.lwjgl/lwjgl/3.3.3/29589b5f87ed335a6c7e7ee6a5775f81f97ecb84/lwjgl-3.3.3.jar, /home/satherov/.gradle/caches/modules-2/files-2.1/com.mojang/brigadier/1.3.10/d15b53a14cf20fdcaa98f731af5dda654452c010/brigadier-1.3.10.jar, /home/satherov/.gradle/caches/modules-2/files-2.1/com.mojang/logging/1.2.7/24cb95ffb0e3433fd6e844c04e68009e504ca1c0/logging-1.2.7.jar, /home/satherov/.gradle/caches/modules-2/files-2.1/org.apache.logging.log4j/log4j-api/2.22.1/bea6fede6328fabafd7e68363161a7ea6605abd1/log4j-api-2.22.1.jar, /home/satherov/.gradle/caches/modules-2/files-2.1/commons-io/commons-io/2.15.1/f11560da189ab563a5c8e351941415430e9304ea/commons-io-2.15.1.jar, /home/satherov/.gradle/caches/modules-2/files-2.1/org.joml/joml/1.10.5/22566d58af70ad3d72308bab63b8339906deb649/joml-1.10.5.jar, /home/satherov/.gradle/caches/modules-2/files-2.1/org.openjdk.nashorn/nashorn-core/15.4/f67f5ffaa5f5130cf6fb9b133da00c7df3b532a5/nashorn-core-15.4.jar, /home/satherov/.gradle/caches/modules-2/files-2.1/com.electronwill.night-config/toml/3.8.3/90b2fd6efcb4a7d5b9810cf78f9d824994d717f2/toml-3.8.3.jar, /home/satherov/.gradle/caches/modules-2/files-2.1/com.google.code.findbugs/jsr305/3.0.2/25ea2e8b0c338a877313bd4672d3fe056ea78f0d/jsr305-3.0.2.jar]
[21:58:44] [main/DEBUG] (net.neoforged.fml.loading.FMLServiceProvider) Preparing launch handler
[21:58:44] [main/DEBUG] (net.neoforged.fml.loading.FMLLoader) Using forgeclientdev as launch service
[21:58:44] [main/DEBUG] (net.neoforged.fml.common.asm.RuntimeDistCleaner) Configuring for Dist CLIENT
[21:58:44] [main/DEBUG] (cpw.mods.modlauncher.TransformationServiceDecorator) Initialized transformation service fml
[21:58:44] [main/DEBUG] (cpw.mods.modlauncher.TransformationServicesHandler) Transformation services begin scanning
[21:58:44] [main/DEBUG] (cpw.mods.modlauncher.TransformationServiceDecorator) Beginning scan trigger - transformation service mixin
[21:58:44] [main/DEBUG] (cpw.mods.modlauncher.TransformationServiceDecorator) End scan trigger - transformation service mixin
[21:58:44] [main/DEBUG] (cpw.mods.modlauncher.TransformationServiceDecorator) Beginning scan trigger - transformation service fml
[21:58:44] [main/DEBUG] (net.neoforged.fml.loading.FMLServiceProvider) Initiating mod scan
[21:58:44] [main/DEBUG] (net.neoforged.fml.loading.targets.CommonLaunchHandler) Got mod coordinates main%%/data/ssd1/intelliJ/ftbxaerocompat/neoforge/build/resources/main:main%%/data/ssd1/intelliJ/ftbxaerocompat/neoforge/build/classes/java/main:main%%/data/ssd1/intelliJ/ftbxaerocompat/neoforge/out/production/classes:main%%/data/ssd1/intelliJ/ftbxaerocompat/neoforge/out/production/resources from env
[21:58:44] [main/DEBUG] (net.neoforged.fml.loading.targets.CommonLaunchHandler) Found supplied mod coordinates [{main=[/data/ssd1/intelliJ/ftbxaerocompat/neoforge/build/resources/main, /data/ssd1/intelliJ/ftbxaerocompat/neoforge/build/classes/java/main, /data/ssd1/intelliJ/ftbxaerocompat/neoforge/out/production/classes, /data/ssd1/intelliJ/ftbxaerocompat/neoforge/out/production/resources]}]
[21:58:44] [main/DEBUG] (net.neoforged.fml.loading.targets.CommonDevLaunchHandler) Launching with NeoForge from /home/satherov/.gradle/caches/fabric-loom/minecraftMaven/net/minecraft/neoforge-21.1.209-minecraft-merged/1.21.1-loom.mappings.1_21_1.layered+hash.40359-v2-neoforge-21.1.209/neoforge-21.1.209-minecraft-merged-1.21.1-loom.mappings.1_21_1.layered+hash.40359-v2-neoforge-21.1.209.jar
[21:58:44] [main/DEBUG] (net.neoforged.fml.util.ServiceLoaderUtil) Found 4 implementations of IModFileCandidateLocator:
[21:58:44] [main/DEBUG] (net.neoforged.fml.util.ServiceLoaderUtil) 	       0 - [built-in] net.neoforged.fml.loading.moddiscovery.locators.NeoForgeDevProvider from loader-4.0.41.jar
[21:58:44] [main/DEBUG] (net.neoforged.fml.util.ServiceLoaderUtil) 	       0 - net.neoforged.fml.loading.moddiscovery.locators.ModsFolderLocator from loader-4.0.41.jar
[21:58:44] [main/DEBUG] (net.neoforged.fml.util.ServiceLoaderUtil) 	       0 - net.neoforged.fml.loading.moddiscovery.locators.MavenDirectoryLocator from loader-4.0.41.jar
[21:58:44] [main/DEBUG] (net.neoforged.fml.util.ServiceLoaderUtil) 	   -1000 - [built-in] net.neoforged.fml.loading.moddiscovery.locators.UserdevLocator from loader-4.0.41.jar
[21:58:44] [main/DEBUG] (net.neoforged.fml.util.ServiceLoaderUtil) Found 2 implementations of IModFileReader:
[21:58:44] [main/DEBUG] (net.neoforged.fml.util.ServiceLoaderUtil) 	       0 - net.neoforged.fml.loading.moddiscovery.readers.JarModsDotTomlModFileReader from loader-4.0.41.jar
[21:58:44] [main/DEBUG] (net.neoforged.fml.util.ServiceLoaderUtil) 	   -1000 - net.neoforged.fml.loading.moddiscovery.readers.NestedLibraryModReader from loader-4.0.41.jar
[21:58:44] [main/DEBUG] (net.neoforged.fml.util.ServiceLoaderUtil) Found 1 implementations of IDependencyLocator:
[21:58:44] [main/DEBUG] (net.neoforged.fml.util.ServiceLoaderUtil) 	       0 - net.neoforged.fml.loading.moddiscovery.locators.JarInJarDependencyLocator from loader-4.0.41.jar
[21:58:44] [main/DEBUG] (net.neoforged.fml.loading.moddiscovery.ModDiscoverer) Scanning for mods and other resources to load. We know 4 ways to find mods
[21:58:44] [main/DEBUG] (net.neoforged.fml.loading.moddiscovery.ModDiscoverer) Trying locator neoforge devenv provider ([/home/satherov/.gradle/caches/fabric-loom/minecraftMaven/net/minecraft/neoforge-21.1.209-minecraft-merged/1.21.1-loom.mappings.1_21_1.layered+hash.40359-v2-neoforge-21.1.209/neoforge-21.1.209-minecraft-merged-1.21.1-loom.mappings.1_21_1.layered+hash.40359-v2-neoforge-21.1.209.jar])
[21:58:44] [pool-5-thread-1/INFO] (EARLYDISPLAY) GL info: AMD Radeon RX 7900 XTX (radeonsi, navi31, LLVM 20.1.8, DRM 3.64, 6.16.8-2-cachyos) GL version 4.6 (Core Profile) Mesa 25.2.3-cachyos1.3, AMD
[21:58:44] [main/DEBUG] (net.neoforged.fml.loading.moddiscovery.ModFileInfo) Found valid mod file neoforge-21.1.209-minecraft-merged-1.21.1-loom.mappings.1_21_1.layered+hash.40359-v2-neoforge-21.1.209.jar with {minecraft} mods - versions {1.21.1}
[21:58:44] [main/INFO] (net.neoforged.fml.loading.moddiscovery.ModDiscoverer) Found mod file "neoforge-21.1.209-minecraft-merged-1.21.1-loom.mappings.1_21_1.layered+hash.40359-v2-neoforge-21.1.209.jar" [locator: neoforge devenv provider ([/home/satherov/.gradle/caches/fabric-loom/minecraftMaven/net/minecraft/neoforge-21.1.209-minecraft-merged/1.21.1-loom.mappings.1_21_1.layered+hash.40359-v2-neoforge-21.1.209/neoforge-21.1.209-minecraft-merged-1.21.1-loom.mappings.1_21_1.layered+hash.40359-v2-neoforge-21.1.209.jar])]
[21:58:44] [main/DEBUG] (net.neoforged.fml.loading.moddiscovery.readers.JarModsDotTomlModFileReader) Found META-INF/neoforge.mods.toml mod of type null: /home/satherov/.gradle/caches/fabric-loom/minecraftMaven/net/minecraft/neoforge-21.1.209-minecraft-merged/1.21.1-loom.mappings.1_21_1.layered+hash.40359-v2-neoforge-21.1.209/neoforge-21.1.209-minecraft-merged-1.21.1-loom.mappings.1_21_1.layered+hash.40359-v2-neoforge-21.1.209.jar
[21:58:44] [main/DEBUG] (net.neoforged.fml.loading.moddiscovery.ModFileParser) Considering mod file candidate /home/satherov/.gradle/caches/fabric-loom/minecraftMaven/net/minecraft/neoforge-21.1.209-minecraft-merged/1.21.1-loom.mappings.1_21_1.layered+hash.40359-v2-neoforge-21.1.209/neoforge-21.1.209-minecraft-merged-1.21.1-loom.mappings.1_21_1.layered+hash.40359-v2-neoforge-21.1.209.jar
[21:58:44] [main/DEBUG] (net.neoforged.fml.loading.moddiscovery.ModFileInfo) Found valid mod file neoforge-21.1.209-minecraft-merged-1.21.1-loom.mappings.1_21_1.layered+hash.40359-v2-neoforge-21.1.209.jar with {neoforge} mods - versions {21.1.209}
[21:58:44] [main/INFO] (net.neoforged.fml.loading.moddiscovery.ModDiscoverer) Found mod file "neoforge-21.1.209-minecraft-merged-1.21.1-loom.mappings.1_21_1.layered+hash.40359-v2-neoforge-21.1.209.jar" [locator: neoforge devenv provider ([/home/satherov/.gradle/caches/fabric-loom/minecraftMaven/net/minecraft/neoforge-21.1.209-minecraft-merged/1.21.1-loom.mappings.1_21_1.layered+hash.40359-v2-neoforge-21.1.209/neoforge-21.1.209-minecraft-merged-1.21.1-loom.mappings.1_21_1.layered+hash.40359-v2-neoforge-21.1.209.jar])]
[21:58:44] [main/DEBUG] (net.neoforged.fml.loading.moddiscovery.ModDiscoverer) Locator neoforge devenv provider ([/home/satherov/.gradle/caches/fabric-loom/minecraftMaven/net/minecraft/neoforge-21.1.209-minecraft-merged/1.21.1-loom.mappings.1_21_1.layered+hash.40359-v2-neoforge-21.1.209/neoforge-21.1.209-minecraft-merged-1.21.1-loom.mappings.1_21_1.layered+hash.40359-v2-neoforge-21.1.209.jar]) found 2 mods, 0 warnings, 0 errors and skipped 0 candidates
[21:58:44] [main/DEBUG] (net.neoforged.fml.loading.moddiscovery.ModDiscoverer) Trying locator {mods folder locator at /data/ssd1/intelliJ/ftbxaerocompat/neoforge/run/mods}
[21:58:44] [main/DEBUG] (net.neoforged.fml.loading.moddiscovery.locators.ModsFolderLocator) Scanning mods dir /data/ssd1/intelliJ/ftbxaerocompat/neoforge/run/mods for mods
[21:58:44] [main/DEBUG] (net.neoforged.fml.loading.moddiscovery.ModDiscoverer) Locator {mods folder locator at /data/ssd1/intelliJ/ftbxaerocompat/neoforge/run/mods} found 0 mods, 0 warnings, 0 errors and skipped 0 candidates
[21:58:44] [main/DEBUG] (net.neoforged.fml.loading.moddiscovery.ModDiscoverer) Trying locator maven libs
[21:58:44] [main/DEBUG] (net.neoforged.fml.loading.moddiscovery.ModListHandler) Found mod coordinates from lists: []
[21:58:44] [main/DEBUG] (net.neoforged.fml.loading.moddiscovery.ModDiscoverer) Locator maven libs found 0 mods, 0 warnings, 0 errors and skipped 0 candidates
[21:58:44] [main/DEBUG] (net.neoforged.fml.loading.moddiscovery.ModDiscoverer) Trying locator userdev mods and services
[21:58:44] [main/DEBUG] (net.neoforged.fml.loading.moddiscovery.readers.JarModsDotTomlModFileReader) Found META-INF/neoforge.mods.toml mod of type null: /data/ssd1/intelliJ/ftbxaerocompat/neoforge/build/resources/main
[21:58:44] [main/DEBUG] (net.neoforged.fml.loading.moddiscovery.ModFileParser) Considering mod file candidate /data/ssd1/intelliJ/ftbxaerocompat/neoforge/build/resources/main
[21:58:44] [main/DEBUG] (net.neoforged.fml.loading.moddiscovery.ModFileInfo) Found valid mod file main with {ftbxaerocompat} mods - versions {1.0.0}
[21:58:44] [main/INFO] (net.neoforged.fml.loading.moddiscovery.ModDiscoverer) Found mod file "main" [locator: userdev mods and services, reader: mod manifest]
[21:58:44] [main/DEBUG] (net.neoforged.fml.loading.moddiscovery.readers.JarModsDotTomlModFileReader) Found META-INF/neoforge.mods.toml mod of type null: /home/satherov/.gradle/caches/modules-2/files-2.1/curse.maven/xaeros-minimap-263420/6778051/c671bd1d33e551c74f0157c9678549e566c5368e/xaeros-minimap-263420-6778051.jar
[21:58:44] [main/DEBUG] (net.neoforged.fml.loading.moddiscovery.ModFileParser) Considering mod file candidate /home/satherov/.gradle/caches/modules-2/files-2.1/curse.maven/xaeros-minimap-263420/6778051/c671bd1d33e551c74f0157c9678549e566c5368e/xaeros-minimap-263420-6778051.jar
[21:58:44] [main/DEBUG] (net.neoforged.fml.loading.moddiscovery.ModFileInfo) Found valid mod file xaeros-minimap-263420-6778051.jar with {xaerominimap} mods - versions {25.2.10}
[21:58:44] [main/INFO] (net.neoforged.fml.loading.moddiscovery.ModDiscoverer) Found mod file "xaeros-minimap-263420-6778051.jar" [locator: userdev mods and services, reader: mod manifest]
[21:58:44] [main/DEBUG] (net.neoforged.fml.loading.moddiscovery.readers.JarModsDotTomlModFileReader) Found META-INF/neoforge.mods.toml mod of type null: /home/satherov/.gradle/caches/modules-2/files-2.1/curse.maven/xaeros-world-map-317780/6778114/afae070bb33f28696336e804333544f819d9a88c/xaeros-world-map-317780-6778114.jar
[21:58:44] [main/DEBUG] (net.neoforged.fml.loading.moddiscovery.ModFileParser) Considering mod file candidate /home/satherov/.gradle/caches/modules-2/files-2.1/curse.maven/xaeros-world-map-317780/6778114/afae070bb33f28696336e804333544f819d9a88c/xaeros-world-map-317780-6778114.jar
[21:58:44] [main/DEBUG] (net.neoforged.fml.loading.moddiscovery.ModFileInfo) Found valid mod file xaeros-world-map-317780-6778114.jar with {xaeroworldmap} mods - versions {1.39.12}
[21:58:44] [main/INFO] (net.neoforged.fml.loading.moddiscovery.ModDiscoverer) Found mod file "xaeros-world-map-317780-6778114.jar" [locator: userdev mods and services, reader: mod manifest]
[21:58:44] [main/DEBUG] (net.neoforged.fml.loading.moddiscovery.readers.JarModsDotTomlModFileReader) Found META-INF/neoforge.mods.toml mod of type null: /home/satherov/.gradle/caches/modules-2/files-2.1/dev.ftb.mods/ftb-chunks-neoforge/2101.1.11/32fb81b6315d4b660f3489a458a2a8ddaf1d5604/ftb-chunks-neoforge-2101.1.11.jar
[21:58:44] [main/DEBUG] (net.neoforged.fml.loading.moddiscovery.ModFileParser) Considering mod file candidate /home/satherov/.gradle/caches/modules-2/files-2.1/dev.ftb.mods/ftb-chunks-neoforge/2101.1.11/32fb81b6315d4b660f3489a458a2a8ddaf1d5604/ftb-chunks-neoforge-2101.1.11.jar
[21:58:44] [main/DEBUG] (net.neoforged.fml.loading.moddiscovery.ModFileInfo) Found valid mod file ftb-chunks-neoforge-2101.1.11.jar with {ftbchunks} mods - versions {2101.1.11}
[21:58:44] [main/INFO] (net.neoforged.fml.loading.moddiscovery.ModDiscoverer) Found mod file "ftb-chunks-neoforge-2101.1.11.jar" [locator: userdev mods and services, reader: mod manifest]
[21:58:44] [main/DEBUG] (net.neoforged.fml.loading.moddiscovery.readers.JarModsDotTomlModFileReader) Found META-INF/neoforge.mods.toml mod of type null: /home/satherov/.gradle/caches/modules-2/files-2.1/dev.ftb.mods/ftb-teams-neoforge/2101.1.4/a25e05078525e0a2956ba7e94ce84d4ebf17e931/ftb-teams-neoforge-2101.1.4.jar
[21:58:44] [main/DEBUG] (net.neoforged.fml.loading.moddiscovery.ModFileParser) Considering mod file candidate /home/satherov/.gradle/caches/modules-2/files-2.1/dev.ftb.mods/ftb-teams-neoforge/2101.1.4/a25e05078525e0a2956ba7e94ce84d4ebf17e931/ftb-teams-neoforge-2101.1.4.jar
[21:58:44] [main/DEBUG] (net.neoforged.fml.loading.moddiscovery.ModFileInfo) Found valid mod file ftb-teams-neoforge-2101.1.4.jar with {ftbteams} mods - versions {2101.1.4}
[21:58:44] [main/INFO] (net.neoforged.fml.loading.moddiscovery.ModDiscoverer) Found mod file "ftb-teams-neoforge-2101.1.4.jar" [locator: userdev mods and services, reader: mod manifest]
[21:58:44] [main/DEBUG] (net.neoforged.fml.loading.moddiscovery.readers.JarModsDotTomlModFileReader) Found META-INF/neoforge.mods.toml mod of type null: /home/satherov/.gradle/caches/modules-2/files-2.1/dev.ftb.mods/ftb-library-neoforge/2101.1.21/4142876300fd6e6106d1b74a1457c899f43b7930/ftb-library-neoforge-2101.1.21.jar
[21:58:44] [main/DEBUG] (net.neoforged.fml.loading.moddiscovery.ModFileParser) Considering mod file candidate /home/satherov/.gradle/caches/modules-2/files-2.1/dev.ftb.mods/ftb-library-neoforge/2101.1.21/4142876300fd6e6106d1b74a1457c899f43b7930/ftb-library-neoforge-2101.1.21.jar
[21:58:44] [main/DEBUG] (net.neoforged.fml.loading.moddiscovery.ModFileInfo) Found valid mod file ftb-library-neoforge-2101.1.21.jar with {ftblibrary} mods - versions {2101.1.21}
[21:58:44] [main/INFO] (net.neoforged.fml.loading.moddiscovery.ModDiscoverer) Found mod file "ftb-library-neoforge-2101.1.21.jar" [locator: userdev mods and services, reader: mod manifest]
[21:58:44] [main/DEBUG] (net.neoforged.fml.loading.moddiscovery.readers.JarModsDotTomlModFileReader) Found META-INF/neoforge.mods.toml mod of type null: /home/satherov/.gradle/caches/modules-2/files-2.1/dev.architectury/architectury-neoforge/13.0.8/6544bdc09e6d291e1307230fc0b7289601e164fa/architectury-neoforge-13.0.8.jar
[21:58:44] [main/DEBUG] (net.neoforged.fml.loading.moddiscovery.ModFileParser) Considering mod file candidate /home/satherov/.gradle/caches/modules-2/files-2.1/dev.architectury/architectury-neoforge/13.0.8/6544bdc09e6d291e1307230fc0b7289601e164fa/architectury-neoforge-13.0.8.jar
[21:58:44] [main/DEBUG] (net.neoforged.fml.loading.moddiscovery.ModFileInfo) Found valid mod file architectury-neoforge-13.0.8.jar with {architectury} mods - versions {13.0.8}
[21:58:44] [main/INFO] (net.neoforged.fml.loading.moddiscovery.ModDiscoverer) Found mod file "architectury-neoforge-13.0.8.jar" [locator: userdev mods and services, reader: mod manifest]
[21:58:44] [main/DEBUG] (net.neoforged.fml.loading.moddiscovery.readers.JarModsDotTomlModFileReader) Found META-INF/neoforge.mods.toml mod of type null: /home/satherov/.gradle/caches/fabric-loom/minecraftMaven/net/minecraft/neoforge-21.1.209-minecraft-merged/1.21.1-loom.mappings.1_21_1.layered+hash.40359-v2-neoforge-21.1.209/neoforge-21.1.209-minecraft-merged-1.21.1-loom.mappings.1_21_1.layered+hash.40359-v2-neoforge-21.1.209.jar
[21:58:44] [main/DEBUG] (net.neoforged.fml.loading.moddiscovery.ModFileParser) Considering mod file candidate /home/satherov/.gradle/caches/fabric-loom/minecraftMaven/net/minecraft/neoforge-21.1.209-minecraft-merged/1.21.1-loom.mappings.1_21_1.layered+hash.40359-v2-neoforge-21.1.209/neoforge-21.1.209-minecraft-merged-1.21.1-loom.mappings.1_21_1.layered+hash.40359-v2-neoforge-21.1.209.jar
[21:58:44] [main/DEBUG] (net.neoforged.fml.loading.moddiscovery.ModFileInfo) Found valid mod file neoforge-21.1.209-minecraft-merged-1.21.1-loom.mappings.1_21_1.layered+hash.40359-v2-neoforge-21.1.209.jar with {neoforge} mods - versions {21.1.209}
[21:58:44] [main/INFO] (net.neoforged.fml.loading.moddiscovery.ModDiscoverer) Found mod file "neoforge-21.1.209-minecraft-merged-1.21.1-loom.mappings.1_21_1.layered+hash.40359-v2-neoforge-21.1.209.jar" [locator: userdev mods and services, reader: mod manifest]
[21:58:44] [main/DEBUG] (net.neoforged.fml.loading.moddiscovery.readers.JarModsDotTomlModFileReader) Found META-INF/neoforge.mods.toml mod of type null: /data/ssd1/intelliJ/ftbxaerocompat/.gradle/loom-cache/remapped_mods/remapped/dev/architectury/architectury-neoforge-9f5bc251/13.0.8/architectury-neoforge-9f5bc251-13.0.8.jar
[21:58:44] [main/DEBUG] (net.neoforged.fml.loading.moddiscovery.ModFileParser) Considering mod file candidate /data/ssd1/intelliJ/ftbxaerocompat/.gradle/loom-cache/remapped_mods/remapped/dev/architectury/architectury-neoforge-9f5bc251/13.0.8/architectury-neoforge-9f5bc251-13.0.8.jar
[21:58:44] [main/DEBUG] (net.neoforged.fml.loading.moddiscovery.ModFileInfo) Found valid mod file architectury-neoforge-9f5bc251-13.0.8.jar with {architectury} mods - versions {13.0.8}
[21:58:44] [main/INFO] (net.neoforged.fml.loading.moddiscovery.ModDiscoverer) Found mod file "architectury-neoforge-9f5bc251-13.0.8.jar" [locator: userdev mods and services, reader: mod manifest]
[21:58:44] [main/DEBUG] (net.neoforged.fml.loading.moddiscovery.readers.JarModsDotTomlModFileReader) Found META-INF/neoforge.mods.toml mod of type null: /home/satherov/.gradle/caches/modules-2/files-2.1/dev.emi/emi-neoforge/1.1.22+1.21.1/cbbd038194cd63249db185c53b1d50a1767f80a3/emi-neoforge-1.1.22+1.21.1.jar
[21:58:44] [main/DEBUG] (net.neoforged.fml.loading.moddiscovery.ModFileParser) Considering mod file candidate /home/satherov/.gradle/caches/modules-2/files-2.1/dev.emi/emi-neoforge/1.1.22+1.21.1/cbbd038194cd63249db185c53b1d50a1767f80a3/emi-neoforge-1.1.22+1.21.1.jar
[21:58:44] [main/DEBUG] (net.neoforged.fml.loading.moddiscovery.ModFileInfo) Found valid mod file emi-neoforge-1.1.22+1.21.1.jar with {emi} mods - versions {1.1.22+1.21.1+neoforge}
[21:58:44] [main/INFO] (net.neoforged.fml.loading.moddiscovery.ModDiscoverer) Found mod file "emi-neoforge-1.1.22+1.21.1.jar" [locator: userdev mods and services, reader: mod manifest]
[21:58:44] [main/DEBUG] (net.neoforged.fml.loading.moddiscovery.readers.JarModsDotTomlModFileReader) Found META-INF/neoforge.mods.toml mod of type null: /tmp/4405950214449887839.jar
[21:58:44] [main/DEBUG] (net.neoforged.fml.loading.moddiscovery.ModFileParser) Considering mod file candidate /tmp/4405950214449887839.jar
[21:58:44] [main/DEBUG] (net.neoforged.fml.loading.moddiscovery.ModFileInfo) Found valid mod file 4405950214449887839.jar with {generated_192f02b} mods - versions {1}
[21:58:44] [main/INFO] (net.neoforged.fml.loading.moddiscovery.ModDiscoverer) Found mod file "4405950214449887839.jar" [locator: userdev mods and services, reader: mod manifest]
[21:58:44] [main/DEBUG] (net.neoforged.fml.loading.moddiscovery.ModDiscoverer) Skipping /home/satherov/.gradle/caches/modules-2/files-2.1/net.neoforged.fancymodloader/earlydisplay/4.0.41/53dfbd387ed1b88c7d144bdb6551b7f57d5da6d7/earlydisplay-4.0.41.jar because it was already located earlier
[21:58:44] [main/DEBUG] (net.neoforged.fml.loading.moddiscovery.ModDiscoverer) Skipping /home/satherov/.gradle/caches/fabric-loom/forge/transformed-dependencies-v1/net/neoforged/fancymodloader/603c6832da4dcc1ac473bc69329c3e4af629c31aff03dc021316bda5e638e45a/loader/4.0.41/loader-4.0.41.jar because it was already located earlier
[21:58:44] [main/DEBUG] (net.neoforged.fml.loading.moddiscovery.ModDiscoverer) Skipping /home/satherov/.gradle/caches/modules-2/files-2.1/net.neoforged.accesstransformers/at-modlauncher/10.0.1/5aba50202aceead086bc09fbc2751c9f05cb4890/at-modlauncher-10.0.1.jar because it was already located earlier
[21:58:44] [main/DEBUG] (net.neoforged.fml.loading.moddiscovery.ModDiscoverer) Skipping /home/satherov/.gradle/caches/modules-2/files-2.1/net.neoforged/accesstransformers/10.0.1/fd83b5725f76eae9115e9355fa1c456a6a441400/accesstransformers-10.0.1.jar because it was already located earlier
[21:58:44] [main/DEBUG] (net.neoforged.fml.loading.moddiscovery.ModDiscoverer) Skipping /home/satherov/.gradle/caches/modules-2/files-2.1/net.neoforged/bus/8.0.5/5b2d33285ab5d1554e9798ad98c40d6ea3868bd5/bus-8.0.5.jar because it was already located earlier
[21:58:44] [main/DEBUG] (net.neoforged.fml.loading.moddiscovery.ModDiscoverer) Skipping /home/satherov/.gradle/caches/modules-2/files-2.1/net.neoforged/coremods/7.0.3/9147e6f638b4272b3bd5fc8f92ad37802512c6c/coremods-7.0.3.jar because it was already located earlier
[21:58:44] [main/DEBUG] (net.neoforged.fml.loading.moddiscovery.ModDiscoverer) Skipping /home/satherov/.gradle/caches/modules-2/files-2.1/cpw.mods/modlauncher/11.0.5/b8f0d49294f733fdb6173931b263553e943dc950/modlauncher-11.0.5.jar because it was already located earlier
[21:58:44] [main/DEBUG] (net.neoforged.fml.loading.moddiscovery.ModDiscoverer) Skipping /home/satherov/.gradle/caches/modules-2/files-2.1/net.neoforged/mergetool/2.0.0/52fe1949be64e3303aabaaa21e315f551db9c9f4/mergetool-2.0.0-api.jar because it was already located earlier
[21:58:44] [main/DEBUG] (net.neoforged.fml.loading.moddiscovery.ModDiscoverer) Skipping /home/satherov/.gradle/caches/modules-2/files-2.1/com.electronwill.night-config/toml/3.8.3/90b2fd6efcb4a7d5b9810cf78f9d824994d717f2/toml-3.8.3.jar because it was already located earlier
[21:58:44] [main/DEBUG] (net.neoforged.fml.loading.moddiscovery.ModDiscoverer) Skipping /home/satherov/.gradle/caches/modules-2/files-2.1/com.electronwill.night-config/core/3.8.3/b442a95f09e349927f5a945ecb594455870fcf4f/core-3.8.3.jar because it was already located earlier
[21:58:44] [main/DEBUG] (net.neoforged.fml.loading.moddiscovery.ModDiscoverer) Skipping /home/satherov/.gradle/caches/modules-2/files-2.1/net.neoforged/JarJarSelector/0.4.1/fb3cc7a58af22ad2880adb98af6d518128c47dae/JarJarSelector-0.4.1.jar because it was already located earlier
[21:58:44] [main/DEBUG] (net.neoforged.fml.loading.moddiscovery.ModDiscoverer) Skipping /home/satherov/.gradle/caches/modules-2/files-2.1/net.neoforged/JarJarMetadata/0.4.1/f8da03683dc81694556dc3e177c5e3bb77ae6fcb/JarJarMetadata-0.4.1.jar because it was already located earlier
[21:58:44] [main/DEBUG] (net.neoforged.fml.loading.moddiscovery.ModDiscoverer) Skipping /home/satherov/.gradle/caches/modules-2/files-2.1/org.apache.maven/maven-artifact/3.8.5/4433f50c07debefaed0553bd0068f4f48d449313/maven-artifact-3.8.5.jar because it was already located earlier
[21:58:44] [main/DEBUG] (net.neoforged.fml.loading.moddiscovery.ModDiscoverer) Skipping /home/satherov/.gradle/caches/modules-2/files-2.1/net.jodah/typetools/0.6.3/a01aaa6ddaea9ec07ec4f209487b7a46a526283a/typetools-0.6.3.jar because it was already located earlier
[21:58:44] [main/DEBUG] (net.neoforged.fml.loading.moddiscovery.ModDiscoverer) Skipping /home/satherov/.gradle/caches/modules-2/files-2.1/net.minecrell/terminalconsoleappender/1.3.0/b562e9bb61235c9520e26282cdee71f8f802d1fc/terminalconsoleappender-1.3.0.jar because it was already located earlier
[21:58:44] [main/DEBUG] (net.neoforged.fml.loading.moddiscovery.ModDiscoverer) Skipping /home/satherov/.gradle/caches/modules-2/files-2.1/net.fabricmc/sponge-mixin/0.15.2+mixin.0.8.7/2af2f021d8e02a0220dc27a7a72b4666d66d44ca/sponge-mixin-0.15.2+mixin.0.8.7.jar because it was already located earlier
[21:58:44] [main/DEBUG] (net.neoforged.fml.loading.moddiscovery.ModDiscoverer) Skipping /home/satherov/.gradle/caches/modules-2/files-2.1/org.openjdk.nashorn/nashorn-core/15.4/f67f5ffaa5f5130cf6fb9b133da00c7df3b532a5/nashorn-core-15.4.jar because it was already located earlier
[21:58:44] [main/DEBUG] (net.neoforged.fml.loading.moddiscovery.ModDiscoverer) Skipping /home/satherov/.gradle/caches/modules-2/files-2.1/org.apache.commons/commons-lang3/3.14.0/1ed471194b02f2c6cb734a0cd6f6f107c673afae/commons-lang3-3.14.0.jar because it was already located earlier
[21:58:44] [main/DEBUG] (net.neoforged.fml.loading.moddiscovery.ModDiscoverer) Skipping /home/satherov/.gradle/caches/modules-2/files-2.1/cpw.mods/bootstraplauncher/2.0.2/1a2d076cbc33b0520cbacd591224427b2a20047d/bootstraplauncher-2.0.2.jar because it was already located earlier
[21:58:44] [main/DEBUG] (net.neoforged.fml.loading.moddiscovery.readers.JarModsDotTomlModFileReader) Found META-INF/MANIFEST.MF mod of type GAMELIBRARY: /home/satherov/.gradle/caches/modules-2/files-2.1/io.github.llamalad7/mixinextras-neoforge/0.5.0/d734b83ce6542bb70ea31755c1595b88992dbe65/mixinextras-neoforge-0.5.0.jar
[21:58:44] [main/INFO] (net.neoforged.fml.loading.moddiscovery.ModDiscoverer) Found gamelibrary file "mixinextras-neoforge-0.5.0.jar" [locator: userdev mods and services, reader: mod manifest]
[21:58:44] [main/DEBUG] (net.neoforged.fml.loading.moddiscovery.ModDiscoverer) Skipping /home/satherov/.gradle/caches/modules-2/files-2.1/net.sf.jopt-simple/jopt-simple/5.0.4/4fdac2fbe92dfad86aa6e9301736f6b4342a3f5c/jopt-simple-5.0.4.jar because it was already located earlier
[21:58:44] [main/DEBUG] (net.neoforged.fml.loading.moddiscovery.ModDiscoverer) Skipping /home/satherov/.gradle/caches/modules-2/files-2.1/com.mojang/logging/1.2.7/24cb95ffb0e3433fd6e844c04e68009e504ca1c0/logging-1.2.7.jar because it was already located earlier
[21:58:44] [main/DEBUG] (net.neoforged.fml.loading.moddiscovery.ModDiscoverer) Skipping /home/satherov/.gradle/caches/modules-2/files-2.1/org.apache.logging.log4j/log4j-slf4j2-impl/2.22.1/d7e6693c2606cb7e7335047d7bb96dec52db5665/log4j-slf4j2-impl-2.22.1.jar because it was already located earlier
[21:58:44] [main/DEBUG] (net.neoforged.fml.loading.moddiscovery.ModDiscoverer) Skipping /home/satherov/.gradle/caches/modules-2/files-2.1/com.machinezoo.noexception/noexception/1.7.1/b65330c98e38a1f915fa54a6e5eca496505e3f0a/noexception-1.7.1.jar because it was already located earlier
[21:58:44] [main/DEBUG] (net.neoforged.fml.loading.moddiscovery.ModDiscoverer) Skipping /home/satherov/.gradle/caches/modules-2/files-2.1/org.slf4j/slf4j-api/2.0.9/7cf2726fdcfbc8610f9a71fb3ed639871f315340/slf4j-api-2.0.9.jar because it was already located earlier
[21:58:44] [main/DEBUG] (net.neoforged.fml.loading.moddiscovery.ModDiscoverer) Skipping /home/satherov/.gradle/caches/modules-2/files-2.1/org.antlr/antlr4-runtime/4.13.1/17125bae1d965624e265ef49552f6465a2bfa307/antlr4-runtime-4.13.1.jar because it was already located earlier
[21:58:44] [main/DEBUG] (net.neoforged.fml.loading.moddiscovery.ModDiscoverer) Skipping /home/satherov/.gradle/caches/modules-2/files-2.1/org.apache.logging.log4j/log4j-core/2.22.1/7183a25510a02ad00cc6a95d3b3d2a7d3c5a8dc4/log4j-core-2.22.1.jar because it was already located earlier
[21:58:44] [main/DEBUG] (net.neoforged.fml.loading.moddiscovery.ModDiscoverer) Skipping /home/satherov/.gradle/caches/modules-2/files-2.1/io.github.juuxel/unprotect/1.3.1/432f07e4f647aa3c33aba0b7e630dd3948f65bae/unprotect-1.3.1.jar because it was already located earlier
[21:58:44] [main/DEBUG] (net.neoforged.fml.loading.moddiscovery.ModDiscoverer) Skipping /home/satherov/.gradle/caches/modules-2/files-2.1/org.apache.logging.log4j/log4j-api/2.22.1/bea6fede6328fabafd7e68363161a7ea6605abd1/log4j-api-2.22.1.jar because it was already located earlier
[21:58:44] [main/DEBUG] (net.neoforged.fml.loading.moddiscovery.ModDiscoverer) Skipping /home/satherov/.gradle/caches/modules-2/files-2.1/org.jline/jline-reader/3.20.0/8f15415b022a25b473e8e16c28ae913186ffb9c4/jline-reader-3.20.0.jar because it was already located earlier
[21:58:44] [main/DEBUG] (net.neoforged.fml.loading.moddiscovery.ModDiscoverer) Skipping /home/satherov/.gradle/caches/modules-2/files-2.1/org.jline/jline-terminal/3.20.0/d0ddcc708ddf527a3454c941b7b9225cc83a15ff/jline-terminal-3.20.0.jar because it was already located earlier
[21:58:44] [main/DEBUG] (net.neoforged.fml.loading.moddiscovery.ModDiscoverer) Skipping /home/satherov/.gradle/caches/modules-2/files-2.1/commons-io/commons-io/2.15.1/f11560da189ab563a5c8e351941415430e9304ea/commons-io-2.15.1.jar because it was already located earlier
[21:58:44] [main/DEBUG] (net.neoforged.fml.loading.moddiscovery.ModDiscoverer) Skipping /home/satherov/.gradle/caches/modules-2/files-2.1/net.minecraftforge/srgutils/0.4.15/ca408b131759478f164e010fae0d73997e125fb5/srgutils-0.4.15.jar because it was already located earlier
[21:58:44] [main/DEBUG] (net.neoforged.fml.loading.moddiscovery.ModDiscoverer) Skipping /home/satherov/.gradle/caches/modules-2/files-2.1/com.google.guava/guava/32.1.2-jre/5e64ec7e056456bef3a4bc4c6fdaef71e8ab6318/guava-32.1.2-jre.jar because it was already located earlier
[21:58:44] [main/DEBUG] (net.neoforged.fml.loading.moddiscovery.ModDiscoverer) Skipping /home/satherov/.gradle/caches/modules-2/files-2.1/com.google.guava/failureaccess/1.0.1/1dcf1de382a0bf95a3d8b0849546c88bac1292c9/failureaccess-1.0.1.jar because it was already located earlier
[21:58:44] [main/DEBUG] (net.neoforged.fml.loading.moddiscovery.ModDiscoverer) Skipping /home/satherov/.gradle/caches/modules-2/files-2.1/com.google.guava/listenablefuture/9999.0-empty-to-avoid-conflict-with-guava/b421526c5f297295adef1c886e5246c39d4ac629/listenablefuture-9999.0-empty-to-avoid-conflict-with-guava.jar because it was already located earlier
[21:58:44] [main/DEBUG] (net.neoforged.fml.loading.moddiscovery.ModDiscoverer) Skipping /home/satherov/.gradle/caches/modules-2/files-2.1/com.google.code.findbugs/jsr305/3.0.2/25ea2e8b0c338a877313bd4672d3fe056ea78f0d/jsr305-3.0.2.jar because it was already located earlier
[21:58:44] [main/DEBUG] (net.neoforged.fml.loading.moddiscovery.ModDiscoverer) Skipping /home/satherov/.gradle/caches/modules-2/files-2.1/org.checkerframework/checker-qual/3.33.0/de2b60b62da487644fc11f734e73c8b0b431238f/checker-qual-3.33.0.jar because it was already located earlier
[21:58:44] [main/DEBUG] (net.neoforged.fml.loading.moddiscovery.ModDiscoverer) Skipping /home/satherov/.gradle/caches/modules-2/files-2.1/com.google.errorprone/error_prone_annotations/2.18.0/89b684257096f548fa39a7df9fdaa409d4d4df91/error_prone_annotations-2.18.0.jar because it was already located earlier
[21:58:44] [main/DEBUG] (net.neoforged.fml.loading.moddiscovery.ModDiscoverer) Skipping /home/satherov/.gradle/caches/modules-2/files-2.1/com.google.j2objc/j2objc-annotations/2.8/c85270e307e7b822f1086b93689124b89768e273/j2objc-annotations-2.8.jar because it was already located earlier
[21:58:44] [main/DEBUG] (net.neoforged.fml.loading.moddiscovery.ModDiscoverer) Skipping /home/satherov/.gradle/caches/modules-2/files-2.1/com.google.code.gson/gson/2.10.1/b3add478d4382b78ea20b1671390a858002feb6c/gson-2.10.1.jar because it was already located earlier
[21:58:44] [main/DEBUG] (net.neoforged.fml.loading.moddiscovery.ModDiscoverer) Skipping /home/satherov/.gradle/caches/modules-2/files-2.1/org.codehaus.plexus/plexus-utils/3.3.0/cf43b5391de623b36fe066a21127baef82c64022/plexus-utils-3.3.0.jar because it was already located earlier
[21:58:44] [main/DEBUG] (net.neoforged.fml.loading.moddiscovery.ModDiscoverer) Skipping /home/satherov/.gradle/caches/modules-2/files-2.1/org.lwjgl/lwjgl-glfw/3.3.3/efa1eb78c5ccd840e9f329717109b5e892d72f8e/lwjgl-glfw-3.3.3.jar because it was already located earlier
[21:58:44] [main/DEBUG] (net.neoforged.fml.loading.moddiscovery.ModDiscoverer) Skipping /home/satherov/.gradle/caches/modules-2/files-2.1/org.lwjgl/lwjgl-glfw/3.3.3/a03684c5e4b1b1dbbe0d29dbbdc27b985b6840f2/lwjgl-glfw-3.3.3-natives-linux.jar because it was already located earlier
[21:58:44] [main/DEBUG] (net.neoforged.fml.loading.moddiscovery.ModDiscoverer) Skipping /home/satherov/.gradle/caches/modules-2/files-2.1/org.lwjgl/lwjgl-opengl/3.3.3/2f6b0147078396a58979125a4c947664e98293a/lwjgl-opengl-3.3.3.jar because it was already located earlier
[21:58:44] [main/DEBUG] (net.neoforged.fml.loading.moddiscovery.ModDiscoverer) Skipping /home/satherov/.gradle/caches/modules-2/files-2.1/org.lwjgl/lwjgl-opengl/3.3.3/62c70a4b00ca5391882b0f4b787c1588d24f1c86/lwjgl-opengl-3.3.3-natives-linux.jar because it was already located earlier
[21:58:44] [main/DEBUG] (net.neoforged.fml.loading.moddiscovery.ModDiscoverer) Skipping /home/satherov/.gradle/caches/modules-2/files-2.1/org.lwjgl/lwjgl-stb/3.3.3/25dd6161988d7e65f71d5065c99902402ee32746/lwjgl-stb-3.3.3.jar because it was already located earlier
[21:58:44] [main/DEBUG] (net.neoforged.fml.loading.moddiscovery.ModDiscoverer) Skipping /home/satherov/.gradle/caches/modules-2/files-2.1/org.lwjgl/lwjgl-stb/3.3.3/fd1271ccd9d85eff2fa31f3fd543e02ccfaf5041/lwjgl-stb-3.3.3-natives-linux.jar because it was already located earlier
[21:58:44] [main/DEBUG] (net.neoforged.fml.loading.moddiscovery.ModDiscoverer) Skipping /home/satherov/.gradle/caches/modules-2/files-2.1/org.lwjgl/lwjgl-tinyfd/3.3.3/82d755ca94b102e9ca77283b9e2dc46d1b15fbe5/lwjgl-tinyfd-3.3.3.jar because it was already located earlier
[21:58:44] [main/DEBUG] (net.neoforged.fml.loading.moddiscovery.ModDiscoverer) Skipping /home/satherov/.gradle/caches/modules-2/files-2.1/org.lwjgl/lwjgl-tinyfd/3.3.3/d8d58daa0c3e5fd906fee96f5fddbcbc07cc308b/lwjgl-tinyfd-3.3.3-natives-linux.jar because it was already located earlier
[21:58:44] [main/DEBUG] (net.neoforged.fml.loading.moddiscovery.ModDiscoverer) Skipping /home/satherov/.gradle/caches/modules-2/files-2.1/org.lwjgl/lwjgl/3.3.3/29589b5f87ed335a6c7e7ee6a5775f81f97ecb84/lwjgl-3.3.3.jar because it was already located earlier
[21:58:44] [main/DEBUG] (net.neoforged.fml.loading.moddiscovery.ModDiscoverer) Skipping /home/satherov/.gradle/caches/modules-2/files-2.1/org.lwjgl/lwjgl/3.3.3/1713758e3660ba66e1e954396fd18126038b33c0/lwjgl-3.3.3-natives-linux.jar because it was already located earlier
[21:58:44] [main/DEBUG] (net.neoforged.fml.loading.moddiscovery.ModDiscoverer) Skipping /home/satherov/.gradle/caches/modules-2/files-2.1/net.fabricmc/dev-launch-injector/0.2.1+build.8/da8bef7e6e2f952da707f282bdb46882a0fce5e3/dev-launch-injector-0.2.1+build.8.jar because it was already located earlier
[21:58:44] [main/DEBUG] (net.neoforged.fml.loading.moddiscovery.ModDiscoverer) Skipping /home/satherov/.gradle/caches/modules-2/files-2.1/com.github.oshi/oshi-core/6.4.10/b1d8ab82d11d92fd639b56d639f8f46f739dd5fa/oshi-core-6.4.10.jar because it was already located earlier
[21:58:44] [main/DEBUG] (net.neoforged.fml.loading.moddiscovery.ModDiscoverer) Skipping /home/satherov/.gradle/caches/modules-2/files-2.1/com.ibm.icu/icu4j/73.2/61ad4ef7f9131fcf6d25c34b817f90d6da06c9e9/icu4j-73.2.jar because it was already located earlier
[21:58:44] [main/DEBUG] (net.neoforged.fml.loading.moddiscovery.ModDiscoverer) Skipping /home/satherov/.gradle/caches/modules-2/files-2.1/com.mojang/authlib/6.0.54/de8bc95660e1b2fe8793fd427a7a10dcec5b3ea7/authlib-6.0.54.jar because it was already located earlier
[21:58:44] [main/DEBUG] (net.neoforged.fml.loading.moddiscovery.ModDiscoverer) Skipping /home/satherov/.gradle/caches/modules-2/files-2.1/com.mojang/blocklist/1.0.10/5c685c5ffa94c4cd39496c7184c1d122e515ecef/blocklist-1.0.10.jar because it was already located earlier
[21:58:44] [main/DEBUG] (net.neoforged.fml.loading.moddiscovery.ModDiscoverer) Skipping /home/satherov/.gradle/caches/modules-2/files-2.1/com.mojang/brigadier/1.3.10/d15b53a14cf20fdcaa98f731af5dda654452c010/brigadier-1.3.10.jar because it was already located earlier
[21:58:44] [main/DEBUG] (net.neoforged.fml.loading.moddiscovery.ModDiscoverer) Skipping /home/satherov/.gradle/caches/modules-2/files-2.1/com.mojang/datafixerupper/8.0.16/67d4de6d7f95d89bcf5862995fb854ebaec02a34/datafixerupper-8.0.16.jar because it was already located earlier
[21:58:44] [main/DEBUG] (net.neoforged.fml.loading.moddiscovery.ModDiscoverer) Skipping /home/satherov/.gradle/caches/modules-2/files-2.1/com.mojang/patchy/2.2.10/da05971b07cbb379d002cf7eaec6a2048211fefc/patchy-2.2.10.jar because it was already located earlier
[21:58:44] [main/DEBUG] (net.neoforged.fml.loading.moddiscovery.ModDiscoverer) Skipping /home/satherov/.gradle/caches/modules-2/files-2.1/com.mojang/text2speech/1.17.9/3cad216e3a7f0c19b4b394388bc9ffc446f13b14/text2speech-1.17.9.jar because it was already located earlier
[21:58:44] [main/DEBUG] (net.neoforged.fml.loading.moddiscovery.ModDiscoverer) Skipping /home/satherov/.gradle/caches/modules-2/files-2.1/commons-codec/commons-codec/1.16.0/4e3eb3d79888d76b54e28b350915b5dc3919c9de/commons-codec-1.16.0.jar because it was already located earlier
[21:58:44] [main/DEBUG] (net.neoforged.fml.loading.moddiscovery.ModDiscoverer) Skipping /home/satherov/.gradle/caches/modules-2/files-2.1/commons-logging/commons-logging/1.2/4bfc12adfe4842bf07b657f0369c4cb522955686/commons-logging-1.2.jar because it was already located earlier
[21:58:44] [main/DEBUG] (net.neoforged.fml.loading.moddiscovery.ModDiscoverer) Skipping /home/satherov/.gradle/caches/modules-2/files-2.1/io.netty/netty-buffer/4.1.97.Final/f8f3d8644afa5e6e1a40a3a6aeb9d9aa970ecb4f/netty-buffer-4.1.97.Final.jar because it was already located earlier
[21:58:44] [main/DEBUG] (net.neoforged.fml.loading.moddiscovery.ModDiscoverer) Skipping /home/satherov/.gradle/caches/modules-2/files-2.1/io.netty/netty-codec/4.1.97.Final/384ba4d75670befbedb45c4d3b497a93639c206d/netty-codec-4.1.97.Final.jar because it was already located earlier
[21:58:44] [main/DEBUG] (net.neoforged.fml.loading.moddiscovery.ModDiscoverer) Skipping /home/satherov/.gradle/caches/modules-2/files-2.1/io.netty/netty-common/4.1.97.Final/7cceacaf11df8dc63f23d0fb58e9d4640fc88404/netty-common-4.1.97.Final.jar because it was already located earlier
[21:58:44] [main/DEBUG] (net.neoforged.fml.loading.moddiscovery.ModDiscoverer) Skipping /home/satherov/.gradle/caches/modules-2/files-2.1/io.netty/netty-handler/4.1.97.Final/abb86c6906bf512bf2b797a41cd7d2e8d3cd7c36/netty-handler-4.1.97.Final.jar because it was already located earlier
[21:58:44] [main/DEBUG] (net.neoforged.fml.loading.moddiscovery.ModDiscoverer) Skipping /home/satherov/.gradle/caches/modules-2/files-2.1/io.netty/netty-resolver/4.1.97.Final/cec8348108dc76c47cf87c669d514be52c922144/netty-resolver-4.1.97.Final.jar because it was already located earlier
[21:58:44] [main/DEBUG] (net.neoforged.fml.loading.moddiscovery.ModDiscoverer) Skipping /home/satherov/.gradle/caches/modules-2/files-2.1/io.netty/netty-transport-classes-epoll/4.1.97.Final/795da37ded759e862457a82d9d92c4d39ce8ecee/netty-transport-classes-epoll-4.1.97.Final.jar because it was already located earlier
[21:58:44] [main/DEBUG] (net.neoforged.fml.loading.moddiscovery.ModDiscoverer) Skipping /home/satherov/.gradle/caches/modules-2/files-2.1/io.netty/netty-transport-native-epoll/4.1.97.Final/5514744c588190ffda076b35a9b8c9f24946a960/netty-transport-native-epoll-4.1.97.Final-linux-aarch_64.jar because it was already located earlier
[21:58:44] [main/DEBUG] (net.neoforged.fml.loading.moddiscovery.ModDiscoverer) Skipping /home/satherov/.gradle/caches/modules-2/files-2.1/io.netty/netty-transport-native-epoll/4.1.97.Final/54188f271e388e7f313aea995e82f58ce2cdb809/netty-transport-native-epoll-4.1.97.Final-linux-x86_64.jar because it was already located earlier
[21:58:44] [main/DEBUG] (net.neoforged.fml.loading.moddiscovery.ModDiscoverer) Skipping /home/satherov/.gradle/caches/modules-2/files-2.1/io.netty/netty-transport-native-unix-common/4.1.97.Final/d469d84265ab70095b01b40886cabdd433b6e664/netty-transport-native-unix-common-4.1.97.Final.jar because it was already located earlier
[21:58:44] [main/DEBUG] (net.neoforged.fml.loading.moddiscovery.ModDiscoverer) Skipping /home/satherov/.gradle/caches/modules-2/files-2.1/io.netty/netty-transport/4.1.97.Final/f37380d23c9bb079bc702910833b2fd532c9abd0/netty-transport-4.1.97.Final.jar because it was already located earlier
[21:58:44] [main/DEBUG] (net.neoforged.fml.loading.moddiscovery.ModDiscoverer) Skipping /home/satherov/.gradle/caches/modules-2/files-2.1/it.unimi.dsi/fastutil/8.5.12/c24946d46824bd528054bface3231d2ecb7e95e8/fastutil-8.5.12.jar because it was already located earlier
[21:58:44] [main/DEBUG] (net.neoforged.fml.loading.moddiscovery.ModDiscoverer) Skipping /home/satherov/.gradle/caches/modules-2/files-2.1/net.java.dev.jna/jna-platform/5.14.0/28934d48aed814f11e4c584da55c49fa7032b31b/jna-platform-5.14.0.jar because it was already located earlier
[21:58:44] [main/DEBUG] (net.neoforged.fml.loading.moddiscovery.ModDiscoverer) Skipping /home/satherov/.gradle/caches/modules-2/files-2.1/net.java.dev.jna/jna/5.14.0/67bf3eaea4f0718cb376a181a629e5f88fa1c9dd/jna-5.14.0.jar because it was already located earlier
[21:58:44] [main/DEBUG] (net.neoforged.fml.loading.moddiscovery.ModDiscoverer) Skipping /home/satherov/.gradle/caches/modules-2/files-2.1/org.apache.commons/commons-compress/1.26.0/659feffdd12280201c8aacb8f7be94f9a883c824/commons-compress-1.26.0.jar because it was already located earlier
[21:58:44] [main/DEBUG] (net.neoforged.fml.loading.moddiscovery.ModDiscoverer) Skipping /home/satherov/.gradle/caches/modules-2/files-2.1/org.apache.httpcomponents/httpclient/4.5.13/e5f6cae5ca7ecaac1ec2827a9e2d65ae2869cada/httpclient-4.5.13.jar because it was already located earlier
[21:58:44] [main/DEBUG] (net.neoforged.fml.loading.moddiscovery.ModDiscoverer) Skipping /home/satherov/.gradle/caches/modules-2/files-2.1/org.apache.httpcomponents/httpcore/4.4.16/51cf043c87253c9f58b539c9f7e44c8894223850/httpcore-4.4.16.jar because it was already located earlier
[21:58:44] [main/DEBUG] (net.neoforged.fml.loading.moddiscovery.ModDiscoverer) Skipping /home/satherov/.gradle/caches/modules-2/files-2.1/org.jcraft/jorbis/0.0.17/8872d22b293e8f5d7d56ff92be966e6dc28ebdc6/jorbis-0.0.17.jar because it was already located earlier
[21:58:44] [main/DEBUG] (net.neoforged.fml.loading.moddiscovery.ModDiscoverer) Skipping /home/satherov/.gradle/caches/modules-2/files-2.1/org.joml/joml/1.10.5/22566d58af70ad3d72308bab63b8339906deb649/joml-1.10.5.jar because it was already located earlier
[21:58:44] [main/DEBUG] (net.neoforged.fml.loading.moddiscovery.ModDiscoverer) Skipping /home/satherov/.gradle/caches/modules-2/files-2.1/org.lwjgl/lwjgl-freetype/3.3.3/a0db6c84a8becc8ca05f9dbfa985edc348a824c7/lwjgl-freetype-3.3.3.jar because it was already located earlier
[21:58:44] [main/DEBUG] (net.neoforged.fml.loading.moddiscovery.ModDiscoverer) Skipping /home/satherov/.gradle/caches/modules-2/files-2.1/org.lwjgl/lwjgl-freetype/3.3.3/149070a5480900347071b7074779531f25a6e3dc/lwjgl-freetype-3.3.3-natives-linux.jar because it was already located earlier
[21:58:44] [main/DEBUG] (net.neoforged.fml.loading.moddiscovery.ModDiscoverer) Skipping /home/satherov/.gradle/caches/modules-2/files-2.1/org.lwjgl/lwjgl-jemalloc/3.3.3/b543467b7ff3c6920539a88ee602d34098628be5/lwjgl-jemalloc-3.3.3.jar because it was already located earlier
[21:58:44] [main/DEBUG] (net.neoforged.fml.loading.moddiscovery.ModDiscoverer) Skipping /home/satherov/.gradle/caches/modules-2/files-2.1/org.lwjgl/lwjgl-jemalloc/3.3.3/4f86728bf449b1dd61251c4e0ac01df1389cb51e/lwjgl-jemalloc-3.3.3-natives-linux.jar because it was already located earlier
[21:58:44] [main/DEBUG] (net.neoforged.fml.loading.moddiscovery.ModDiscoverer) Skipping /home/satherov/.gradle/caches/modules-2/files-2.1/org.lwjgl/lwjgl-openal/3.3.3/daada81ceb5fc0c291fbfdd4433cb8d9423577f2/lwjgl-openal-3.3.3.jar because it was already located earlier
[21:58:44] [main/DEBUG] (net.neoforged.fml.loading.moddiscovery.ModDiscoverer) Skipping /home/satherov/.gradle/caches/modules-2/files-2.1/org.lwjgl/lwjgl-openal/3.3.3/3037360cc4595079bea240af250b6d1a527e0905/lwjgl-openal-3.3.3-natives-linux.jar because it was already located earlier
[21:58:44] [main/DEBUG] (net.neoforged.fml.loading.moddiscovery.ModDiscoverer) Skipping /home/satherov/.gradle/caches/modules-2/files-2.1/org.lz4/lz4-java/1.8.0/4b986a99445e49ea5fbf5d149c4b63f6ed6c6780/lz4-java-1.8.0.jar because it was already located earlier
[21:58:44] [main/DEBUG] (net.neoforged.fml.loading.moddiscovery.ModDiscoverer) Locator userdev mods and services found 12 mods, 0 warnings, 0 errors and skipped 87 candidates
[21:58:44] [main/DEBUG] (net.neoforged.fml.loading.UniqueModListBuilder) Found 2 mods for first modid architectury, selecting most recent based on version data
[21:58:44] [main/DEBUG] (net.neoforged.fml.loading.UniqueModListBuilder) Selected file architectury-neoforge-13.0.8.jar for modid architectury with version 13.0.8
[21:58:44] [main/DEBUG] (net.neoforged.fml.loading.UniqueModListBuilder) Found 2 mods for first modid neoforge, selecting most recent based on version data
[21:58:44] [main/DEBUG] (net.neoforged.fml.loading.UniqueModListBuilder) Selected file neoforge-21.1.209-minecraft-merged-1.21.1-loom.mappings.1_21_1.layered+hash.40359-v2-neoforge-21.1.209.jar for modid neoforge with version 21.1.209
[21:58:44] [main/DEBUG] (net.neoforged.fml.loading.moddiscovery.ModDiscoverer) Successfully Loaded 12 mods. Attempting to load dependencies...
[21:58:44] [main/DEBUG] (net.neoforged.fml.loading.moddiscovery.ModDiscoverer) Trying locator jarinjar
[21:58:44] [main/DEBUG] (net.neoforged.fml.loading.moddiscovery.readers.JarModsDotTomlModFileReader) Found META-INF/MANIFEST.MF mod of type GAMELIBRARY: 
[21:58:44] [main/DEBUG] (net.neoforged.fml.loading.moddiscovery.readers.JarModsDotTomlModFileReader) Found META-INF/MANIFEST.MF mod of type LIBRARY: 
[21:58:44] [main/DEBUG] (net.neoforged.fml.loading.moddiscovery.readers.JarModsDotTomlModFileReader) Found META-INF/MANIFEST.MF mod of type LIBRARY: 
[21:58:44] [main/DEBUG] (net.neoforged.fml.loading.moddiscovery.readers.JarModsDotTomlModFileReader) Found META-INF/MANIFEST.MF mod of type GAMELIBRARY: 
[21:58:44] [main/WARN] (net.neoforged.jarjar.selection.JarSelector) Attempted to select a dependency jar for JarJar which was passed in as source: library:mixinextras.neoforge. Using Mod File: /home/satherov/.gradle/caches/modules-2/files-2.1/io.github.llamalad7/mixinextras-neoforge/0.5.0/d734b83ce6542bb70ea31755c1595b88992dbe65/mixinextras-neoforge-0.5.0.jar
[21:58:44] [main/INFO] (net.neoforged.fml.loading.moddiscovery.locators.JarInJarDependencyLocator) Found 1 dependencies adding them to mods collection
[21:58:44] [main/INFO] (net.neoforged.fml.loading.moddiscovery.ModDiscoverer) Found library file "net.neoforged.neoforge-coremods-21.1.209.jar" [parent: neoforge-21.1.209-minecraft-merged-1.21.1-loom.mappings.1_21_1.layered+hash.40359-v2-neoforge-21.1.209.jar, locator: jarinjar, reader: mod manifest]
[21:58:44] [main/INFO] (net.neoforged.fml.loading.moddiscovery.ModDiscoverer) 
     Mod List:
		Name Version (Mod Id)

		Architectury 13.0.8 (architectury)
		EMI 1.1.22+1.21.1+neoforge (emi)
		FTB Chunks 2101.1.11 (ftbchunks)
		FTB Chunks x Xaero's Map Compat 1.0.0 (ftbxaerocompat)
		FTB Library 2101.1.21 (ftblibrary)
		FTB Teams 2101.1.4 (ftbteams)
		generated_192f02b 1 (generated_192f02b)
		Minecraft 1.21.1 (minecraft)
		NeoForge 21.1.209 (neoforge)
		Xaero's Minimap 25.2.10 (xaerominimap)
		Xaero's World Map 1.39.12 (xaeroworldmap)
[21:58:44] [main/DEBUG] (net.neoforged.fml.loading.moddiscovery.ModFileInfo) Found valid mod file neoforge-21.1.209-minecraft-merged-1.21.1-loom.mappings.1_21_1.layered+hash.40359-v2-neoforge-21.1.209.jar with {minecraft} mods - versions {1.21.1}
[21:58:44] [main/DEBUG] (net.neoforged.fml.loading.moddiscovery.ModFile) Loading mod file /home/satherov/.gradle/caches/fabric-loom/minecraftMaven/net/minecraft/neoforge-21.1.209-minecraft-merged/1.21.1-loom.mappings.1_21_1.layered+hash.40359-v2-neoforge-21.1.209/neoforge-21.1.209-minecraft-merged-1.21.1-loom.mappings.1_21_1.layered+hash.40359-v2-neoforge-21.1.209.jar with languages [LanguageSpec[languageName=minecraft, acceptedVersions=1]]
[21:58:44] [main/DEBUG] (net.neoforged.fml.loading.moddiscovery.ModFileParser) Considering mod file candidate /home/satherov/.gradle/caches/modules-2/files-2.1/dev.emi/emi-neoforge/1.1.22+1.21.1/cbbd038194cd63249db185c53b1d50a1767f80a3/emi-neoforge-1.1.22+1.21.1.jar
[21:58:44] [main/DEBUG] (net.neoforged.fml.loading.moddiscovery.ModFileInfo) Found valid mod file emi-neoforge-1.1.22+1.21.1.jar with {emi} mods - versions {1.1.22+1.21.1+neoforge}
[21:58:44] [main/DEBUG] (net.neoforged.fml.loading.moddiscovery.ModFile) Loading mod file /home/satherov/.gradle/caches/modules-2/files-2.1/dev.emi/emi-neoforge/1.1.22+1.21.1/cbbd038194cd63249db185c53b1d50a1767f80a3/emi-neoforge-1.1.22+1.21.1.jar with languages [LanguageSpec[languageName=javafml, acceptedVersions=[1,)]]
[21:58:44] [main/DEBUG] (net.neoforged.fml.loading.moddiscovery.ModFile) Found mixin config MixinConfig[config=emi.mixins.json, requiredMods=[]]
[21:58:44] [main/DEBUG] (net.neoforged.fml.loading.moddiscovery.ModFile) Found mixin config MixinConfig[config=emi-neoforge.mixins.json, requiredMods=[]]
[21:58:44] [main/DEBUG] (net.neoforged.fml.loading.moddiscovery.ModFileParser) Considering mod file candidate /tmp/4405950214449887839.jar
[21:58:44] [main/DEBUG] (net.neoforged.fml.loading.moddiscovery.ModFileInfo) Found valid mod file 4405950214449887839.jar with {generated_192f02b} mods - versions {1}
[21:58:44] [main/DEBUG] (net.neoforged.fml.loading.moddiscovery.ModFile) Loading mod file /tmp/4405950214449887839.jar with languages [LanguageSpec[languageName=javafml, acceptedVersions=[1,)]]
[21:58:44] [main/DEBUG] (net.neoforged.fml.loading.moddiscovery.ModFileParser) Considering mod file candidate /home/satherov/.gradle/caches/modules-2/files-2.1/dev.ftb.mods/ftb-chunks-neoforge/2101.1.11/32fb81b6315d4b660f3489a458a2a8ddaf1d5604/ftb-chunks-neoforge-2101.1.11.jar
[21:58:44] [main/DEBUG] (net.neoforged.fml.loading.moddiscovery.ModFileInfo) Found valid mod file ftb-chunks-neoforge-2101.1.11.jar with {ftbchunks} mods - versions {2101.1.11}
[21:58:44] [main/DEBUG] (net.neoforged.fml.loading.moddiscovery.ModFile) Loading mod file /home/satherov/.gradle/caches/modules-2/files-2.1/dev.ftb.mods/ftb-chunks-neoforge/2101.1.11/32fb81b6315d4b660f3489a458a2a8ddaf1d5604/ftb-chunks-neoforge-2101.1.11.jar with languages [LanguageSpec[languageName=javafml, acceptedVersions=[4,)]]
[21:58:44] [main/DEBUG] (net.neoforged.fml.loading.moddiscovery.ModFile) Found mixin config MixinConfig[config=ftbchunks-common.mixins.json, requiredMods=[]]
[21:58:44] [main/DEBUG] (net.neoforged.fml.loading.moddiscovery.ModFileParser) Considering mod file candidate /home/satherov/.gradle/caches/modules-2/files-2.1/dev.ftb.mods/ftb-teams-neoforge/2101.1.4/a25e05078525e0a2956ba7e94ce84d4ebf17e931/ftb-teams-neoforge-2101.1.4.jar
[21:58:44] [main/DEBUG] (net.neoforged.fml.loading.moddiscovery.ModFileInfo) Found valid mod file ftb-teams-neoforge-2101.1.4.jar with {ftbteams} mods - versions {2101.1.4}
[21:58:44] [main/DEBUG] (net.neoforged.fml.loading.moddiscovery.ModFile) Loading mod file /home/satherov/.gradle/caches/modules-2/files-2.1/dev.ftb.mods/ftb-teams-neoforge/2101.1.4/a25e05078525e0a2956ba7e94ce84d4ebf17e931/ftb-teams-neoforge-2101.1.4.jar with languages [LanguageSpec[languageName=javafml, acceptedVersions=[4,)]]
[21:58:44] [main/DEBUG] (net.neoforged.fml.loading.moddiscovery.ModFileParser) Considering mod file candidate /home/satherov/.gradle/caches/modules-2/files-2.1/dev.ftb.mods/ftb-library-neoforge/2101.1.21/4142876300fd6e6106d1b74a1457c899f43b7930/ftb-library-neoforge-2101.1.21.jar
[21:58:44] [main/DEBUG] (net.neoforged.fml.loading.moddiscovery.ModFileInfo) Found valid mod file ftb-library-neoforge-2101.1.21.jar with {ftblibrary} mods - versions {2101.1.21}
[21:58:44] [main/DEBUG] (net.neoforged.fml.loading.moddiscovery.ModFile) Loading mod file /home/satherov/.gradle/caches/modules-2/files-2.1/dev.ftb.mods/ftb-library-neoforge/2101.1.21/4142876300fd6e6106d1b74a1457c899f43b7930/ftb-library-neoforge-2101.1.21.jar with languages [LanguageSpec[languageName=javafml, acceptedVersions=[4,)]]
[21:58:44] [main/DEBUG] (net.neoforged.fml.loading.moddiscovery.ModFile) Found mixin config MixinConfig[config=ftblibrary-common.mixins.json, requiredMods=[]]
[21:58:44] [main/DEBUG] (net.neoforged.fml.loading.moddiscovery.ModFileParser) Considering mod file candidate /data/ssd1/intelliJ/ftbxaerocompat/neoforge/build/resources/main
[21:58:44] [main/DEBUG] (net.neoforged.fml.loading.moddiscovery.ModFileInfo) Found valid mod file main with {ftbxaerocompat} mods - versions {1.0.0}
[21:58:44] [main/DEBUG] (net.neoforged.fml.loading.moddiscovery.ModFile) Loading mod file /data/ssd1/intelliJ/ftbxaerocompat/neoforge/build/resources/main with languages [LanguageSpec[languageName=javafml, acceptedVersions=[4,)]]
[21:58:44] [main/DEBUG] (net.neoforged.fml.loading.moddiscovery.ModFile) Found mixin config MixinConfig[config=ftbxaerocompat.mixins.json, requiredMods=[]]
[21:58:44] [main/DEBUG] (net.neoforged.fml.loading.moddiscovery.ModFileParser) Considering mod file candidate /home/satherov/.gradle/caches/modules-2/files-2.1/curse.maven/xaeros-minimap-263420/6778051/c671bd1d33e551c74f0157c9678549e566c5368e/xaeros-minimap-263420-6778051.jar
[21:58:44] [main/DEBUG] (net.neoforged.fml.loading.moddiscovery.ModFileInfo) Found valid mod file xaeros-minimap-263420-6778051.jar with {xaerominimap} mods - versions {25.2.10}
[21:58:44] [main/DEBUG] (net.neoforged.fml.loading.moddiscovery.ModFile) Loading mod file /home/satherov/.gradle/caches/modules-2/files-2.1/curse.maven/xaeros-minimap-263420/6778051/c671bd1d33e551c74f0157c9678549e566c5368e/xaeros-minimap-263420-6778051.jar with languages [LanguageSpec[languageName=javafml, acceptedVersions=[4,)]]
[21:58:44] [main/DEBUG] (net.neoforged.fml.loading.moddiscovery.ModFileParser) Found coremod xaerohud_core with Javascript path META-INF/xaerohud_core.js
[21:58:44] [main/DEBUG] (net.neoforged.fml.loading.moddiscovery.ModFileParser) Found coremod xaerohud_platform_core with Javascript path META-INF/xaerohud_platform_core.js
[21:58:44] [main/DEBUG] (net.neoforged.fml.loading.moddiscovery.ModFile) Found mixin config MixinConfig[config=xaerohud.mixins.json, requiredMods=[]]
[21:58:44] [main/DEBUG] (net.neoforged.fml.loading.moddiscovery.ModFile) Found mixin config MixinConfig[config=xaerohud.neoforge.mixins.json, requiredMods=[]]
[21:58:44] [main/DEBUG] (net.neoforged.fml.loading.moddiscovery.ModFile) Found mixin config MixinConfig[config=xaerominimap.mixins.json, requiredMods=[]]
[21:58:44] [main/DEBUG] (net.neoforged.fml.loading.moddiscovery.ModFile) Found mixin config MixinConfig[config=xaerominimap.neoforge.mixins.json, requiredMods=[]]
[21:58:44] [main/DEBUG] (net.neoforged.fml.loading.moddiscovery.ModFileParser) Considering mod file candidate /home/satherov/.gradle/caches/modules-2/files-2.1/dev.architectury/architectury-neoforge/13.0.8/6544bdc09e6d291e1307230fc0b7289601e164fa/architectury-neoforge-13.0.8.jar
[21:58:44] [main/DEBUG] (net.neoforged.fml.loading.moddiscovery.ModFileInfo) Found valid mod file architectury-neoforge-13.0.8.jar with {architectury} mods - versions {13.0.8}
[21:58:44] [main/DEBUG] (net.neoforged.fml.loading.moddiscovery.ModFile) Loading mod file /home/satherov/.gradle/caches/modules-2/files-2.1/dev.architectury/architectury-neoforge/13.0.8/6544bdc09e6d291e1307230fc0b7289601e164fa/architectury-neoforge-13.0.8.jar with languages [LanguageSpec[languageName=javafml, acceptedVersions=[1,)]]
[21:58:44] [main/DEBUG] (net.neoforged.fml.loading.moddiscovery.ModFile) Found mixin config MixinConfig[config=architectury.mixins.json, requiredMods=[]]
[21:58:44] [main/DEBUG] (net.neoforged.fml.loading.moddiscovery.ModFile) Found mixin config MixinConfig[config=architectury-common.mixins.json, requiredMods=[]]
[21:58:44] [main/DEBUG] (net.neoforged.fml.loading.moddiscovery.ModFileParser) Considering mod file candidate /home/satherov/.gradle/caches/fabric-loom/minecraftMaven/net/minecraft/neoforge-21.1.209-minecraft-merged/1.21.1-loom.mappings.1_21_1.layered+hash.40359-v2-neoforge-21.1.209/neoforge-21.1.209-minecraft-merged-1.21.1-loom.mappings.1_21_1.layered+hash.40359-v2-neoforge-21.1.209.jar
[21:58:44] [main/DEBUG] (net.neoforged.fml.loading.moddiscovery.ModFileInfo) Found valid mod file neoforge-21.1.209-minecraft-merged-1.21.1-loom.mappings.1_21_1.layered+hash.40359-v2-neoforge-21.1.209.jar with {neoforge} mods - versions {21.1.209}
[21:58:44] [main/DEBUG] (net.neoforged.fml.loading.moddiscovery.ModFile) Loading mod file /home/satherov/.gradle/caches/fabric-loom/minecraftMaven/net/minecraft/neoforge-21.1.209-minecraft-merged/1.21.1-loom.mappings.1_21_1.layered+hash.40359-v2-neoforge-21.1.209/neoforge-21.1.209-minecraft-merged-1.21.1-loom.mappings.1_21_1.layered+hash.40359-v2-neoforge-21.1.209.jar with languages [LanguageSpec[languageName=javafml, acceptedVersions=[3,]]]
[21:58:44] [main/DEBUG] (net.neoforged.fml.loading.moddiscovery.ModFile) Found mixin config MixinConfig[config=neoforge.mixins.json, requiredMods=[]]
[21:58:44] [main/DEBUG] (net.neoforged.fml.loading.moddiscovery.ModFileParser) Considering mod file candidate /home/satherov/.gradle/caches/modules-2/files-2.1/curse.maven/xaeros-world-map-317780/6778114/afae070bb33f28696336e804333544f819d9a88c/xaeros-world-map-317780-6778114.jar
[21:58:44] [main/DEBUG] (net.neoforged.fml.loading.moddiscovery.ModFileInfo) Found valid mod file xaeros-world-map-317780-6778114.jar with {xaeroworldmap} mods - versions {1.39.12}
[21:58:44] [main/DEBUG] (net.neoforged.fml.loading.moddiscovery.ModFile) Loading mod file /home/satherov/.gradle/caches/modules-2/files-2.1/curse.maven/xaeros-world-map-317780/6778114/afae070bb33f28696336e804333544f819d9a88c/xaeros-world-map-317780-6778114.jar with languages [LanguageSpec[languageName=javafml, acceptedVersions=[4,)]]
[21:58:44] [main/DEBUG] (net.neoforged.fml.loading.moddiscovery.ModFileParser) Found coremod xaeroworldmap_core with Javascript path META-INF/xaeroworldmap_core.js
[21:58:44] [main/DEBUG] (net.neoforged.fml.loading.moddiscovery.ModFileParser) Found coremod xaeroworldmap_platform_core with Javascript path META-INF/xaeroworldmap_platform_core.js
[21:58:44] [main/DEBUG] (net.neoforged.fml.loading.moddiscovery.ModFile) Found mixin config MixinConfig[config=xaeroworldmap.mixins.json, requiredMods=[]]
[21:58:44] [main/DEBUG] (net.neoforged.fml.loading.moddiscovery.ModFile) Found mixin config MixinConfig[config=xaeroworldmap.neoforge.mixins.json, requiredMods=[]]
[21:58:44] [main/DEBUG] (net.neoforged.fml.loading.moddiscovery.ModFile) Loading mod file /home/satherov/.gradle/caches/modules-2/files-2.1/io.github.llamalad7/mixinextras-neoforge/0.5.0/d734b83ce6542bb70ea31755c1595b88992dbe65/mixinextras-neoforge-0.5.0.jar with languages []
[21:58:44] [main/DEBUG] (net.neoforged.fml.loading.moddiscovery.ModValidator) Found 12 mod files with 11 mods
[21:58:44] [main/DEBUG] (cpw.mods.modlauncher.TransformationServiceDecorator) End scan trigger - transformation service fml
[21:58:44] [main/DEBUG] (net.neoforged.fml.util.ServiceLoaderUtil) Found 3 implementations of IModLanguageLoader:
[21:58:44] [main/DEBUG] (net.neoforged.fml.util.ServiceLoaderUtil) 	net.neoforged.fml.javafmlmod.FMLJavaModLanguageProvider from loader-4.0.41.jar
[21:58:44] [main/DEBUG] (net.neoforged.fml.util.ServiceLoaderUtil) 	net.neoforged.fml.lowcodemod.LowCodeModLanguageProvider from loader-4.0.41.jar
[21:58:44] [main/DEBUG] (net.neoforged.fml.util.ServiceLoaderUtil) 	net.neoforged.fml.mclanguageprovider.MinecraftModLanguageProvider from loader-4.0.41.jar
[21:58:44] [main/DEBUG] (net.neoforged.fml.loading.LanguageProviderLoader) Found language provider javafml, version 4.0.41
[21:58:44] [main/DEBUG] (net.neoforged.fml.loading.LanguageProviderLoader) Found language provider lowcodefml, version 4.0.41
[21:58:44] [main/DEBUG] (net.neoforged.fml.loading.LanguageProviderLoader) Found language provider minecraft, version 4.0.41
[21:58:44] [main/DEBUG] (net.neoforged.fml.loading.ModSorter) Configured system mods: [minecraft, neoforge]
[21:58:44] [main/DEBUG] (net.neoforged.fml.loading.ModSorter) Found system mod: minecraft
[21:58:44] [main/DEBUG] (net.neoforged.fml.loading.ModSorter) Found system mod: neoforge
[21:58:44] [main/DEBUG] (net.neoforged.fml.loading.ModSorter) Found 24 mod requirements (22 mandatory, 2 optional)
[21:58:44] [main/DEBUG] (net.neoforged.fml.loading.ModSorter) Found 0 mod requirements missing (0 mandatory, 0 optional)
[21:58:44] [main/DEBUG] (net.neoforged.fml.loading.FMLLoader) Adding Access Transformer in /home/satherov/.gradle/caches/modules-2/files-2.1/dev.emi/emi-neoforge/1.1.22+1.21.1/cbbd038194cd63249db185c53b1d50a1767f80a3/emi-neoforge-1.1.22+1.21.1.jar
[21:58:44] [main/DEBUG] (AXFORM) Loading access transformer accesstransformer.cfg
[21:58:44] [main/DEBUG] (AXFORM) Loaded access transformer accesstransformer.cfg
[21:58:44] [main/DEBUG] (net.neoforged.fml.loading.FMLLoader) Adding Access Transformer in /home/satherov/.gradle/caches/modules-2/files-2.1/dev.architectury/architectury-neoforge/13.0.8/6544bdc09e6d291e1307230fc0b7289601e164fa/architectury-neoforge-13.0.8.jar
[21:58:44] [main/DEBUG] (AXFORM) Loading access transformer accesstransformer.cfg
[21:58:44] [main/DEBUG] (AXFORM) Loaded access transformer accesstransformer.cfg
[21:58:44] [main/DEBUG] (net.neoforged.fml.loading.FMLLoader) Adding Access Transformer in /home/satherov/.gradle/caches/modules-2/files-2.1/dev.ftb.mods/ftb-library-neoforge/2101.1.21/4142876300fd6e6106d1b74a1457c899f43b7930/ftb-library-neoforge-2101.1.21.jar
[21:58:44] [main/DEBUG] (AXFORM) Loading access transformer accesstransformer.cfg
[21:58:44] [main/DEBUG] (AXFORM) Loaded access transformer accesstransformer.cfg
[21:58:44] [main/DEBUG] (net.neoforged.fml.loading.FMLLoader) Adding Access Transformer in /home/satherov/.gradle/caches/modules-2/files-2.1/dev.ftb.mods/ftb-chunks-neoforge/2101.1.11/32fb81b6315d4b660f3489a458a2a8ddaf1d5604/ftb-chunks-neoforge-2101.1.11.jar
[21:58:44] [main/DEBUG] (AXFORM) Loading access transformer accesstransformer.cfg
[21:58:44] [main/DEBUG] (AXFORM) Loaded access transformer accesstransformer.cfg
[21:58:44] [main/DEBUG] (net.neoforged.fml.loading.FMLLoader) Adding Access Transformer in /home/satherov/.gradle/caches/fabric-loom/minecraftMaven/net/minecraft/neoforge-21.1.209-minecraft-merged/1.21.1-loom.mappings.1_21_1.layered+hash.40359-v2-neoforge-21.1.209/neoforge-21.1.209-minecraft-merged-1.21.1-loom.mappings.1_21_1.layered+hash.40359-v2-neoforge-21.1.209.jar
[21:58:44] [main/DEBUG] (AXFORM) Loading access transformer accesstransformer.cfg
[21:58:44] [main/DEBUG] (AXFORM) Loaded access transformer accesstransformer.cfg
[21:58:44] [main/DEBUG] (mixin) Adding mixin platform agents for container net.neoforged.fml.loading.mixin.FMLMixinContainerHandle@64dd94ed
[21:58:44] [main/DEBUG] (mixin) Instancing new MixinPlatformAgentMinecraftForge for net.neoforged.fml.loading.mixin.FMLMixinContainerHandle@64dd94ed
[21:58:44] [main/DEBUG] (mixin) MixinPlatformAgentMinecraftForge rejected container net.neoforged.fml.loading.mixin.FMLMixinContainerHandle@64dd94ed
[21:58:44] [main/DEBUG] (mixin) Instancing new MixinPlatformAgentDefault for net.neoforged.fml.loading.mixin.FMLMixinContainerHandle@64dd94ed
[21:58:44] [main/DEBUG] (mixin) MixinPlatformAgentDefault accepted container net.neoforged.fml.loading.mixin.FMLMixinContainerHandle@64dd94ed
[21:58:44] [main/DEBUG] (mixin) Instancing new FMLMixinPlatformAgent for net.neoforged.fml.loading.mixin.FMLMixinContainerHandle@64dd94ed
[21:58:44] [main/DEBUG] (mixin) FMLMixinPlatformAgent accepted container net.neoforged.fml.loading.mixin.FMLMixinContainerHandle@64dd94ed
[21:58:44] [main/DEBUG] (cpw.mods.modlauncher.TransformationServicesHandler) Transformation services loading transformers
[21:58:44] [main/DEBUG] (cpw.mods.modlauncher.TransformationServiceDecorator) Initializing transformers for transformation service mixin
[21:58:44] [main/DEBUG] (cpw.mods.modlauncher.TransformationServiceDecorator) Initialized transformers for transformation service mixin
[21:58:44] [main/DEBUG] (cpw.mods.modlauncher.TransformationServiceDecorator) Initializing transformers for transformation service fml
[21:58:44] [main/DEBUG] (net.neoforged.fml.loading.FMLServiceProvider) Loading coremod transformers
[21:58:44] [main/INFO] (net.neoforged.fml.loading.FMLServiceProvider) Loading coremod script-engine for [xaerominimap, xaeroworldmap]
[21:58:44] [main/DEBUG] (net.neoforged.fml.loading.CoreModScriptLoader) Loading coremod scripts
[21:58:45] [main/DEBUG] (net.neoforged.coremod.CoreModScriptingEngine) Loading CoreMod from META-INF/xaerohud_core.js
[21:58:45] [main/DEBUG] (net.neoforged.coremod.CoreModScriptingEngine) CoreMod loaded successfully
[21:58:45] [main/DEBUG] (net.neoforged.coremod.CoreModScriptingEngine) Loading CoreMod from META-INF/xaerohud_platform_core.js
[21:58:45] [main/DEBUG] (net.neoforged.coremod.CoreModScriptingEngine) CoreMod loaded successfully
[21:58:45] [main/DEBUG] (net.neoforged.coremod.CoreModScriptingEngine) Loading CoreMod from META-INF/xaeroworldmap_core.js
[21:58:45] [main/DEBUG] (net.neoforged.coremod.CoreModScriptingEngine) CoreMod loaded successfully
[21:58:45] [main/DEBUG] (net.neoforged.coremod.CoreModScriptingEngine) Loading CoreMod from META-INF/xaeroworldmap_platform_core.js
[21:58:45] [main/DEBUG] (net.neoforged.coremod.CoreModScriptingEngine) CoreMod loaded successfully
[21:58:45] [main/DEBUG] (net.neoforged.fml.util.ServiceLoaderUtil) Found 1 implementations of ICoreMod:
[21:58:45] [main/DEBUG] (net.neoforged.fml.util.ServiceLoaderUtil) 	net.neoforged.neoforge.coremods.NeoForgeCoreMod from neoforge-21.1.209-minecraft-merged-1.21.1-loom.mappings.1_21_1.layered+hash.40359-v2-neoforge-21.1.209.jar > net.neoforged.neoforge-coremods-21.1.209.jar
[21:58:45] [main/DEBUG] (net.neoforged.fml.loading.FMLServiceProvider) Adding [Target[className=net.minecraft.world.level.biome.Biome, elementName=, elementDescriptor=, targetType=cpw.mods.modlauncher.api.TargetType@35ec9d29]] transformer from core-mod net.neoforged.neoforge.coremods.NeoForgeCoreMod@31e90355 in neoforge-21.1.209-minecraft-merged-1.21.1-loom.mappings.1_21_1.layered+hash.40359-v2-neoforge-21.1.209.jar > net.neoforged.neoforge-coremods-21.1.209.jar
[21:58:45] [main/DEBUG] (net.neoforged.fml.loading.FMLServiceProvider) Adding [Target[className=net.minecraft.world.level.levelgen.structure.Structure, elementName=, elementDescriptor=, targetType=cpw.mods.modlauncher.api.TargetType@35ec9d29]] transformer from core-mod net.neoforged.neoforge.coremods.NeoForgeCoreMod@31e90355 in neoforge-21.1.209-minecraft-merged-1.21.1-loom.mappings.1_21_1.layered+hash.40359-v2-neoforge-21.1.209.jar > net.neoforged.neoforge-coremods-21.1.209.jar
[21:58:45] [main/DEBUG] (net.neoforged.fml.loading.FMLServiceProvider) Adding [Target[className=net.minecraft.world.level.block.FlowerPotBlock, elementName=, elementDescriptor=, targetType=cpw.mods.modlauncher.api.TargetType@35ec9d29]] transformer from core-mod net.neoforged.neoforge.coremods.NeoForgeCoreMod@31e90355 in neoforge-21.1.209-minecraft-merged-1.21.1-loom.mappings.1_21_1.layered+hash.40359-v2-neoforge-21.1.209.jar > net.neoforged.neoforge-coremods-21.1.209.jar
[21:58:45] [main/DEBUG] (net.neoforged.fml.loading.FMLServiceProvider) Adding [Target[className=net/minecraft/world/level/NaturalSpawner, elementName=, elementDescriptor=, targetType=cpw.mods.modlauncher.api.TargetType@35ec9d29], Target[className=net/minecraft/world/entity/ai/village/VillageSiege, elementName=, elementDescriptor=, targetType=cpw.mods.modlauncher.api.TargetType@35ec9d29], Target[className=net/minecraft/world/level/levelgen/structure/structures/WoodlandMansionPieces$WoodlandMansionPiece, elementName=, elementDescriptor=, targetType=cpw.mods.modlauncher.api.TargetType@35ec9d29], Target[className=net/minecraft/world/entity/npc/CatSpawner, elementName=, elementDescriptor=, targetType=cpw.mods.modlauncher.api.TargetType@35ec9d29], Target[className=net/minecraft/world/level/levelgen/PhantomSpawner, elementName=, elementDescriptor=, targetType=cpw.mods.modlauncher.api.TargetType@35ec9d29], Target[className=net/minecraft/server/commands/SummonCommand, elementName=, elementDescriptor=, targetType=cpw.mods.modlauncher.api.TargetType@35ec9d29], Target[className=net/minecraft/server/commands/RaidCommand, elementName=, elementDescriptor=, targetType=cpw.mods.modlauncher.api.TargetType@35ec9d29], Target[className=net/minecraft/world/level/levelgen/structure/structures/OceanRuinPieces$OceanRuinPiece, elementName=, elementDescriptor=, targetType=cpw.mods.modlauncher.api.TargetType@35ec9d29], Target[className=net/minecraft/world/level/levelgen/structure/templatesystem/StructureTemplate, elementName=, elementDescriptor=, targetType=cpw.mods.modlauncher.api.TargetType@35ec9d29], Target[className=net/minecraft/world/level/levelgen/PatrolSpawner, elementName=, elementDescriptor=, targetType=cpw.mods.modlauncher.api.TargetType@35ec9d29], Target[className=net/minecraft/world/entity/raid/Raid, elementName=, elementDescriptor=, targetType=cpw.mods.modlauncher.api.TargetType@35ec9d29], Target[className=net/minecraft/world/entity/monster/Evoker$EvokerSummonSpellGoal, elementName=, elementDescriptor=, targetType=cpw.mods.modlauncher.api.TargetType@35ec9d29], Target[className=net/minecraft/world/entity/monster/Strider, elementName=, elementDescriptor=, targetType=cpw.mods.modlauncher.api.TargetType@35ec9d29], Target[className=net/minecraft/world/level/levelgen/structure/structures/SwampHutPiece, elementName=, elementDescriptor=, targetType=cpw.mods.modlauncher.api.TargetType@35ec9d29], Target[className=net/minecraft/world/entity/EntityType, elementName=, elementDescriptor=, targetType=cpw.mods.modlauncher.api.TargetType@35ec9d29], Target[className=net/minecraft/world/entity/npc/Villager, elementName=, elementDescriptor=, targetType=cpw.mods.modlauncher.api.TargetType@35ec9d29], Target[className=net/minecraft/world/entity/animal/frog/Tadpole, elementName=, elementDescriptor=, targetType=cpw.mods.modlauncher.api.TargetType@35ec9d29], Target[className=net/minecraft/world/entity/animal/horse/SkeletonTrapGoal, elementName=, elementDescriptor=, targetType=cpw.mods.modlauncher.api.TargetType@35ec9d29], Target[className=net/minecraft/world/entity/monster/Zombie, elementName=, elementDescriptor=, targetType=cpw.mods.modlauncher.api.TargetType@35ec9d29], Target[className=net/minecraft/world/entity/monster/ZombieVillager, elementName=, elementDescriptor=, targetType=cpw.mods.modlauncher.api.TargetType@35ec9d29], Target[className=net/minecraft/world/level/levelgen/structure/structures/OceanMonumentPieces$OceanMonumentPiece, elementName=, elementDescriptor=, targetType=cpw.mods.modlauncher.api.TargetType@35ec9d29], Target[className=net/minecraft/world/entity/monster/Spider, elementName=, elementDescriptor=, targetType=cpw.mods.modlauncher.api.TargetType@35ec9d29]] transformer from core-mod net.neoforged.neoforge.coremods.NeoForgeCoreMod@31e90355 in neoforge-21.1.209-minecraft-merged-1.21.1-loom.mappings.1_21_1.layered+hash.40359-v2-neoforge-21.1.209.jar > net.neoforged.neoforge-coremods-21.1.209.jar
[21:58:45] [main/DEBUG] (cpw.mods.modlauncher.TransformStore) Adding transformer net.neoforged.neoforge.coremods.ReplaceFieldWithGetterAccess@7431f4b8 to Target : cpw.mods.modlauncher.api.TargetType@35ec9d29 {Lnet/minecraft/world/level/biome/Biome;} {} {V}
[21:58:45] [main/DEBUG] (cpw.mods.modlauncher.TransformStore) Adding transformer net.neoforged.neoforge.coremods.ReplaceFieldWithGetterAccess@57a815a to Target : cpw.mods.modlauncher.api.TargetType@35ec9d29 {Lnet/minecraft/world/level/levelgen/structure/Structure;} {} {V}
[21:58:45] [main/DEBUG] (cpw.mods.modlauncher.TransformStore) Adding transformer net.neoforged.neoforge.coremods.ReplaceFieldWithGetterAccess@5264e41d to Target : cpw.mods.modlauncher.api.TargetType@35ec9d29 {Lnet/minecraft/world/level/block/FlowerPotBlock;} {} {V}
[21:58:45] [main/DEBUG] (cpw.mods.modlauncher.TransformStore) Adding transformer net.neoforged.neoforge.coremods.MethodRedirector@3bca62d to Target : cpw.mods.modlauncher.api.TargetType@35ec9d29 {Lnet/minecraft/world/level/NaturalSpawner;} {} {V}
[21:58:45] [main/DEBUG] (cpw.mods.modlauncher.TransformStore) Adding transformer net.neoforged.neoforge.coremods.MethodRedirector@3bca62d to Target : cpw.mods.modlauncher.api.TargetType@35ec9d29 {Lnet/minecraft/world/entity/ai/village/VillageSiege;} {} {V}
[21:58:45] [main/DEBUG] (cpw.mods.modlauncher.TransformStore) Adding transformer net.neoforged.neoforge.coremods.MethodRedirector@3bca62d to Target : cpw.mods.modlauncher.api.TargetType@35ec9d29 {Lnet/minecraft/world/level/levelgen/structure/structures/WoodlandMansionPieces$WoodlandMansionPiece;} {} {V}
[21:58:45] [main/DEBUG] (cpw.mods.modlauncher.TransformStore) Adding transformer net.neoforged.neoforge.coremods.MethodRedirector@3bca62d to Target : cpw.mods.modlauncher.api.TargetType@35ec9d29 {Lnet/minecraft/world/entity/npc/CatSpawner;} {} {V}
[21:58:45] [main/DEBUG] (cpw.mods.modlauncher.TransformStore) Adding transformer net.neoforged.neoforge.coremods.MethodRedirector@3bca62d to Target : cpw.mods.modlauncher.api.TargetType@35ec9d29 {Lnet/minecraft/world/level/levelgen/PhantomSpawner;} {} {V}
[21:58:45] [main/DEBUG] (cpw.mods.modlauncher.TransformStore) Adding transformer net.neoforged.neoforge.coremods.MethodRedirector@3bca62d to Target : cpw.mods.modlauncher.api.TargetType@35ec9d29 {Lnet/minecraft/server/commands/SummonCommand;} {} {V}
[21:58:45] [main/DEBUG] (cpw.mods.modlauncher.TransformStore) Adding transformer net.neoforged.neoforge.coremods.MethodRedirector@3bca62d to Target : cpw.mods.modlauncher.api.TargetType@35ec9d29 {Lnet/minecraft/server/commands/RaidCommand;} {} {V}
[21:58:45] [main/DEBUG] (cpw.mods.modlauncher.TransformStore) Adding transformer net.neoforged.neoforge.coremods.MethodRedirector@3bca62d to Target : cpw.mods.modlauncher.api.TargetType@35ec9d29 {Lnet/minecraft/world/level/levelgen/structure/structures/OceanRuinPieces$OceanRuinPiece;} {} {V}
[21:58:45] [main/DEBUG] (cpw.mods.modlauncher.TransformStore) Adding transformer net.neoforged.neoforge.coremods.MethodRedirector@3bca62d to Target : cpw.mods.modlauncher.api.TargetType@35ec9d29 {Lnet/minecraft/world/level/levelgen/structure/templatesystem/StructureTemplate;} {} {V}
[21:58:45] [main/DEBUG] (cpw.mods.modlauncher.TransformStore) Adding transformer net.neoforged.neoforge.coremods.MethodRedirector@3bca62d to Target : cpw.mods.modlauncher.api.TargetType@35ec9d29 {Lnet/minecraft/world/level/levelgen/PatrolSpawner;} {} {V}
[21:58:45] [main/DEBUG] (cpw.mods.modlauncher.TransformStore) Adding transformer net.neoforged.neoforge.coremods.MethodRedirector@3bca62d to Target : cpw.mods.modlauncher.api.TargetType@35ec9d29 {Lnet/minecraft/world/entity/raid/Raid;} {} {V}
[21:58:45] [main/DEBUG] (cpw.mods.modlauncher.TransformStore) Adding transformer net.neoforged.neoforge.coremods.MethodRedirector@3bca62d to Target : cpw.mods.modlauncher.api.TargetType@35ec9d29 {Lnet/minecraft/world/entity/monster/Evoker$EvokerSummonSpellGoal;} {} {V}
[21:58:45] [main/DEBUG] (cpw.mods.modlauncher.TransformStore) Adding transformer net.neoforged.neoforge.coremods.MethodRedirector@3bca62d to Target : cpw.mods.modlauncher.api.TargetType@35ec9d29 {Lnet/minecraft/world/entity/monster/Strider;} {} {V}
[21:58:45] [main/DEBUG] (cpw.mods.modlauncher.TransformStore) Adding transformer net.neoforged.neoforge.coremods.MethodRedirector@3bca62d to Target : cpw.mods.modlauncher.api.TargetType@35ec9d29 {Lnet/minecraft/world/level/levelgen/structure/structures/SwampHutPiece;} {} {V}
[21:58:45] [main/DEBUG] (cpw.mods.modlauncher.TransformStore) Adding transformer net.neoforged.neoforge.coremods.MethodRedirector@3bca62d to Target : cpw.mods.modlauncher.api.TargetType@35ec9d29 {Lnet/minecraft/world/entity/EntityType;} {} {V}
[21:58:45] [main/DEBUG] (cpw.mods.modlauncher.TransformStore) Adding transformer net.neoforged.neoforge.coremods.MethodRedirector@3bca62d to Target : cpw.mods.modlauncher.api.TargetType@35ec9d29 {Lnet/minecraft/world/entity/npc/Villager;} {} {V}
[21:58:45] [main/DEBUG] (cpw.mods.modlauncher.TransformStore) Adding transformer net.neoforged.neoforge.coremods.MethodRedirector@3bca62d to Target : cpw.mods.modlauncher.api.TargetType@35ec9d29 {Lnet/minecraft/world/entity/animal/frog/Tadpole;} {} {V}
[21:58:45] [main/DEBUG] (cpw.mods.modlauncher.TransformStore) Adding transformer net.neoforged.neoforge.coremods.MethodRedirector@3bca62d to Target : cpw.mods.modlauncher.api.TargetType@35ec9d29 {Lnet/minecraft/world/entity/animal/horse/SkeletonTrapGoal;} {} {V}
[21:58:45] [main/DEBUG] (cpw.mods.modlauncher.TransformStore) Adding transformer net.neoforged.neoforge.coremods.MethodRedirector@3bca62d to Target : cpw.mods.modlauncher.api.TargetType@35ec9d29 {Lnet/minecraft/world/entity/monster/Zombie;} {} {V}
[21:58:45] [main/DEBUG] (cpw.mods.modlauncher.TransformStore) Adding transformer net.neoforged.neoforge.coremods.MethodRedirector@3bca62d to Target : cpw.mods.modlauncher.api.TargetType@35ec9d29 {Lnet/minecraft/world/entity/monster/ZombieVillager;} {} {V}
[21:58:45] [main/DEBUG] (cpw.mods.modlauncher.TransformStore) Adding transformer net.neoforged.neoforge.coremods.MethodRedirector@3bca62d to Target : cpw.mods.modlauncher.api.TargetType@35ec9d29 {Lnet/minecraft/world/level/levelgen/structure/structures/OceanMonumentPieces$OceanMonumentPiece;} {} {V}
[21:58:45] [main/DEBUG] (cpw.mods.modlauncher.TransformStore) Adding transformer net.neoforged.neoforge.coremods.MethodRedirector@3bca62d to Target : cpw.mods.modlauncher.api.TargetType@35ec9d29 {Lnet/minecraft/world/entity/monster/Spider;} {} {V}
[21:58:45] [main/DEBUG] (cpw.mods.modlauncher.TransformationServiceDecorator) Initialized transformers for transformation service fml
[21:58:45] [main/DEBUG] (mixin) Processing prepare() for PlatformAgent[MixinPlatformAgentDefault:ModLauncher Root Container(ModLauncher:4f56a0a2)]
[21:58:45] [main/DEBUG] (mixin) Processing prepare() for PlatformAgent[MixinPlatformAgentDefault:net.neoforged.fml.loading.mixin.FMLMixinContainerHandle@64dd94ed]
[21:58:45] [main/DEBUG] (mixin) Processing prepare() for PlatformAgent[FMLMixinPlatformAgent:null]
[21:58:45] [main/DEBUG] (mixin) Compatibility level JAVA_17 specified by emi.mixins.json is higher than the maximum level supported by this version of mixin (JAVA_13).
[21:58:45] [main/INFO] (mixin) Compatibility level set to JAVA_17
[21:58:45] [main/DEBUG] (mixin) Compatibility level JAVA_16 specified by architectury.mixins.json is higher than the maximum level supported by this version of mixin (JAVA_13).
[21:58:45] [main/DEBUG] (mixin) Compatibility level JAVA_16 specified by architectury-common.mixins.json is higher than the maximum level supported by this version of mixin (JAVA_13).
[21:58:45] [main/DEBUG] (mixin) Compatibility level JAVA_8 specified by ftblibrary-common.mixins.json is lower than the default level supported by the current mixin service (JAVA_16).
[21:58:45] [main/DEBUG] (mixin) Compatibility level JAVA_21 specified by ftbxaerocompat.mixins.json is higher than the maximum level supported by this version of mixin (JAVA_13).
[21:58:45] [main/INFO] (mixin) Compatibility level set to JAVA_21
[21:58:45] [main/DEBUG] (mixin) Compatibility level JAVA_17 specified by xaeroworldmap.mixins.json is higher than the maximum level supported by this version of mixin (JAVA_13).
[21:58:45] [main/DEBUG] (mixin) Compatibility level JAVA_17 specified by xaeroworldmap.neoforge.mixins.json is higher than the maximum level supported by this version of mixin (JAVA_13).
[21:58:45] [main/DEBUG] (mixin) Processing launch tasks for PlatformAgent[MixinPlatformAgentDefault:ModLauncher Root Container(ModLauncher:4f56a0a2)]
[21:58:45] [main/DEBUG] (mixin) Adding mixin platform agents for container SecureJarResource(mixin_synthetic)
[21:58:45] [main/DEBUG] (mixin) Instancing new MixinPlatformAgentMinecraftForge for SecureJarResource(mixin_synthetic)
[21:58:45] [main/DEBUG] (mixin) MixinPlatformAgentMinecraftForge rejected container SecureJarResource(mixin_synthetic)
[21:58:45] [main/DEBUG] (mixin) Instancing new MixinPlatformAgentDefault for SecureJarResource(mixin_synthetic)
[21:58:45] [main/DEBUG] (mixin) MixinPlatformAgentDefault accepted container SecureJarResource(mixin_synthetic)
[21:58:45] [main/DEBUG] (mixin) Instancing new FMLMixinPlatformAgent for SecureJarResource(mixin_synthetic)
[21:58:45] [main/DEBUG] (mixin) FMLMixinPlatformAgent rejected container SecureJarResource(mixin_synthetic)
[21:58:45] [main/DEBUG] (mixin) Processing prepare() for PlatformAgent[MixinPlatformAgentDefault:SecureJarResource(mixin_synthetic)]
[21:58:45] [main/DEBUG] (mixin) Adding mixin platform agents for container SecureJarResource(emi)
[21:58:45] [main/DEBUG] (mixin) Instancing new MixinPlatformAgentMinecraftForge for SecureJarResource(emi)
[21:58:45] [main/DEBUG] (mixin) MixinPlatformAgentMinecraftForge rejected container SecureJarResource(emi)
[21:58:45] [main/DEBUG] (mixin) Instancing new MixinPlatformAgentDefault for SecureJarResource(emi)
[21:58:45] [main/DEBUG] (mixin) MixinPlatformAgentDefault accepted container SecureJarResource(emi)
[21:58:45] [main/DEBUG] (mixin) Instancing new FMLMixinPlatformAgent for SecureJarResource(emi)
[21:58:45] [main/DEBUG] (mixin) FMLMixinPlatformAgent rejected container SecureJarResource(emi)
[21:58:45] [main/DEBUG] (mixin) Processing prepare() for PlatformAgent[MixinPlatformAgentDefault:SecureJarResource(emi)]
[21:58:45] [main/DEBUG] (mixin) Adding mixin platform agents for container SecureJarResource(minecraft)
[21:58:45] [main/DEBUG] (mixin) Instancing new MixinPlatformAgentMinecraftForge for SecureJarResource(minecraft)
[21:58:45] [main/DEBUG] (mixin) MixinPlatformAgentMinecraftForge rejected container SecureJarResource(minecraft)
[21:58:45] [main/DEBUG] (mixin) Instancing new MixinPlatformAgentDefault for SecureJarResource(minecraft)
[21:58:45] [main/DEBUG] (mixin) MixinPlatformAgentDefault accepted container SecureJarResource(minecraft)
[21:58:45] [main/DEBUG] (mixin) Instancing new FMLMixinPlatformAgent for SecureJarResource(minecraft)
[21:58:45] [main/DEBUG] (mixin) FMLMixinPlatformAgent rejected container SecureJarResource(minecraft)
[21:58:45] [main/DEBUG] (mixin) Processing prepare() for PlatformAgent[MixinPlatformAgentDefault:SecureJarResource(minecraft)]
[21:58:45] [main/DEBUG] (mixin) Adding mixin platform agents for container SecureJarResource(generated_192f02b)
[21:58:45] [main/DEBUG] (mixin) Instancing new MixinPlatformAgentMinecraftForge for SecureJarResource(generated_192f02b)
[21:58:45] [main/DEBUG] (mixin) MixinPlatformAgentMinecraftForge rejected container SecureJarResource(generated_192f02b)
[21:58:45] [main/DEBUG] (mixin) Instancing new MixinPlatformAgentDefault for SecureJarResource(generated_192f02b)
[21:58:45] [main/DEBUG] (mixin) MixinPlatformAgentDefault accepted container SecureJarResource(generated_192f02b)
[21:58:45] [main/DEBUG] (mixin) Instancing new FMLMixinPlatformAgent for SecureJarResource(generated_192f02b)
[21:58:45] [main/DEBUG] (mixin) FMLMixinPlatformAgent rejected container SecureJarResource(generated_192f02b)
[21:58:45] [main/DEBUG] (mixin) Processing prepare() for PlatformAgent[MixinPlatformAgentDefault:SecureJarResource(generated_192f02b)]
[21:58:45] [main/DEBUG] (mixin) Adding mixin platform agents for container SecureJarResource(xaerominimap)
[21:58:45] [main/DEBUG] (mixin) Instancing new MixinPlatformAgentMinecraftForge for SecureJarResource(xaerominimap)
[21:58:45] [main/DEBUG] (mixin) MixinPlatformAgentMinecraftForge rejected container SecureJarResource(xaerominimap)
[21:58:45] [main/DEBUG] (mixin) Instancing new MixinPlatformAgentDefault for SecureJarResource(xaerominimap)
[21:58:45] [main/DEBUG] (mixin) MixinPlatformAgentDefault accepted container SecureJarResource(xaerominimap)
[21:58:45] [main/DEBUG] (mixin) Instancing new FMLMixinPlatformAgent for SecureJarResource(xaerominimap)
[21:58:45] [main/DEBUG] (mixin) FMLMixinPlatformAgent rejected container SecureJarResource(xaerominimap)
[21:58:45] [main/DEBUG] (mixin) Processing prepare() for PlatformAgent[MixinPlatformAgentDefault:SecureJarResource(xaerominimap)]
[21:58:45] [main/DEBUG] (mixin) Adding mixin platform agents for container SecureJarResource(architectury)
[21:58:45] [main/DEBUG] (mixin) Instancing new MixinPlatformAgentMinecraftForge for SecureJarResource(architectury)
[21:58:45] [main/DEBUG] (mixin) MixinPlatformAgentMinecraftForge rejected container SecureJarResource(architectury)
[21:58:45] [main/DEBUG] (mixin) Instancing new MixinPlatformAgentDefault for SecureJarResource(architectury)
[21:58:45] [main/DEBUG] (mixin) MixinPlatformAgentDefault accepted container SecureJarResource(architectury)
[21:58:45] [main/DEBUG] (mixin) Instancing new FMLMixinPlatformAgent for SecureJarResource(architectury)
[21:58:45] [main/DEBUG] (mixin) FMLMixinPlatformAgent rejected container SecureJarResource(architectury)
[21:58:45] [main/DEBUG] (mixin) Processing prepare() for PlatformAgent[MixinPlatformAgentDefault:SecureJarResource(architectury)]
[21:58:45] [main/DEBUG] (mixin) Adding mixin platform agents for container SecureJarResource(ftblibrary)
[21:58:45] [main/DEBUG] (mixin) Instancing new MixinPlatformAgentMinecraftForge for SecureJarResource(ftblibrary)
[21:58:45] [main/DEBUG] (mixin) MixinPlatformAgentMinecraftForge rejected container SecureJarResource(ftblibrary)
[21:58:45] [main/DEBUG] (mixin) Instancing new MixinPlatformAgentDefault for SecureJarResource(ftblibrary)
[21:58:45] [main/DEBUG] (mixin) MixinPlatformAgentDefault accepted container SecureJarResource(ftblibrary)
[21:58:45] [main/DEBUG] (mixin) Instancing new FMLMixinPlatformAgent for SecureJarResource(ftblibrary)
[21:58:45] [main/DEBUG] (mixin) FMLMixinPlatformAgent rejected container SecureJarResource(ftblibrary)
[21:58:45] [main/DEBUG] (mixin) Processing prepare() for PlatformAgent[MixinPlatformAgentDefault:SecureJarResource(ftblibrary)]
[21:58:45] [main/DEBUG] (mixin) Adding mixin platform agents for container SecureJarResource(ftbteams)
[21:58:45] [main/DEBUG] (mixin) Instancing new MixinPlatformAgentMinecraftForge for SecureJarResource(ftbteams)
[21:58:45] [main/DEBUG] (mixin) MixinPlatformAgentMinecraftForge rejected container SecureJarResource(ftbteams)
[21:58:45] [main/DEBUG] (mixin) Instancing new MixinPlatformAgentDefault for SecureJarResource(ftbteams)
[21:58:45] [main/DEBUG] (mixin) MixinPlatformAgentDefault accepted container SecureJarResource(ftbteams)
[21:58:45] [main/DEBUG] (mixin) Instancing new FMLMixinPlatformAgent for SecureJarResource(ftbteams)
[21:58:45] [main/DEBUG] (mixin) FMLMixinPlatformAgent rejected container SecureJarResource(ftbteams)
[21:58:45] [main/DEBUG] (mixin) Processing prepare() for PlatformAgent[MixinPlatformAgentDefault:SecureJarResource(ftbteams)]
[21:58:45] [main/DEBUG] (mixin) Adding mixin platform agents for container SecureJarResource(ftbchunks)
[21:58:45] [main/DEBUG] (mixin) Instancing new MixinPlatformAgentMinecraftForge for SecureJarResource(ftbchunks)
[21:58:45] [main/DEBUG] (mixin) MixinPlatformAgentMinecraftForge rejected container SecureJarResource(ftbchunks)
[21:58:45] [main/DEBUG] (mixin) Instancing new MixinPlatformAgentDefault for SecureJarResource(ftbchunks)
[21:58:45] [main/DEBUG] (mixin) MixinPlatformAgentDefault accepted container SecureJarResource(ftbchunks)
[21:58:45] [main/DEBUG] (mixin) Instancing new FMLMixinPlatformAgent for SecureJarResource(ftbchunks)
[21:58:45] [main/DEBUG] (mixin) FMLMixinPlatformAgent rejected container SecureJarResource(ftbchunks)
[21:58:45] [main/DEBUG] (mixin) Processing prepare() for PlatformAgent[MixinPlatformAgentDefault:SecureJarResource(ftbchunks)]
[21:58:45] [main/DEBUG] (mixin) Adding mixin platform agents for container SecureJarResource(ftbxaerocompat)
[21:58:45] [main/DEBUG] (mixin) Instancing new MixinPlatformAgentMinecraftForge for SecureJarResource(ftbxaerocompat)
[21:58:45] [main/DEBUG] (mixin) MixinPlatformAgentMinecraftForge rejected container SecureJarResource(ftbxaerocompat)
[21:58:45] [main/DEBUG] (mixin) Instancing new MixinPlatformAgentDefault for SecureJarResource(ftbxaerocompat)
[21:58:45] [main/DEBUG] (mixin) MixinPlatformAgentDefault accepted container SecureJarResource(ftbxaerocompat)
[21:58:45] [main/DEBUG] (mixin) Instancing new FMLMixinPlatformAgent for SecureJarResource(ftbxaerocompat)
[21:58:45] [main/DEBUG] (mixin) FMLMixinPlatformAgent rejected container SecureJarResource(ftbxaerocompat)
[21:58:45] [main/DEBUG] (mixin) Processing prepare() for PlatformAgent[MixinPlatformAgentDefault:SecureJarResource(ftbxaerocompat)]
[21:58:45] [main/DEBUG] (mixin) Adding mixin platform agents for container SecureJarResource(xaeroworldmap)
[21:58:45] [main/DEBUG] (mixin) Instancing new MixinPlatformAgentMinecraftForge for SecureJarResource(xaeroworldmap)
[21:58:45] [main/DEBUG] (mixin) MixinPlatformAgentMinecraftForge rejected container SecureJarResource(xaeroworldmap)
[21:58:45] [main/DEBUG] (mixin) Instancing new MixinPlatformAgentDefault for SecureJarResource(xaeroworldmap)
[21:58:45] [main/DEBUG] (mixin) MixinPlatformAgentDefault accepted container SecureJarResource(xaeroworldmap)
[21:58:45] [main/DEBUG] (mixin) Instancing new FMLMixinPlatformAgent for SecureJarResource(xaeroworldmap)
[21:58:45] [main/DEBUG] (mixin) FMLMixinPlatformAgent rejected container SecureJarResource(xaeroworldmap)
[21:58:45] [main/DEBUG] (mixin) Processing prepare() for PlatformAgent[MixinPlatformAgentDefault:SecureJarResource(xaeroworldmap)]
[21:58:45] [main/DEBUG] (mixin) Adding mixin platform agents for container SecureJarResource(mixinextras.neoforge)
[21:58:45] [main/DEBUG] (mixin) Instancing new MixinPlatformAgentMinecraftForge for SecureJarResource(mixinextras.neoforge)
[21:58:45] [main/DEBUG] (mixin) MixinPlatformAgentMinecraftForge rejected container SecureJarResource(mixinextras.neoforge)
[21:58:45] [main/DEBUG] (mixin) Instancing new MixinPlatformAgentDefault for SecureJarResource(mixinextras.neoforge)
[21:58:45] [main/DEBUG] (mixin) MixinPlatformAgentDefault accepted container SecureJarResource(mixinextras.neoforge)
[21:58:45] [main/DEBUG] (mixin) Instancing new FMLMixinPlatformAgent for SecureJarResource(mixinextras.neoforge)
[21:58:45] [main/DEBUG] (mixin) FMLMixinPlatformAgent rejected container SecureJarResource(mixinextras.neoforge)
[21:58:45] [main/DEBUG] (mixin) Processing prepare() for PlatformAgent[MixinPlatformAgentDefault:SecureJarResource(mixinextras.neoforge)]
[21:58:45] [main/DEBUG] (mixin) Registering mixin config: mixinextras.init.mixins.json source=SecureJarResource(mixinextras.neoforge)
[21:58:45] [main/DEBUG] (mixin) inject() running with 14 agents
[21:58:45] [main/DEBUG] (mixin) Processing inject() for PlatformAgent[MixinPlatformAgentDefault:ModLauncher Root Container(ModLauncher:4f56a0a2)]
[21:58:45] [main/DEBUG] (mixin) Processing inject() for PlatformAgent[MixinPlatformAgentDefault:net.neoforged.fml.loading.mixin.FMLMixinContainerHandle@64dd94ed]
[21:58:45] [main/DEBUG] (mixin) Processing inject() for PlatformAgent[FMLMixinPlatformAgent:null]
[21:58:45] [main/DEBUG] (mixin) Processing inject() for PlatformAgent[MixinPlatformAgentDefault:SecureJarResource(mixin_synthetic)]
[21:58:45] [main/DEBUG] (mixin) Processing inject() for PlatformAgent[MixinPlatformAgentDefault:SecureJarResource(emi)]
[21:58:45] [main/DEBUG] (mixin) Processing inject() for PlatformAgent[MixinPlatformAgentDefault:SecureJarResource(minecraft)]
[21:58:45] [main/DEBUG] (mixin) Processing inject() for PlatformAgent[MixinPlatformAgentDefault:SecureJarResource(generated_192f02b)]
[21:58:45] [main/DEBUG] (mixin) Processing inject() for PlatformAgent[MixinPlatformAgentDefault:SecureJarResource(xaerominimap)]
[21:58:45] [main/DEBUG] (mixin) Processing inject() for PlatformAgent[MixinPlatformAgentDefault:SecureJarResource(architectury)]
[21:58:45] [main/DEBUG] (mixin) Processing inject() for PlatformAgent[MixinPlatformAgentDefault:SecureJarResource(ftblibrary)]
[21:58:45] [main/DEBUG] (mixin) Processing inject() for PlatformAgent[MixinPlatformAgentDefault:SecureJarResource(ftbteams)]
[21:58:45] [main/DEBUG] (mixin) Processing inject() for PlatformAgent[MixinPlatformAgentDefault:SecureJarResource(ftbchunks)]
[21:58:45] [main/DEBUG] (mixin) Processing inject() for PlatformAgent[MixinPlatformAgentDefault:SecureJarResource(ftbxaerocompat)]
[21:58:45] [main/DEBUG] (mixin) Processing inject() for PlatformAgent[MixinPlatformAgentDefault:SecureJarResource(xaeroworldmap)]
[21:58:45] [main/DEBUG] (mixin) Processing inject() for PlatformAgent[MixinPlatformAgentDefault:SecureJarResource(mixinextras.neoforge)]
[21:58:45] [main/INFO] (cpw.mods.modlauncher.LaunchServiceHandler) Launching target 'forgeclientdev' with arguments [--version, 21.1.209, --gameDir, ., --assetsDir, /home/satherov/.gradle/caches/fabric-loom/assets, --assetIndex, 1.21.1-17]
[21:58:45] [main/INFO] (unprotect) Found 8254 Minecraft classes
[21:58:45] [main/DEBUG] (cpw.mods.modlauncher.LaunchPluginHandler) LaunchPluginService {AFTER=[org.spongepowered.asm.launch.MixinLaunchPlugin@681f5a1e, net.neoforged.fml.common.asm.RuntimeDistCleaner@474c8d42]}
[21:58:45] [main/DEBUG] (cpw.mods.modlauncher.LaunchPluginHandler) Final flags state for net.neoforged.neoforge.client.loading.NeoForgeLoadingOverlay is 0
[21:58:45] [main/DEBUG] (cpw.mods.modlauncher.LaunchPluginHandler) LauncherPluginService mixin offering transform net.neoforged.neoforge.client.loading.NeoForgeLoadingOverlay
[21:58:45] [main/DEBUG] (mixin) Preparing mixins for MixinEnvironment[DEFAULT]
[21:58:45] [main/DEBUG] (mixin) Selecting config emi.mixins.json
[21:58:45] [main/DEBUG] (cpw.mods.modlauncher.LaunchPluginHandler) LaunchPluginService {AFTER=[org.spongepowered.asm.launch.MixinLaunchPlugin@681f5a1e, net.neoforged.fml.common.asm.RuntimeDistCleaner@474c8d42]}
[21:58:45] [main/DEBUG] (cpw.mods.modlauncher.LaunchPluginHandler) Final flags state for dev.emi.emi.mixinsupport.EmiMixinPlugin is 0
[21:58:45] [main/DEBUG] (cpw.mods.modlauncher.LaunchPluginHandler) LauncherPluginService mixin offering transform dev.emi.emi.mixinsupport.EmiMixinPlugin
[21:58:45] [main/DEBUG] (cpw.mods.modlauncher.LaunchPluginHandler) LauncherPluginService runtimedistcleaner offering transform dev.emi.emi.mixinsupport.EmiMixinPlugin
[21:58:45] [main/DEBUG] (cpw.mods.modlauncher.LaunchPluginHandler) Final flags state for dev.emi.emi.mixinsupport.EmiMixinPlugin is 0
[21:58:45] [main/DEBUG] (cpw.mods.modlauncher.LaunchPluginHandler) LaunchPluginService {AFTER=[org.spongepowered.asm.launch.MixinLaunchPlugin@681f5a1e, net.neoforged.fml.common.asm.RuntimeDistCleaner@474c8d42]}
[21:58:45] [main/DEBUG] (cpw.mods.modlauncher.LaunchPluginHandler) Final flags state for dev.emi.emi.mixinsupport.MixinPlaceholder is 0
[21:58:45] [main/DEBUG] (cpw.mods.modlauncher.LaunchPluginHandler) LauncherPluginService mixin offering transform dev.emi.emi.mixinsupport.MixinPlaceholder
[21:58:45] [main/DEBUG] (cpw.mods.modlauncher.LaunchPluginHandler) LauncherPluginService runtimedistcleaner offering transform dev.emi.emi.mixinsupport.MixinPlaceholder
[21:58:45] [main/DEBUG] (cpw.mods.modlauncher.LaunchPluginHandler) Final flags state for dev.emi.emi.mixinsupport.MixinPlaceholder is 0
[21:58:45] [main/DEBUG] (mixin) Selecting config emi-neoforge.mixins.json
[21:58:45] [main/DEBUG] (mixin) Selecting config xaerohud.mixins.json
[21:58:45] [main/DEBUG] (cpw.mods.modlauncher.LaunchPluginHandler) LaunchPluginService {AFTER=[org.spongepowered.asm.launch.MixinLaunchPlugin@681f5a1e, net.neoforged.fml.common.asm.RuntimeDistCleaner@474c8d42]}
[21:58:45] [main/DEBUG] (cpw.mods.modlauncher.LaunchPluginHandler) Final flags state for xaero.common.mixin.plugin.MixinPlugin is 0
[21:58:45] [main/DEBUG] (cpw.mods.modlauncher.LaunchPluginHandler) LauncherPluginService mixin offering transform xaero.common.mixin.plugin.MixinPlugin
[21:58:45] [main/DEBUG] (cpw.mods.modlauncher.LaunchPluginHandler) LauncherPluginService runtimedistcleaner offering transform xaero.common.mixin.plugin.MixinPlugin
[21:58:45] [main/DEBUG] (cpw.mods.modlauncher.LaunchPluginHandler) Final flags state for xaero.common.mixin.plugin.MixinPlugin is 0
[21:58:45] [main/WARN] (mixin) Reference map 'xaerominimap.refmap.json' for xaerohud.mixins.json could not be read. If this is a development environment you can ignore this message
[21:58:45] [main/DEBUG] (mixin) Selecting config xaerohud.neoforge.mixins.json
[21:58:45] [main/DEBUG] (mixin) Selecting config xaerominimap.mixins.json
[21:58:45] [main/WARN] (mixin) Reference map 'xaerominimap.refmap.json' for xaerominimap.mixins.json could not be read. If this is a development environment you can ignore this message
[21:58:45] [main/DEBUG] (mixin) Selecting config xaerominimap.neoforge.mixins.json
[21:58:45] [main/DEBUG] (mixin) Selecting config architectury.mixins.json
[21:58:45] [main/DEBUG] (cpw.mods.modlauncher.LaunchPluginHandler) LaunchPluginService {AFTER=[org.spongepowered.asm.launch.MixinLaunchPlugin@681f5a1e, net.neoforged.fml.common.asm.RuntimeDistCleaner@474c8d42]}
[21:58:45] [main/DEBUG] (cpw.mods.modlauncher.LaunchPluginHandler) Final flags state for dev.architectury.plugin.forge.ArchitecturyMixinPlugin is 0
[21:58:45] [main/DEBUG] (cpw.mods.modlauncher.LaunchPluginHandler) LauncherPluginService mixin offering transform dev.architectury.plugin.forge.ArchitecturyMixinPlugin
[21:58:45] [main/DEBUG] (cpw.mods.modlauncher.LaunchPluginHandler) LauncherPluginService runtimedistcleaner offering transform dev.architectury.plugin.forge.ArchitecturyMixinPlugin
[21:58:45] [main/DEBUG] (cpw.mods.modlauncher.LaunchPluginHandler) Final flags state for dev.architectury.plugin.forge.ArchitecturyMixinPlugin is 0
[21:58:45] [main/DEBUG] (mixin) Selecting config architectury-common.mixins.json
[21:58:45] [main/DEBUG] (mixin) Selecting config ftblibrary-common.mixins.json
[21:58:45] [main/DEBUG] (mixin) Selecting config ftbchunks-common.mixins.json
[21:58:45] [main/DEBUG] (mixin) Selecting config ftbxaerocompat.mixins.json
[21:58:45] [main/DEBUG] (mixin) Selecting config xaeroworldmap.mixins.json
[21:58:45] [main/DEBUG] (cpw.mods.modlauncher.LaunchPluginHandler) LaunchPluginService {AFTER=[org.spongepowered.asm.launch.MixinLaunchPlugin@681f5a1e, net.neoforged.fml.common.asm.RuntimeDistCleaner@474c8d42]}
[21:58:45] [main/DEBUG] (cpw.mods.modlauncher.LaunchPluginHandler) Final flags state for xaero.map.mixin.plugin.MixinPlugin is 0
[21:58:45] [main/DEBUG] (cpw.mods.modlauncher.LaunchPluginHandler) LauncherPluginService mixin offering transform xaero.map.mixin.plugin.MixinPlugin
[21:58:45] [main/DEBUG] (cpw.mods.modlauncher.LaunchPluginHandler) LauncherPluginService runtimedistcleaner offering transform xaero.map.mixin.plugin.MixinPlugin
[21:58:45] [main/DEBUG] (cpw.mods.modlauncher.LaunchPluginHandler) Final flags state for xaero.map.mixin.plugin.MixinPlugin is 0
[21:58:45] [main/WARN] (mixin) Reference map 'xaeroworldmap.refmap.json' for xaeroworldmap.mixins.json could not be read. If this is a development environment you can ignore this message
[21:58:45] [main/DEBUG] (mixin) Selecting config xaeroworldmap.neoforge.mixins.json
[21:58:45] [main/DEBUG] (mixin) Selecting config neoforge.mixins.json
[21:58:45] [main/DEBUG] (mixin) Selecting config mixinextras.init.mixins.json
[21:58:45] [main/DEBUG] (cpw.mods.modlauncher.LaunchPluginHandler) LaunchPluginService {AFTER=[org.spongepowered.asm.launch.MixinLaunchPlugin@681f5a1e, net.neoforged.fml.common.asm.RuntimeDistCleaner@474c8d42]}
[21:58:45] [main/DEBUG] (cpw.mods.modlauncher.LaunchPluginHandler) Final flags state for com.llamalad7.mixinextras.platform.neoforge.MixinExtrasConfigPlugin is 0
[21:58:45] [main/DEBUG] (cpw.mods.modlauncher.LaunchPluginHandler) LauncherPluginService mixin offering transform com.llamalad7.mixinextras.platform.neoforge.MixinExtrasConfigPlugin
[21:58:45] [main/DEBUG] (cpw.mods.modlauncher.LaunchPluginHandler) LauncherPluginService runtimedistcleaner offering transform com.llamalad7.mixinextras.platform.neoforge.MixinExtrasConfigPlugin
[21:58:45] [main/DEBUG] (cpw.mods.modlauncher.LaunchPluginHandler) Final flags state for com.llamalad7.mixinextras.platform.neoforge.MixinExtrasConfigPlugin is 0
[21:58:45] [main/DEBUG] (cpw.mods.modlauncher.LaunchPluginHandler) LaunchPluginService {AFTER=[org.spongepowered.asm.launch.MixinLaunchPlugin@681f5a1e, net.neoforged.fml.common.asm.RuntimeDistCleaner@474c8d42]}
[21:58:45] [main/DEBUG] (cpw.mods.modlauncher.LaunchPluginHandler) Final flags state for com.llamalad7.mixinextras.MixinExtrasBootstrap is 0
[21:58:45] [main/DEBUG] (cpw.mods.modlauncher.LaunchPluginHandler) LauncherPluginService mixin offering transform com.llamalad7.mixinextras.MixinExtrasBootstrap
[21:58:45] [main/DEBUG] (cpw.mods.modlauncher.LaunchPluginHandler) LauncherPluginService runtimedistcleaner offering transform com.llamalad7.mixinextras.MixinExtrasBootstrap
[21:58:45] [main/DEBUG] (cpw.mods.modlauncher.LaunchPluginHandler) Final flags state for com.llamalad7.mixinextras.MixinExtrasBootstrap is 0
[21:58:45] [main/DEBUG] (cpw.mods.modlauncher.LaunchPluginHandler) LaunchPluginService {AFTER=[org.spongepowered.asm.launch.MixinLaunchPlugin@681f5a1e, net.neoforged.fml.common.asm.RuntimeDistCleaner@474c8d42]}
[21:58:45] [main/DEBUG] (cpw.mods.modlauncher.LaunchPluginHandler) Final flags state for com.llamalad7.mixinextras.service.MixinExtrasService is 0
[21:58:45] [main/DEBUG] (cpw.mods.modlauncher.LaunchPluginHandler) LauncherPluginService mixin offering transform com.llamalad7.mixinextras.service.MixinExtrasService
[21:58:45] [main/DEBUG] (cpw.mods.modlauncher.LaunchPluginHandler) LauncherPluginService runtimedistcleaner offering transform com.llamalad7.mixinextras.service.MixinExtrasService
[21:58:45] [main/DEBUG] (cpw.mods.modlauncher.LaunchPluginHandler) Final flags state for com.llamalad7.mixinextras.service.MixinExtrasService is 0
[21:58:45] [main/DEBUG] (cpw.mods.modlauncher.LaunchPluginHandler) LaunchPluginService {AFTER=[org.spongepowered.asm.launch.MixinLaunchPlugin@681f5a1e, net.neoforged.fml.common.asm.RuntimeDistCleaner@474c8d42]}
[21:58:45] [main/DEBUG] (cpw.mods.modlauncher.LaunchPluginHandler) Final flags state for com.llamalad7.mixinextras.utils.Blackboard is 0
[21:58:45] [main/DEBUG] (cpw.mods.modlauncher.LaunchPluginHandler) LauncherPluginService mixin offering transform com.llamalad7.mixinextras.utils.Blackboard
[21:58:45] [main/DEBUG] (cpw.mods.modlauncher.LaunchPluginHandler) LauncherPluginService runtimedistcleaner offering transform com.llamalad7.mixinextras.utils.Blackboard
[21:58:45] [main/DEBUG] (cpw.mods.modlauncher.LaunchPluginHandler) Final flags state for com.llamalad7.mixinextras.utils.Blackboard is 0
[21:58:45] [main/DEBUG] (cpw.mods.modlauncher.LaunchPluginHandler) LaunchPluginService {AFTER=[org.spongepowered.asm.launch.MixinLaunchPlugin@681f5a1e, net.neoforged.fml.common.asm.RuntimeDistCleaner@474c8d42]}
[21:58:45] [main/DEBUG] (cpw.mods.modlauncher.LaunchPluginHandler) Final flags state for com.llamalad7.mixinextras.service.MixinExtrasServiceImpl is 0
[21:58:45] [main/DEBUG] (cpw.mods.modlauncher.LaunchPluginHandler) LauncherPluginService mixin offering transform com.llamalad7.mixinextras.service.MixinExtrasServiceImpl
[21:58:45] [main/DEBUG] (cpw.mods.modlauncher.LaunchPluginHandler) LauncherPluginService runtimedistcleaner offering transform com.llamalad7.mixinextras.service.MixinExtrasServiceImpl
[21:58:45] [main/DEBUG] (cpw.mods.modlauncher.LaunchPluginHandler) Final flags state for com.llamalad7.mixinextras.service.MixinExtrasServiceImpl is 0
[21:58:45] [main/DEBUG] (cpw.mods.modlauncher.LaunchPluginHandler) LaunchPluginService {AFTER=[org.spongepowered.asm.launch.MixinLaunchPlugin@681f5a1e, net.neoforged.fml.common.asm.RuntimeDistCleaner@474c8d42]}
[21:58:45] [main/DEBUG] (cpw.mods.modlauncher.LaunchPluginHandler) Final flags state for com.llamalad7.mixinextras.utils.MixinExtrasLogger is 0
[21:58:45] [main/DEBUG] (cpw.mods.modlauncher.LaunchPluginHandler) LauncherPluginService mixin offering transform com.llamalad7.mixinextras.utils.MixinExtrasLogger
[21:58:45] [main/DEBUG] (cpw.mods.modlauncher.LaunchPluginHandler) LauncherPluginService runtimedistcleaner offering transform com.llamalad7.mixinextras.utils.MixinExtrasLogger
[21:58:45] [main/DEBUG] (cpw.mods.modlauncher.LaunchPluginHandler) Final flags state for com.llamalad7.mixinextras.utils.MixinExtrasLogger is 0
[21:58:45] [main/DEBUG] (cpw.mods.modlauncher.LaunchPluginHandler) LaunchPluginService {AFTER=[org.spongepowered.asm.launch.MixinLaunchPlugin@681f5a1e, net.neoforged.fml.common.asm.RuntimeDistCleaner@474c8d42]}
[21:58:45] [main/DEBUG] (cpw.mods.modlauncher.LaunchPluginHandler) Final flags state for com.llamalad7.mixinextras.lib.apache.commons.StringUtils is 0
[21:58:45] [main/DEBUG] (cpw.mods.modlauncher.LaunchPluginHandler) LauncherPluginService mixin offering transform com.llamalad7.mixinextras.lib.apache.commons.StringUtils
[21:58:45] [main/DEBUG] (cpw.mods.modlauncher.LaunchPluginHandler) LauncherPluginService runtimedistcleaner offering transform com.llamalad7.mixinextras.lib.apache.commons.StringUtils
[21:58:45] [main/DEBUG] (cpw.mods.modlauncher.LaunchPluginHandler) Final flags state for com.llamalad7.mixinextras.lib.apache.commons.StringUtils is 0
[21:58:45] [main/DEBUG] (cpw.mods.modlauncher.LaunchPluginHandler) LaunchPluginService {AFTER=[org.spongepowered.asm.launch.MixinLaunchPlugin@681f5a1e, net.neoforged.fml.common.asm.RuntimeDistCleaner@474c8d42]}
[21:58:45] [main/DEBUG] (cpw.mods.modlauncher.LaunchPluginHandler) Final flags state for com.llamalad7.mixinextras.service.Versioned is 0
[21:58:45] [main/DEBUG] (cpw.mods.modlauncher.LaunchPluginHandler) LauncherPluginService mixin offering transform com.llamalad7.mixinextras.service.Versioned
[21:58:45] [main/DEBUG] (cpw.mods.modlauncher.LaunchPluginHandler) LauncherPluginService runtimedistcleaner offering transform com.llamalad7.mixinextras.service.Versioned
[21:58:45] [main/DEBUG] (cpw.mods.modlauncher.LaunchPluginHandler) Final flags state for com.llamalad7.mixinextras.service.Versioned is 0
[21:58:45] [main/DEBUG] (cpw.mods.modlauncher.LaunchPluginHandler) LaunchPluginService {AFTER=[org.spongepowered.asm.launch.MixinLaunchPlugin@681f5a1e, net.neoforged.fml.common.asm.RuntimeDistCleaner@474c8d42]}
[21:58:45] [main/DEBUG] (cpw.mods.modlauncher.LaunchPluginHandler) Final flags state for com.llamalad7.mixinextras.service.MixinExtrasVersion is 0
[21:58:45] [main/DEBUG] (cpw.mods.modlauncher.LaunchPluginHandler) LauncherPluginService mixin offering transform com.llamalad7.mixinextras.service.MixinExtrasVersion
[21:58:45] [main/DEBUG] (cpw.mods.modlauncher.LaunchPluginHandler) LauncherPluginService runtimedistcleaner offering transform com.llamalad7.mixinextras.service.MixinExtrasVersion
[21:58:45] [main/DEBUG] (cpw.mods.modlauncher.LaunchPluginHandler) Final flags state for com.llamalad7.mixinextras.service.MixinExtrasVersion is 0
[21:58:45] [main/DEBUG] (cpw.mods.modlauncher.LaunchPluginHandler) LaunchPluginService {AFTER=[org.spongepowered.asm.launch.MixinLaunchPlugin@681f5a1e, net.neoforged.fml.common.asm.RuntimeDistCleaner@474c8d42]}
[21:58:45] [main/DEBUG] (cpw.mods.modlauncher.LaunchPluginHandler) Final flags state for com.llamalad7.mixinextras.lib.semver.Version is 0
[21:58:45] [main/DEBUG] (cpw.mods.modlauncher.LaunchPluginHandler) LauncherPluginService mixin offering transform com.llamalad7.mixinextras.lib.semver.Version
[21:58:45] [main/DEBUG] (cpw.mods.modlauncher.LaunchPluginHandler) LauncherPluginService runtimedistcleaner offering transform com.llamalad7.mixinextras.lib.semver.Version
[21:58:45] [main/DEBUG] (cpw.mods.modlauncher.LaunchPluginHandler) Final flags state for com.llamalad7.mixinextras.lib.semver.Version is 0
[21:58:45] [main/DEBUG] (cpw.mods.modlauncher.LaunchPluginHandler) LaunchPluginService {AFTER=[org.spongepowered.asm.launch.MixinLaunchPlugin@681f5a1e, net.neoforged.fml.common.asm.RuntimeDistCleaner@474c8d42]}
[21:58:45] [main/DEBUG] (cpw.mods.modlauncher.LaunchPluginHandler) Final flags state for com.llamalad7.mixinextras.lib.semver.Version$Validators is 0
[21:58:45] [main/DEBUG] (cpw.mods.modlauncher.LaunchPluginHandler) LauncherPluginService mixin offering transform com.llamalad7.mixinextras.lib.semver.Version$Validators
[21:58:45] [main/DEBUG] (cpw.mods.modlauncher.LaunchPluginHandler) LauncherPluginService runtimedistcleaner offering transform com.llamalad7.mixinextras.lib.semver.Version$Validators
[21:58:45] [main/DEBUG] (cpw.mods.modlauncher.LaunchPluginHandler) Final flags state for com.llamalad7.mixinextras.lib.semver.Version$Validators is 0
[21:58:45] [main/DEBUG] (cpw.mods.modlauncher.LaunchPluginHandler) LaunchPluginService {AFTER=[org.spongepowered.asm.launch.MixinLaunchPlugin@681f5a1e, net.neoforged.fml.common.asm.RuntimeDistCleaner@474c8d42]}
[21:58:45] [main/DEBUG] (cpw.mods.modlauncher.LaunchPluginHandler) Final flags state for com.llamalad7.mixinextras.lib.semver.VersionParser is 0
[21:58:45] [main/DEBUG] (cpw.mods.modlauncher.LaunchPluginHandler) LauncherPluginService mixin offering transform com.llamalad7.mixinextras.lib.semver.VersionParser
[21:58:45] [main/DEBUG] (cpw.mods.modlauncher.LaunchPluginHandler) LauncherPluginService runtimedistcleaner offering transform com.llamalad7.mixinextras.lib.semver.VersionParser
[21:58:45] [main/DEBUG] (cpw.mods.modlauncher.LaunchPluginHandler) Final flags state for com.llamalad7.mixinextras.lib.semver.VersionParser is 0
[21:58:45] [main/DEBUG] (cpw.mods.modlauncher.LaunchPluginHandler) LaunchPluginService {AFTER=[org.spongepowered.asm.launch.MixinLaunchPlugin@681f5a1e, net.neoforged.fml.common.asm.RuntimeDistCleaner@474c8d42]}
[21:58:45] [main/DEBUG] (cpw.mods.modlauncher.LaunchPluginHandler) Final flags state for com.llamalad7.mixinextras.lib.semver.util.Stream$ElementType is 0
[21:58:45] [main/DEBUG] (cpw.mods.modlauncher.LaunchPluginHandler) LauncherPluginService mixin offering transform com.llamalad7.mixinextras.lib.semver.util.Stream$ElementType
[21:58:45] [main/DEBUG] (cpw.mods.modlauncher.LaunchPluginHandler) LauncherPluginService runtimedistcleaner offering transform com.llamalad7.mixinextras.lib.semver.util.Stream$ElementType
[21:58:45] [main/DEBUG] (cpw.mods.modlauncher.LaunchPluginHandler) Final flags state for com.llamalad7.mixinextras.lib.semver.util.Stream$ElementType is 0
[21:58:45] [main/DEBUG] (cpw.mods.modlauncher.LaunchPluginHandler) LaunchPluginService {AFTER=[org.spongepowered.asm.launch.MixinLaunchPlugin@681f5a1e, net.neoforged.fml.common.asm.RuntimeDistCleaner@474c8d42]}
[21:58:45] [main/DEBUG] (cpw.mods.modlauncher.LaunchPluginHandler) Final flags state for com.llamalad7.mixinextras.lib.semver.util.UnexpectedElementException is 0
[21:58:45] [main/DEBUG] (cpw.mods.modlauncher.LaunchPluginHandler) LauncherPluginService mixin offering transform com.llamalad7.mixinextras.lib.semver.util.UnexpectedElementException
[21:58:45] [main/DEBUG] (cpw.mods.modlauncher.LaunchPluginHandler) LauncherPluginService runtimedistcleaner offering transform com.llamalad7.mixinextras.lib.semver.util.UnexpectedElementException
[21:58:45] [main/DEBUG] (cpw.mods.modlauncher.LaunchPluginHandler) Final flags state for com.llamalad7.mixinextras.lib.semver.util.UnexpectedElementException is 0
[21:58:45] [main/DEBUG] (cpw.mods.modlauncher.LaunchPluginHandler) LaunchPluginService {AFTER=[org.spongepowered.asm.launch.MixinLaunchPlugin@681f5a1e, net.neoforged.fml.common.asm.RuntimeDistCleaner@474c8d42]}
[21:58:45] [main/DEBUG] (cpw.mods.modlauncher.LaunchPluginHandler) Final flags state for com.llamalad7.mixinextras.lib.semver.UnexpectedCharacterException is 0
[21:58:45] [main/DEBUG] (cpw.mods.modlauncher.LaunchPluginHandler) LauncherPluginService mixin offering transform com.llamalad7.mixinextras.lib.semver.UnexpectedCharacterException
[21:58:45] [main/DEBUG] (cpw.mods.modlauncher.LaunchPluginHandler) LauncherPluginService runtimedistcleaner offering transform com.llamalad7.mixinextras.lib.semver.UnexpectedCharacterException
[21:58:45] [main/DEBUG] (cpw.mods.modlauncher.LaunchPluginHandler) Final flags state for com.llamalad7.mixinextras.lib.semver.UnexpectedCharacterException is 0
[21:58:45] [main/DEBUG] (cpw.mods.modlauncher.LaunchPluginHandler) LaunchPluginService {AFTER=[org.spongepowered.asm.launch.MixinLaunchPlugin@681f5a1e, net.neoforged.fml.common.asm.RuntimeDistCleaner@474c8d42]}
[21:58:45] [main/DEBUG] (cpw.mods.modlauncher.LaunchPluginHandler) Final flags state for com.llamalad7.mixinextras.lib.semver.ParseException is 0
[21:58:45] [main/DEBUG] (cpw.mods.modlauncher.LaunchPluginHandler) LauncherPluginService mixin offering transform com.llamalad7.mixinextras.lib.semver.ParseException
[21:58:45] [main/DEBUG] (cpw.mods.modlauncher.LaunchPluginHandler) LauncherPluginService runtimedistcleaner offering transform com.llamalad7.mixinextras.lib.semver.ParseException
[21:58:45] [main/DEBUG] (cpw.mods.modlauncher.LaunchPluginHandler) Final flags state for com.llamalad7.mixinextras.lib.semver.ParseException is 0
[21:58:45] [main/DEBUG] (cpw.mods.modlauncher.LaunchPluginHandler) LaunchPluginService {AFTER=[org.spongepowered.asm.launch.MixinLaunchPlugin@681f5a1e, net.neoforged.fml.common.asm.RuntimeDistCleaner@474c8d42]}
[21:58:45] [main/DEBUG] (cpw.mods.modlauncher.LaunchPluginHandler) Final flags state for com.llamalad7.mixinextras.lib.semver.util.Stream is 0
[21:58:45] [main/DEBUG] (cpw.mods.modlauncher.LaunchPluginHandler) LauncherPluginService mixin offering transform com.llamalad7.mixinextras.lib.semver.util.Stream
[21:58:45] [main/DEBUG] (cpw.mods.modlauncher.LaunchPluginHandler) LauncherPluginService runtimedistcleaner offering transform com.llamalad7.mixinextras.lib.semver.util.Stream
[21:58:45] [main/DEBUG] (cpw.mods.modlauncher.LaunchPluginHandler) Final flags state for com.llamalad7.mixinextras.lib.semver.util.Stream is 0
[21:58:45] [main/DEBUG] (cpw.mods.modlauncher.LaunchPluginHandler) LaunchPluginService {AFTER=[org.spongepowered.asm.launch.MixinLaunchPlugin@681f5a1e, net.neoforged.fml.common.asm.RuntimeDistCleaner@474c8d42]}
[21:58:45] [main/DEBUG] (cpw.mods.modlauncher.LaunchPluginHandler) Final flags state for com.llamalad7.mixinextras.lib.semver.VersionParser$CharType is 0
[21:58:45] [main/DEBUG] (cpw.mods.modlauncher.LaunchPluginHandler) LauncherPluginService mixin offering transform com.llamalad7.mixinextras.lib.semver.VersionParser$CharType
[21:58:45] [main/DEBUG] (cpw.mods.modlauncher.LaunchPluginHandler) LauncherPluginService runtimedistcleaner offering transform com.llamalad7.mixinextras.lib.semver.VersionParser$CharType
[21:58:45] [main/DEBUG] (cpw.mods.modlauncher.LaunchPluginHandler) Final flags state for com.llamalad7.mixinextras.lib.semver.VersionParser$CharType is 0
[21:58:45] [main/DEBUG] (cpw.mods.modlauncher.LaunchPluginHandler) LaunchPluginService {AFTER=[org.spongepowered.asm.launch.MixinLaunchPlugin@681f5a1e, net.neoforged.fml.common.asm.RuntimeDistCleaner@474c8d42]}
[21:58:45] [main/DEBUG] (cpw.mods.modlauncher.LaunchPluginHandler) Final flags state for com.llamalad7.mixinextras.lib.semver.VersionParser$CharType$1 is 0
[21:58:45] [main/DEBUG] (cpw.mods.modlauncher.LaunchPluginHandler) LauncherPluginService mixin offering transform com.llamalad7.mixinextras.lib.semver.VersionParser$CharType$1
[21:58:45] [main/DEBUG] (cpw.mods.modlauncher.LaunchPluginHandler) LauncherPluginService runtimedistcleaner offering transform com.llamalad7.mixinextras.lib.semver.VersionParser$CharType$1
[21:58:45] [main/DEBUG] (cpw.mods.modlauncher.LaunchPluginHandler) Final flags state for com.llamalad7.mixinextras.lib.semver.VersionParser$CharType$1 is 0
[21:58:45] [main/DEBUG] (cpw.mods.modlauncher.LaunchPluginHandler) LaunchPluginService {AFTER=[org.spongepowered.asm.launch.MixinLaunchPlugin@681f5a1e, net.neoforged.fml.common.asm.RuntimeDistCleaner@474c8d42]}
[21:58:45] [main/DEBUG] (cpw.mods.modlauncher.LaunchPluginHandler) Final flags state for com.llamalad7.mixinextras.lib.semver.VersionParser$CharType$2 is 0
[21:58:45] [main/DEBUG] (cpw.mods.modlauncher.LaunchPluginHandler) LauncherPluginService mixin offering transform com.llamalad7.mixinextras.lib.semver.VersionParser$CharType$2
[21:58:45] [main/DEBUG] (cpw.mods.modlauncher.LaunchPluginHandler) LauncherPluginService runtimedistcleaner offering transform com.llamalad7.mixinextras.lib.semver.VersionParser$CharType$2
[21:58:45] [main/DEBUG] (cpw.mods.modlauncher.LaunchPluginHandler) Final flags state for com.llamalad7.mixinextras.lib.semver.VersionParser$CharType$2 is 0
[21:58:45] [main/DEBUG] (cpw.mods.modlauncher.LaunchPluginHandler) LaunchPluginService {AFTER=[org.spongepowered.asm.launch.MixinLaunchPlugin@681f5a1e, net.neoforged.fml.common.asm.RuntimeDistCleaner@474c8d42]}
[21:58:45] [main/DEBUG] (cpw.mods.modlauncher.LaunchPluginHandler) Final flags state for com.llamalad7.mixinextras.lib.semver.VersionParser$CharType$3 is 0
[21:58:45] [main/DEBUG] (cpw.mods.modlauncher.LaunchPluginHandler) LauncherPluginService mixin offering transform com.llamalad7.mixinextras.lib.semver.VersionParser$CharType$3
[21:58:45] [main/DEBUG] (cpw.mods.modlauncher.LaunchPluginHandler) LauncherPluginService runtimedistcleaner offering transform com.llamalad7.mixinextras.lib.semver.VersionParser$CharType$3
[21:58:45] [main/DEBUG] (cpw.mods.modlauncher.LaunchPluginHandler) Final flags state for com.llamalad7.mixinextras.lib.semver.VersionParser$CharType$3 is 0
[21:58:45] [main/DEBUG] (cpw.mods.modlauncher.LaunchPluginHandler) LaunchPluginService {AFTER=[org.spongepowered.asm.launch.MixinLaunchPlugin@681f5a1e, net.neoforged.fml.common.asm.RuntimeDistCleaner@474c8d42]}
[21:58:45] [main/DEBUG] (cpw.mods.modlauncher.LaunchPluginHandler) Final flags state for com.llamalad7.mixinextras.lib.semver.VersionParser$CharType$4 is 0
[21:58:45] [main/DEBUG] (cpw.mods.modlauncher.LaunchPluginHandler) LauncherPluginService mixin offering transform com.llamalad7.mixinextras.lib.semver.VersionParser$CharType$4
[21:58:45] [main/DEBUG] (cpw.mods.modlauncher.LaunchPluginHandler) LauncherPluginService runtimedistcleaner offering transform com.llamalad7.mixinextras.lib.semver.VersionParser$CharType$4
[21:58:45] [main/DEBUG] (cpw.mods.modlauncher.LaunchPluginHandler) Final flags state for com.llamalad7.mixinextras.lib.semver.VersionParser$CharType$4 is 0
[21:58:45] [main/DEBUG] (cpw.mods.modlauncher.LaunchPluginHandler) LaunchPluginService {AFTER=[org.spongepowered.asm.launch.MixinLaunchPlugin@681f5a1e, net.neoforged.fml.common.asm.RuntimeDistCleaner@474c8d42]}
[21:58:45] [main/DEBUG] (cpw.mods.modlauncher.LaunchPluginHandler) Final flags state for com.llamalad7.mixinextras.lib.semver.VersionParser$CharType$5 is 0
[21:58:45] [main/DEBUG] (cpw.mods.modlauncher.LaunchPluginHandler) LauncherPluginService mixin offering transform com.llamalad7.mixinextras.lib.semver.VersionParser$CharType$5
[21:58:45] [main/DEBUG] (cpw.mods.modlauncher.LaunchPluginHandler) LauncherPluginService runtimedistcleaner offering transform com.llamalad7.mixinextras.lib.semver.VersionParser$CharType$5
[21:58:45] [main/DEBUG] (cpw.mods.modlauncher.LaunchPluginHandler) Final flags state for com.llamalad7.mixinextras.lib.semver.VersionParser$CharType$5 is 0
[21:58:45] [main/DEBUG] (cpw.mods.modlauncher.LaunchPluginHandler) LaunchPluginService {AFTER=[org.spongepowered.asm.launch.MixinLaunchPlugin@681f5a1e, net.neoforged.fml.common.asm.RuntimeDistCleaner@474c8d42]}
[21:58:45] [main/DEBUG] (cpw.mods.modlauncher.LaunchPluginHandler) Final flags state for com.llamalad7.mixinextras.lib.semver.VersionParser$CharType$6 is 0
[21:58:45] [main/DEBUG] (cpw.mods.modlauncher.LaunchPluginHandler) LauncherPluginService mixin offering transform com.llamalad7.mixinextras.lib.semver.VersionParser$CharType$6
[21:58:45] [main/DEBUG] (cpw.mods.modlauncher.LaunchPluginHandler) LauncherPluginService runtimedistcleaner offering transform com.llamalad7.mixinextras.lib.semver.VersionParser$CharType$6
[21:58:45] [main/DEBUG] (cpw.mods.modlauncher.LaunchPluginHandler) Final flags state for com.llamalad7.mixinextras.lib.semver.VersionParser$CharType$6 is 0
[21:58:45] [main/DEBUG] (cpw.mods.modlauncher.LaunchPluginHandler) LaunchPluginService {AFTER=[org.spongepowered.asm.launch.MixinLaunchPlugin@681f5a1e, net.neoforged.fml.common.asm.RuntimeDistCleaner@474c8d42]}
[21:58:45] [main/DEBUG] (cpw.mods.modlauncher.LaunchPluginHandler) Final flags state for com.llamalad7.mixinextras.lib.semver.VersionParser$CharType$7 is 0
[21:58:45] [main/DEBUG] (cpw.mods.modlauncher.LaunchPluginHandler) LauncherPluginService mixin offering transform com.llamalad7.mixinextras.lib.semver.VersionParser$CharType$7
[21:58:45] [main/DEBUG] (cpw.mods.modlauncher.LaunchPluginHandler) LauncherPluginService runtimedistcleaner offering transform com.llamalad7.mixinextras.lib.semver.VersionParser$CharType$7
[21:58:45] [main/DEBUG] (cpw.mods.modlauncher.LaunchPluginHandler) Final flags state for com.llamalad7.mixinextras.lib.semver.VersionParser$CharType$7 is 0
[21:58:45] [main/DEBUG] (cpw.mods.modlauncher.LaunchPluginHandler) LaunchPluginService {AFTER=[org.spongepowered.asm.launch.MixinLaunchPlugin@681f5a1e, net.neoforged.fml.common.asm.RuntimeDistCleaner@474c8d42]}
[21:58:45] [main/DEBUG] (cpw.mods.modlauncher.LaunchPluginHandler) Final flags state for com.llamalad7.mixinextras.lib.semver.util.Stream$1 is 0
[21:58:45] [main/DEBUG] (cpw.mods.modlauncher.LaunchPluginHandler) LauncherPluginService mixin offering transform com.llamalad7.mixinextras.lib.semver.util.Stream$1
[21:58:45] [main/DEBUG] (cpw.mods.modlauncher.LaunchPluginHandler) LauncherPluginService runtimedistcleaner offering transform com.llamalad7.mixinextras.lib.semver.util.Stream$1
[21:58:45] [main/DEBUG] (cpw.mods.modlauncher.LaunchPluginHandler) Final flags state for com.llamalad7.mixinextras.lib.semver.util.Stream$1 is 0
[21:58:45] [main/DEBUG] (cpw.mods.modlauncher.LaunchPluginHandler) LaunchPluginService {AFTER=[org.spongepowered.asm.launch.MixinLaunchPlugin@681f5a1e, net.neoforged.fml.common.asm.RuntimeDistCleaner@474c8d42]}
[21:58:45] [main/DEBUG] (cpw.mods.modlauncher.LaunchPluginHandler) Final flags state for com.llamalad7.mixinextras.transformer.MixinTransformerExtension is 0
[21:58:45] [main/DEBUG] (cpw.mods.modlauncher.LaunchPluginHandler) LauncherPluginService mixin offering transform com.llamalad7.mixinextras.transformer.MixinTransformerExtension
[21:58:45] [main/DEBUG] (cpw.mods.modlauncher.LaunchPluginHandler) LauncherPluginService runtimedistcleaner offering transform com.llamalad7.mixinextras.transformer.MixinTransformerExtension
[21:58:45] [main/DEBUG] (cpw.mods.modlauncher.LaunchPluginHandler) Final flags state for com.llamalad7.mixinextras.transformer.MixinTransformerExtension is 0
[21:58:45] [main/DEBUG] (cpw.mods.modlauncher.LaunchPluginHandler) LaunchPluginService {AFTER=[org.spongepowered.asm.launch.MixinLaunchPlugin@681f5a1e, net.neoforged.fml.common.asm.RuntimeDistCleaner@474c8d42]}
[21:58:45] [main/DEBUG] (cpw.mods.modlauncher.LaunchPluginHandler) Final flags state for com.llamalad7.mixinextras.transformer.MixinTransformer is 0
[21:58:45] [main/DEBUG] (cpw.mods.modlauncher.LaunchPluginHandler) LauncherPluginService mixin offering transform com.llamalad7.mixinextras.transformer.MixinTransformer
[21:58:45] [main/DEBUG] (cpw.mods.modlauncher.LaunchPluginHandler) LauncherPluginService runtimedistcleaner offering transform com.llamalad7.mixinextras.transformer.MixinTransformer
[21:58:45] [main/DEBUG] (cpw.mods.modlauncher.LaunchPluginHandler) Final flags state for com.llamalad7.mixinextras.transformer.MixinTransformer is 0
[21:58:45] [main/DEBUG] (cpw.mods.modlauncher.LaunchPluginHandler) LaunchPluginService {AFTER=[org.spongepowered.asm.launch.MixinLaunchPlugin@681f5a1e, net.neoforged.fml.common.asm.RuntimeDistCleaner@474c8d42]}
[21:58:45] [main/DEBUG] (cpw.mods.modlauncher.LaunchPluginHandler) Final flags state for com.llamalad7.mixinextras.expression.impl.point.ExpressionSliceMarkerTransformer is 0
[21:58:45] [main/DEBUG] (cpw.mods.modlauncher.LaunchPluginHandler) LauncherPluginService mixin offering transform com.llamalad7.mixinextras.expression.impl.point.ExpressionSliceMarkerTransformer
[21:58:45] [main/DEBUG] (cpw.mods.modlauncher.LaunchPluginHandler) LauncherPluginService runtimedistcleaner offering transform com.llamalad7.mixinextras.expression.impl.point.ExpressionSliceMarkerTransformer
[21:58:45] [main/DEBUG] (cpw.mods.modlauncher.LaunchPluginHandler) Final flags state for com.llamalad7.mixinextras.expression.impl.point.ExpressionSliceMarkerTransformer is 0
[21:58:45] [main/DEBUG] (cpw.mods.modlauncher.LaunchPluginHandler) LaunchPluginService {AFTER=[org.spongepowered.asm.launch.MixinLaunchPlugin@681f5a1e, net.neoforged.fml.common.asm.RuntimeDistCleaner@474c8d42]}
[21:58:45] [main/DEBUG] (cpw.mods.modlauncher.LaunchPluginHandler) Final flags state for com.llamalad7.mixinextras.wrapper.factory.FactoryRedirectWrapperMixinTransformer is 0
[21:58:45] [main/DEBUG] (cpw.mods.modlauncher.LaunchPluginHandler) LauncherPluginService mixin offering transform com.llamalad7.mixinextras.wrapper.factory.FactoryRedirectWrapperMixinTransformer
[21:58:45] [main/DEBUG] (cpw.mods.modlauncher.LaunchPluginHandler) LauncherPluginService runtimedistcleaner offering transform com.llamalad7.mixinextras.wrapper.factory.FactoryRedirectWrapperMixinTransformer
[21:58:45] [main/DEBUG] (cpw.mods.modlauncher.LaunchPluginHandler) Final flags state for com.llamalad7.mixinextras.wrapper.factory.FactoryRedirectWrapperMixinTransformer is 0
[21:58:45] [main/DEBUG] (cpw.mods.modlauncher.LaunchPluginHandler) LaunchPluginService {AFTER=[org.spongepowered.asm.launch.MixinLaunchPlugin@681f5a1e, net.neoforged.fml.common.asm.RuntimeDistCleaner@474c8d42]}
[21:58:45] [main/DEBUG] (cpw.mods.modlauncher.LaunchPluginHandler) Final flags state for com.llamalad7.mixinextras.sugar.impl.SugarMixinTransformer is 0
[21:58:45] [main/DEBUG] (cpw.mods.modlauncher.LaunchPluginHandler) LauncherPluginService mixin offering transform com.llamalad7.mixinextras.sugar.impl.SugarMixinTransformer
[21:58:45] [main/DEBUG] (cpw.mods.modlauncher.LaunchPluginHandler) LauncherPluginService runtimedistcleaner offering transform com.llamalad7.mixinextras.sugar.impl.SugarMixinTransformer
[21:58:45] [main/DEBUG] (cpw.mods.modlauncher.LaunchPluginHandler) Final flags state for com.llamalad7.mixinextras.sugar.impl.SugarMixinTransformer is 0
[21:58:45] [main/DEBUG] (cpw.mods.modlauncher.LaunchPluginHandler) LaunchPluginService {AFTER=[org.spongepowered.asm.launch.MixinLaunchPlugin@681f5a1e, net.neoforged.fml.common.asm.RuntimeDistCleaner@474c8d42]}
[21:58:45] [main/DEBUG] (cpw.mods.modlauncher.LaunchPluginHandler) Final flags state for com.llamalad7.mixinextras.expression.impl.wrapper.ExpressionInjectorWrapperTransformer is 0
[21:58:45] [main/DEBUG] (cpw.mods.modlauncher.LaunchPluginHandler) LauncherPluginService mixin offering transform com.llamalad7.mixinextras.expression.impl.wrapper.ExpressionInjectorWrapperTransformer
[21:58:45] [main/DEBUG] (cpw.mods.modlauncher.LaunchPluginHandler) LauncherPluginService runtimedistcleaner offering transform com.llamalad7.mixinextras.expression.impl.wrapper.ExpressionInjectorWrapperTransformer
[21:58:45] [main/DEBUG] (cpw.mods.modlauncher.LaunchPluginHandler) Final flags state for com.llamalad7.mixinextras.expression.impl.wrapper.ExpressionInjectorWrapperTransformer is 0
[21:58:45] [main/DEBUG] (cpw.mods.modlauncher.LaunchPluginHandler) LaunchPluginService {AFTER=[org.spongepowered.asm.launch.MixinLaunchPlugin@681f5a1e, net.neoforged.fml.common.asm.RuntimeDistCleaner@474c8d42]}
[21:58:45] [main/DEBUG] (cpw.mods.modlauncher.LaunchPluginHandler) Final flags state for com.llamalad7.mixinextras.service.ServiceInitializationExtension is 0
[21:58:45] [main/DEBUG] (cpw.mods.modlauncher.LaunchPluginHandler) LauncherPluginService mixin offering transform com.llamalad7.mixinextras.service.ServiceInitializationExtension
[21:58:45] [main/DEBUG] (cpw.mods.modlauncher.LaunchPluginHandler) LauncherPluginService runtimedistcleaner offering transform com.llamalad7.mixinextras.service.ServiceInitializationExtension
[21:58:45] [main/DEBUG] (cpw.mods.modlauncher.LaunchPluginHandler) Final flags state for com.llamalad7.mixinextras.service.ServiceInitializationExtension is 0
[21:58:45] [main/DEBUG] (cpw.mods.modlauncher.LaunchPluginHandler) LaunchPluginService {AFTER=[org.spongepowered.asm.launch.MixinLaunchPlugin@681f5a1e, net.neoforged.fml.common.asm.RuntimeDistCleaner@474c8d42]}
[21:58:45] [main/DEBUG] (cpw.mods.modlauncher.LaunchPluginHandler) Final flags state for com.llamalad7.mixinextras.injector.LateInjectionApplicatorExtension is 0
[21:58:45] [main/DEBUG] (cpw.mods.modlauncher.LaunchPluginHandler) LauncherPluginService mixin offering transform com.llamalad7.mixinextras.injector.LateInjectionApplicatorExtension
[21:58:45] [main/DEBUG] (cpw.mods.modlauncher.LaunchPluginHandler) LauncherPluginService runtimedistcleaner offering transform com.llamalad7.mixinextras.injector.LateInjectionApplicatorExtension
[21:58:45] [main/DEBUG] (cpw.mods.modlauncher.LaunchPluginHandler) Final flags state for com.llamalad7.mixinextras.injector.LateInjectionApplicatorExtension is 0
[21:58:45] [main/DEBUG] (cpw.mods.modlauncher.LaunchPluginHandler) LaunchPluginService {AFTER=[org.spongepowered.asm.launch.MixinLaunchPlugin@681f5a1e, net.neoforged.fml.common.asm.RuntimeDistCleaner@474c8d42]}
[21:58:45] [main/DEBUG] (cpw.mods.modlauncher.LaunchPluginHandler) Final flags state for com.llamalad7.mixinextras.sugar.impl.SugarPostProcessingExtension is 0
[21:58:45] [main/DEBUG] (cpw.mods.modlauncher.LaunchPluginHandler) LauncherPluginService mixin offering transform com.llamalad7.mixinextras.sugar.impl.SugarPostProcessingExtension
[21:58:45] [main/DEBUG] (cpw.mods.modlauncher.LaunchPluginHandler) LauncherPluginService runtimedistcleaner offering transform com.llamalad7.mixinextras.sugar.impl.SugarPostProcessingExtension
[21:58:45] [main/DEBUG] (cpw.mods.modlauncher.LaunchPluginHandler) Final flags state for com.llamalad7.mixinextras.sugar.impl.SugarPostProcessingExtension is 0
[21:58:45] [main/DEBUG] (cpw.mods.modlauncher.LaunchPluginHandler) LaunchPluginService {AFTER=[org.spongepowered.asm.launch.MixinLaunchPlugin@681f5a1e, net.neoforged.fml.common.asm.RuntimeDistCleaner@474c8d42]}
[21:58:45] [main/DEBUG] (cpw.mods.modlauncher.LaunchPluginHandler) Final flags state for com.llamalad7.mixinextras.injector.wrapmethod.WrapMethodApplicatorExtension is 0
[21:58:45] [main/DEBUG] (cpw.mods.modlauncher.LaunchPluginHandler) LauncherPluginService mixin offering transform com.llamalad7.mixinextras.injector.wrapmethod.WrapMethodApplicatorExtension
[21:58:45] [main/DEBUG] (cpw.mods.modlauncher.LaunchPluginHandler) LauncherPluginService runtimedistcleaner offering transform com.llamalad7.mixinextras.injector.wrapmethod.WrapMethodApplicatorExtension
[21:58:45] [main/DEBUG] (cpw.mods.modlauncher.LaunchPluginHandler) Final flags state for com.llamalad7.mixinextras.injector.wrapmethod.WrapMethodApplicatorExtension is 0
[21:58:45] [main/DEBUG] (cpw.mods.modlauncher.LaunchPluginHandler) LaunchPluginService {AFTER=[org.spongepowered.asm.launch.MixinLaunchPlugin@681f5a1e, net.neoforged.fml.common.asm.RuntimeDistCleaner@474c8d42]}
[21:58:45] [main/DEBUG] (cpw.mods.modlauncher.LaunchPluginHandler) Final flags state for com.llamalad7.mixinextras.injector.ModifyExpressionValueInjectionInfo is 0
[21:58:45] [main/DEBUG] (cpw.mods.modlauncher.LaunchPluginHandler) LauncherPluginService mixin offering transform com.llamalad7.mixinextras.injector.ModifyExpressionValueInjectionInfo
[21:58:45] [main/DEBUG] (cpw.mods.modlauncher.LaunchPluginHandler) LauncherPluginService runtimedistcleaner offering transform com.llamalad7.mixinextras.injector.ModifyExpressionValueInjectionInfo
[21:58:45] [main/DEBUG] (cpw.mods.modlauncher.LaunchPluginHandler) Final flags state for com.llamalad7.mixinextras.injector.ModifyExpressionValueInjectionInfo is 0
[21:58:45] [main/DEBUG] (cpw.mods.modlauncher.LaunchPluginHandler) LaunchPluginService {AFTER=[org.spongepowered.asm.launch.MixinLaunchPlugin@681f5a1e, net.neoforged.fml.common.asm.RuntimeDistCleaner@474c8d42]}
[21:58:45] [main/DEBUG] (cpw.mods.modlauncher.LaunchPluginHandler) Final flags state for com.llamalad7.mixinextras.injector.MixinExtrasLateInjectionInfo is 0
[21:58:45] [main/DEBUG] (cpw.mods.modlauncher.LaunchPluginHandler) LauncherPluginService mixin offering transform com.llamalad7.mixinextras.injector.MixinExtrasLateInjectionInfo
[21:58:45] [main/DEBUG] (cpw.mods.modlauncher.LaunchPluginHandler) LauncherPluginService runtimedistcleaner offering transform com.llamalad7.mixinextras.injector.MixinExtrasLateInjectionInfo
[21:58:45] [main/DEBUG] (cpw.mods.modlauncher.LaunchPluginHandler) Final flags state for com.llamalad7.mixinextras.injector.MixinExtrasLateInjectionInfo is 0
[21:58:45] [main/DEBUG] (cpw.mods.modlauncher.LaunchPluginHandler) LaunchPluginService {AFTER=[org.spongepowered.asm.launch.MixinLaunchPlugin@681f5a1e, net.neoforged.fml.common.asm.RuntimeDistCleaner@474c8d42]}
[21:58:45] [main/DEBUG] (cpw.mods.modlauncher.LaunchPluginHandler) Final flags state for com.llamalad7.mixinextras.injector.LateApplyingInjectorInfo is 0
[21:58:45] [main/DEBUG] (cpw.mods.modlauncher.LaunchPluginHandler) LauncherPluginService mixin offering transform com.llamalad7.mixinextras.injector.LateApplyingInjectorInfo
[21:58:45] [main/DEBUG] (cpw.mods.modlauncher.LaunchPluginHandler) LauncherPluginService runtimedistcleaner offering transform com.llamalad7.mixinextras.injector.LateApplyingInjectorInfo
[21:58:45] [main/DEBUG] (cpw.mods.modlauncher.LaunchPluginHandler) Final flags state for com.llamalad7.mixinextras.injector.LateApplyingInjectorInfo is 0
[21:58:45] [main/DEBUG] (cpw.mods.modlauncher.LaunchPluginHandler) LaunchPluginService {AFTER=[org.spongepowered.asm.launch.MixinLaunchPlugin@681f5a1e, net.neoforged.fml.common.asm.RuntimeDistCleaner@474c8d42]}
[21:58:45] [main/DEBUG] (cpw.mods.modlauncher.LaunchPluginHandler) Final flags state for com.llamalad7.mixinextras.injector.MixinExtrasInjectionInfo is 0
[21:58:45] [main/DEBUG] (cpw.mods.modlauncher.LaunchPluginHandler) LauncherPluginService mixin offering transform com.llamalad7.mixinextras.injector.MixinExtrasInjectionInfo
[21:58:45] [main/DEBUG] (cpw.mods.modlauncher.LaunchPluginHandler) LauncherPluginService runtimedistcleaner offering transform com.llamalad7.mixinextras.injector.MixinExtrasInjectionInfo
[21:58:45] [main/DEBUG] (cpw.mods.modlauncher.LaunchPluginHandler) Final flags state for com.llamalad7.mixinextras.injector.MixinExtrasInjectionInfo is 0
[21:58:45] [main/DEBUG] (cpw.mods.modlauncher.LaunchPluginHandler) LaunchPluginService {AFTER=[org.spongepowered.asm.launch.MixinLaunchPlugin@681f5a1e, net.neoforged.fml.common.asm.RuntimeDistCleaner@474c8d42]}
[21:58:45] [main/DEBUG] (cpw.mods.modlauncher.LaunchPluginHandler) Final flags state for com.llamalad7.mixinextras.injector.ModifyReceiverInjectionInfo is 0
[21:58:45] [main/DEBUG] (cpw.mods.modlauncher.LaunchPluginHandler) LauncherPluginService mixin offering transform com.llamalad7.mixinextras.injector.ModifyReceiverInjectionInfo
[21:58:45] [main/DEBUG] (cpw.mods.modlauncher.LaunchPluginHandler) LauncherPluginService runtimedistcleaner offering transform com.llamalad7.mixinextras.injector.ModifyReceiverInjectionInfo
[21:58:45] [main/DEBUG] (cpw.mods.modlauncher.LaunchPluginHandler) Final flags state for com.llamalad7.mixinextras.injector.ModifyReceiverInjectionInfo is 0
[21:58:45] [main/DEBUG] (cpw.mods.modlauncher.LaunchPluginHandler) LaunchPluginService {AFTER=[org.spongepowered.asm.launch.MixinLaunchPlugin@681f5a1e, net.neoforged.fml.common.asm.RuntimeDistCleaner@474c8d42]}
[21:58:45] [main/DEBUG] (cpw.mods.modlauncher.LaunchPluginHandler) Final flags state for com.llamalad7.mixinextras.injector.ModifyReturnValueInjectionInfo is 0
[21:58:45] [main/DEBUG] (cpw.mods.modlauncher.LaunchPluginHandler) LauncherPluginService mixin offering transform com.llamalad7.mixinextras.injector.ModifyReturnValueInjectionInfo
[21:58:45] [main/DEBUG] (cpw.mods.modlauncher.LaunchPluginHandler) LauncherPluginService runtimedistcleaner offering transform com.llamalad7.mixinextras.injector.ModifyReturnValueInjectionInfo
[21:58:45] [main/DEBUG] (cpw.mods.modlauncher.LaunchPluginHandler) Final flags state for com.llamalad7.mixinextras.injector.ModifyReturnValueInjectionInfo is 0
[21:58:45] [main/DEBUG] (cpw.mods.modlauncher.LaunchPluginHandler) LaunchPluginService {AFTER=[org.spongepowered.asm.launch.MixinLaunchPlugin@681f5a1e, net.neoforged.fml.common.asm.RuntimeDistCleaner@474c8d42]}
[21:58:45] [main/DEBUG] (cpw.mods.modlauncher.LaunchPluginHandler) Final flags state for com.llamalad7.mixinextras.injector.wrapoperation.WrapOperationInjectionInfo is 0
[21:58:45] [main/DEBUG] (cpw.mods.modlauncher.LaunchPluginHandler) LauncherPluginService mixin offering transform com.llamalad7.mixinextras.injector.wrapoperation.WrapOperationInjectionInfo
[21:58:45] [main/DEBUG] (cpw.mods.modlauncher.LaunchPluginHandler) LauncherPluginService runtimedistcleaner offering transform com.llamalad7.mixinextras.injector.wrapoperation.WrapOperationInjectionInfo
[21:58:45] [main/DEBUG] (cpw.mods.modlauncher.LaunchPluginHandler) Final flags state for com.llamalad7.mixinextras.injector.wrapoperation.WrapOperationInjectionInfo is 0
[21:58:45] [main/DEBUG] (cpw.mods.modlauncher.LaunchPluginHandler) LaunchPluginService {AFTER=[org.spongepowered.asm.launch.MixinLaunchPlugin@681f5a1e, net.neoforged.fml.common.asm.RuntimeDistCleaner@474c8d42]}
[21:58:45] [main/DEBUG] (cpw.mods.modlauncher.LaunchPluginHandler) Final flags state for com.llamalad7.mixinextras.injector.WrapWithConditionV1InjectionInfo is 0
[21:58:45] [main/DEBUG] (cpw.mods.modlauncher.LaunchPluginHandler) LauncherPluginService mixin offering transform com.llamalad7.mixinextras.injector.WrapWithConditionV1InjectionInfo
[21:58:45] [main/DEBUG] (cpw.mods.modlauncher.LaunchPluginHandler) LauncherPluginService runtimedistcleaner offering transform com.llamalad7.mixinextras.injector.WrapWithConditionV1InjectionInfo
[21:58:45] [main/DEBUG] (cpw.mods.modlauncher.LaunchPluginHandler) Final flags state for com.llamalad7.mixinextras.injector.WrapWithConditionV1InjectionInfo is 0
[21:58:45] [main/DEBUG] (cpw.mods.modlauncher.LaunchPluginHandler) LaunchPluginService {AFTER=[org.spongepowered.asm.launch.MixinLaunchPlugin@681f5a1e, net.neoforged.fml.common.asm.RuntimeDistCleaner@474c8d42]}
[21:58:45] [main/DEBUG] (cpw.mods.modlauncher.LaunchPluginHandler) Final flags state for com.llamalad7.mixinextras.injector.v2.WrapWithConditionInjectionInfo is 0
[21:58:45] [main/DEBUG] (cpw.mods.modlauncher.LaunchPluginHandler) LauncherPluginService mixin offering transform com.llamalad7.mixinextras.injector.v2.WrapWithConditionInjectionInfo
[21:58:45] [main/DEBUG] (cpw.mods.modlauncher.LaunchPluginHandler) LauncherPluginService runtimedistcleaner offering transform com.llamalad7.mixinextras.injector.v2.WrapWithConditionInjectionInfo
[21:58:45] [main/DEBUG] (cpw.mods.modlauncher.LaunchPluginHandler) Final flags state for com.llamalad7.mixinextras.injector.v2.WrapWithConditionInjectionInfo is 0
[21:58:45] [main/DEBUG] (cpw.mods.modlauncher.LaunchPluginHandler) LaunchPluginService {AFTER=[org.spongepowered.asm.launch.MixinLaunchPlugin@681f5a1e, net.neoforged.fml.common.asm.RuntimeDistCleaner@474c8d42]}
[21:58:45] [main/DEBUG] (cpw.mods.modlauncher.LaunchPluginHandler) Final flags state for com.llamalad7.mixinextras.injector.wrapmethod.WrapMethodInjectionInfo is 0
[21:58:45] [main/DEBUG] (cpw.mods.modlauncher.LaunchPluginHandler) LauncherPluginService mixin offering transform com.llamalad7.mixinextras.injector.wrapmethod.WrapMethodInjectionInfo
[21:58:45] [main/DEBUG] (cpw.mods.modlauncher.LaunchPluginHandler) LauncherPluginService runtimedistcleaner offering transform com.llamalad7.mixinextras.injector.wrapmethod.WrapMethodInjectionInfo
[21:58:45] [main/DEBUG] (cpw.mods.modlauncher.LaunchPluginHandler) Final flags state for com.llamalad7.mixinextras.injector.wrapmethod.WrapMethodInjectionInfo is 0
[21:58:45] [main/DEBUG] (cpw.mods.modlauncher.LaunchPluginHandler) LaunchPluginService {AFTER=[org.spongepowered.asm.launch.MixinLaunchPlugin@681f5a1e, net.neoforged.fml.common.asm.RuntimeDistCleaner@474c8d42]}
[21:58:45] [main/DEBUG] (cpw.mods.modlauncher.LaunchPluginHandler) Final flags state for com.llamalad7.mixinextras.expression.impl.point.ExpressionInjectionPoint is 0
[21:58:45] [main/DEBUG] (cpw.mods.modlauncher.LaunchPluginHandler) LauncherPluginService mixin offering transform com.llamalad7.mixinextras.expression.impl.point.ExpressionInjectionPoint
[21:58:45] [main/DEBUG] (cpw.mods.modlauncher.LaunchPluginHandler) LauncherPluginService runtimedistcleaner offering transform com.llamalad7.mixinextras.expression.impl.point.ExpressionInjectionPoint
[21:58:45] [main/DEBUG] (cpw.mods.modlauncher.LaunchPluginHandler) Final flags state for com.llamalad7.mixinextras.expression.impl.point.ExpressionInjectionPoint is 0
[21:58:45] [main/DEBUG] (cpw.mods.modlauncher.LaunchPluginHandler) LaunchPluginService {AFTER=[org.spongepowered.asm.launch.MixinLaunchPlugin@681f5a1e, net.neoforged.fml.common.asm.RuntimeDistCleaner@474c8d42]}
[21:58:45] [main/DEBUG] (cpw.mods.modlauncher.LaunchPluginHandler) Final flags state for com.llamalad7.mixinextras.sugar.impl.SugarWrapperInjectionInfo is 0
[21:58:45] [main/DEBUG] (cpw.mods.modlauncher.LaunchPluginHandler) LauncherPluginService mixin offering transform com.llamalad7.mixinextras.sugar.impl.SugarWrapperInjectionInfo
[21:58:45] [main/DEBUG] (cpw.mods.modlauncher.LaunchPluginHandler) LauncherPluginService runtimedistcleaner offering transform com.llamalad7.mixinextras.sugar.impl.SugarWrapperInjectionInfo
[21:58:45] [main/DEBUG] (cpw.mods.modlauncher.LaunchPluginHandler) Final flags state for com.llamalad7.mixinextras.sugar.impl.SugarWrapperInjectionInfo is 0
[21:58:45] [main/DEBUG] (cpw.mods.modlauncher.LaunchPluginHandler) LaunchPluginService {AFTER=[org.spongepowered.asm.launch.MixinLaunchPlugin@681f5a1e, net.neoforged.fml.common.asm.RuntimeDistCleaner@474c8d42]}
[21:58:45] [main/DEBUG] (cpw.mods.modlauncher.LaunchPluginHandler) Final flags state for com.llamalad7.mixinextras.wrapper.WrapperInjectionInfo is 0
[21:58:45] [main/DEBUG] (cpw.mods.modlauncher.LaunchPluginHandler) LauncherPluginService mixin offering transform com.llamalad7.mixinextras.wrapper.WrapperInjectionInfo
[21:58:45] [main/DEBUG] (cpw.mods.modlauncher.LaunchPluginHandler) LauncherPluginService runtimedistcleaner offering transform com.llamalad7.mixinextras.wrapper.WrapperInjectionInfo
[21:58:45] [main/DEBUG] (cpw.mods.modlauncher.LaunchPluginHandler) Final flags state for com.llamalad7.mixinextras.wrapper.WrapperInjectionInfo is 0
[21:58:45] [main/DEBUG] (cpw.mods.modlauncher.LaunchPluginHandler) LaunchPluginService {AFTER=[org.spongepowered.asm.launch.MixinLaunchPlugin@681f5a1e, net.neoforged.fml.common.asm.RuntimeDistCleaner@474c8d42]}
[21:58:45] [main/DEBUG] (cpw.mods.modlauncher.LaunchPluginHandler) Final flags state for com.llamalad7.mixinextras.wrapper.factory.FactoryRedirectWrapperInjectionInfo is 0
[21:58:45] [main/DEBUG] (cpw.mods.modlauncher.LaunchPluginHandler) LauncherPluginService mixin offering transform com.llamalad7.mixinextras.wrapper.factory.FactoryRedirectWrapperInjectionInfo
[21:58:45] [main/DEBUG] (cpw.mods.modlauncher.LaunchPluginHandler) LauncherPluginService runtimedistcleaner offering transform com.llamalad7.mixinextras.wrapper.factory.FactoryRedirectWrapperInjectionInfo
[21:58:45] [main/DEBUG] (cpw.mods.modlauncher.LaunchPluginHandler) Final flags state for com.llamalad7.mixinextras.wrapper.factory.FactoryRedirectWrapperInjectionInfo is 0
[21:58:45] [main/DEBUG] (cpw.mods.modlauncher.LaunchPluginHandler) LaunchPluginService {AFTER=[org.spongepowered.asm.launch.MixinLaunchPlugin@681f5a1e, net.neoforged.fml.common.asm.RuntimeDistCleaner@474c8d42]}
[21:58:45] [main/DEBUG] (cpw.mods.modlauncher.LaunchPluginHandler) Final flags state for com.llamalad7.mixinextras.expression.impl.wrapper.ExpressionInjectorWrapperInjectionInfo is 0
[21:58:45] [main/DEBUG] (cpw.mods.modlauncher.LaunchPluginHandler) LauncherPluginService mixin offering transform com.llamalad7.mixinextras.expression.impl.wrapper.ExpressionInjectorWrapperInjectionInfo
[21:58:45] [main/DEBUG] (cpw.mods.modlauncher.LaunchPluginHandler) LauncherPluginService runtimedistcleaner offering transform com.llamalad7.mixinextras.expression.impl.wrapper.ExpressionInjectorWrapperInjectionInfo
[21:58:45] [main/DEBUG] (cpw.mods.modlauncher.LaunchPluginHandler) Final flags state for com.llamalad7.mixinextras.expression.impl.wrapper.ExpressionInjectorWrapperInjectionInfo is 0
[21:58:45] [main/DEBUG] (MixinExtras|Service) com.llamalad7.mixinextras.service.MixinExtrasServiceImpl(version=0.5.0) is taking over from null
[21:58:45] [main/DEBUG] (cpw.mods.modlauncher.LaunchPluginHandler) LaunchPluginService {AFTER=[org.spongepowered.asm.launch.MixinLaunchPlugin@681f5a1e, net.neoforged.fml.common.asm.RuntimeDistCleaner@474c8d42]}
[21:58:45] [main/DEBUG] (cpw.mods.modlauncher.LaunchPluginHandler) Final flags state for com.llamalad7.mixinextras.utils.MixinInternals is 0
[21:58:45] [main/DEBUG] (cpw.mods.modlauncher.LaunchPluginHandler) LauncherPluginService mixin offering transform com.llamalad7.mixinextras.utils.MixinInternals
[21:58:45] [main/DEBUG] (cpw.mods.modlauncher.LaunchPluginHandler) LauncherPluginService runtimedistcleaner offering transform com.llamalad7.mixinextras.utils.MixinInternals
[21:58:45] [main/DEBUG] (cpw.mods.modlauncher.LaunchPluginHandler) Final flags state for com.llamalad7.mixinextras.utils.MixinInternals is 0
[21:58:45] [main/DEBUG] (cpw.mods.modlauncher.LaunchPluginHandler) LaunchPluginService {AFTER=[org.spongepowered.asm.launch.MixinLaunchPlugin@681f5a1e, net.neoforged.fml.common.asm.RuntimeDistCleaner@474c8d42]}
[21:58:45] [main/DEBUG] (cpw.mods.modlauncher.LaunchPluginHandler) Final flags state for com.llamalad7.mixinextras.utils.InternalField is 0
[21:58:45] [main/DEBUG] (cpw.mods.modlauncher.LaunchPluginHandler) LauncherPluginService mixin offering transform com.llamalad7.mixinextras.utils.InternalField
[21:58:45] [main/DEBUG] (cpw.mods.modlauncher.LaunchPluginHandler) LauncherPluginService runtimedistcleaner offering transform com.llamalad7.mixinextras.utils.InternalField
[21:58:45] [main/DEBUG] (cpw.mods.modlauncher.LaunchPluginHandler) Final flags state for com.llamalad7.mixinextras.utils.InternalField is 0
[21:58:45] [main/DEBUG] (cpw.mods.modlauncher.LaunchPluginHandler) LaunchPluginService {AFTER=[org.spongepowered.asm.launch.MixinLaunchPlugin@681f5a1e, net.neoforged.fml.common.asm.RuntimeDistCleaner@474c8d42]}
[21:58:45] [main/DEBUG] (cpw.mods.modlauncher.LaunchPluginHandler) Final flags state for com.llamalad7.mixinextras.utils.InternalField$1 is 0
[21:58:45] [main/DEBUG] (cpw.mods.modlauncher.LaunchPluginHandler) LauncherPluginService mixin offering transform com.llamalad7.mixinextras.utils.InternalField$1
[21:58:45] [main/DEBUG] (cpw.mods.modlauncher.LaunchPluginHandler) LauncherPluginService runtimedistcleaner offering transform com.llamalad7.mixinextras.utils.InternalField$1
[21:58:45] [main/DEBUG] (cpw.mods.modlauncher.LaunchPluginHandler) Final flags state for com.llamalad7.mixinextras.utils.InternalField$1 is 0
[21:58:45] [main/DEBUG] (cpw.mods.modlauncher.LaunchPluginHandler) LaunchPluginService {AFTER=[org.spongepowered.asm.launch.MixinLaunchPlugin@681f5a1e, net.neoforged.fml.common.asm.RuntimeDistCleaner@474c8d42]}
[21:58:45] [main/DEBUG] (cpw.mods.modlauncher.LaunchPluginHandler) Final flags state for com.llamalad7.mixinextras.utils.InternalMethod is 0
[21:58:45] [main/DEBUG] (cpw.mods.modlauncher.LaunchPluginHandler) LauncherPluginService mixin offering transform com.llamalad7.mixinextras.utils.InternalMethod
[21:58:45] [main/DEBUG] (cpw.mods.modlauncher.LaunchPluginHandler) LauncherPluginService runtimedistcleaner offering transform com.llamalad7.mixinextras.utils.InternalMethod
[21:58:45] [main/DEBUG] (cpw.mods.modlauncher.LaunchPluginHandler) Final flags state for com.llamalad7.mixinextras.utils.InternalMethod is 0
[21:58:45] [main/DEBUG] (cpw.mods.modlauncher.LaunchPluginHandler) LaunchPluginService {AFTER=[org.spongepowered.asm.launch.MixinLaunchPlugin@681f5a1e, net.neoforged.fml.common.asm.RuntimeDistCleaner@474c8d42]}
[21:58:45] [main/DEBUG] (cpw.mods.modlauncher.LaunchPluginHandler) Final flags state for com.llamalad7.mixinextras.utils.InternalConstructor is 0
[21:58:45] [main/DEBUG] (cpw.mods.modlauncher.LaunchPluginHandler) LauncherPluginService mixin offering transform com.llamalad7.mixinextras.utils.InternalConstructor
[21:58:45] [main/DEBUG] (cpw.mods.modlauncher.LaunchPluginHandler) LauncherPluginService runtimedistcleaner offering transform com.llamalad7.mixinextras.utils.InternalConstructor
[21:58:45] [main/DEBUG] (cpw.mods.modlauncher.LaunchPluginHandler) Final flags state for com.llamalad7.mixinextras.utils.InternalConstructor is 0
[21:58:45] [main/DEBUG] (cpw.mods.modlauncher.LaunchPluginHandler) LaunchPluginService {AFTER=[org.spongepowered.asm.launch.MixinLaunchPlugin@681f5a1e, net.neoforged.fml.common.asm.RuntimeDistCleaner@474c8d42]}
[21:58:45] [main/DEBUG] (cpw.mods.modlauncher.LaunchPluginHandler) Final flags state for com.llamalad7.mixinextras.injector.ModifyExpressionValue is 0
[21:58:45] [main/DEBUG] (cpw.mods.modlauncher.LaunchPluginHandler) LauncherPluginService mixin offering transform com.llamalad7.mixinextras.injector.ModifyExpressionValue
[21:58:45] [main/DEBUG] (cpw.mods.modlauncher.LaunchPluginHandler) LauncherPluginService runtimedistcleaner offering transform com.llamalad7.mixinextras.injector.ModifyExpressionValue
[21:58:45] [main/DEBUG] (cpw.mods.modlauncher.LaunchPluginHandler) Final flags state for com.llamalad7.mixinextras.injector.ModifyExpressionValue is 0
[21:58:45] [main/DEBUG] (mixin) Registering new injector for @Inject with org.spongepowered.asm.mixin.injection.struct.CallbackInjectionInfo
[21:58:45] [main/DEBUG] (mixin) Registering new injector for @ModifyArg with org.spongepowered.asm.mixin.injection.struct.ModifyArgInjectionInfo
[21:58:45] [main/DEBUG] (mixin) Registering new injector for @ModifyArgs with org.spongepowered.asm.mixin.injection.struct.ModifyArgsInjectionInfo
[21:58:45] [main/DEBUG] (mixin) Registering new injector for @Redirect with org.spongepowered.asm.mixin.injection.struct.RedirectInjectionInfo
[21:58:45] [main/DEBUG] (mixin) Registering new injector for @ModifyVariable with org.spongepowered.asm.mixin.injection.struct.ModifyVariableInjectionInfo
[21:58:45] [main/DEBUG] (mixin) Registering new injector for @ModifyConstant with org.spongepowered.asm.mixin.injection.struct.ModifyConstantInjectionInfo
[21:58:45] [main/DEBUG] (cpw.mods.modlauncher.LaunchPluginHandler) LaunchPluginService {AFTER=[org.spongepowered.asm.launch.MixinLaunchPlugin@681f5a1e, net.neoforged.fml.common.asm.RuntimeDistCleaner@474c8d42]}
[21:58:45] [main/DEBUG] (cpw.mods.modlauncher.LaunchPluginHandler) Final flags state for com.llamalad7.mixinextras.injector.ModifyExpressionValueInjector is 0
[21:58:45] [main/DEBUG] (cpw.mods.modlauncher.LaunchPluginHandler) LauncherPluginService mixin offering transform com.llamalad7.mixinextras.injector.ModifyExpressionValueInjector
[21:58:45] [main/DEBUG] (cpw.mods.modlauncher.LaunchPluginHandler) LauncherPluginService runtimedistcleaner offering transform com.llamalad7.mixinextras.injector.ModifyExpressionValueInjector
[21:58:45] [main/DEBUG] (cpw.mods.modlauncher.LaunchPluginHandler) Final flags state for com.llamalad7.mixinextras.injector.ModifyExpressionValueInjector is 0
[21:58:45] [main/DEBUG] (cpw.mods.modlauncher.LaunchPluginHandler) LaunchPluginService {AFTER=[org.spongepowered.asm.launch.MixinLaunchPlugin@681f5a1e, net.neoforged.fml.common.asm.RuntimeDistCleaner@474c8d42]}
[21:58:45] [main/DEBUG] (cpw.mods.modlauncher.LaunchPluginHandler) Final flags state for com.llamalad7.mixinextras.injector.ModifyReceiver is 0
[21:58:45] [main/DEBUG] (cpw.mods.modlauncher.LaunchPluginHandler) LauncherPluginService mixin offering transform com.llamalad7.mixinextras.injector.ModifyReceiver
[21:58:45] [main/DEBUG] (cpw.mods.modlauncher.LaunchPluginHandler) LauncherPluginService runtimedistcleaner offering transform com.llamalad7.mixinextras.injector.ModifyReceiver
[21:58:45] [main/DEBUG] (cpw.mods.modlauncher.LaunchPluginHandler) Final flags state for com.llamalad7.mixinextras.injector.ModifyReceiver is 0
[21:58:45] [main/DEBUG] (cpw.mods.modlauncher.LaunchPluginHandler) LaunchPluginService {AFTER=[org.spongepowered.asm.launch.MixinLaunchPlugin@681f5a1e, net.neoforged.fml.common.asm.RuntimeDistCleaner@474c8d42]}
[21:58:45] [main/DEBUG] (cpw.mods.modlauncher.LaunchPluginHandler) Final flags state for com.llamalad7.mixinextras.injector.ModifyReceiverInjector is 0
[21:58:45] [main/DEBUG] (cpw.mods.modlauncher.LaunchPluginHandler) LauncherPluginService mixin offering transform com.llamalad7.mixinextras.injector.ModifyReceiverInjector
[21:58:45] [main/DEBUG] (cpw.mods.modlauncher.LaunchPluginHandler) LauncherPluginService runtimedistcleaner offering transform com.llamalad7.mixinextras.injector.ModifyReceiverInjector
[21:58:45] [main/DEBUG] (cpw.mods.modlauncher.LaunchPluginHandler) Final flags state for com.llamalad7.mixinextras.injector.ModifyReceiverInjector is 0
[21:58:45] [main/DEBUG] (cpw.mods.modlauncher.LaunchPluginHandler) LaunchPluginService {AFTER=[org.spongepowered.asm.launch.MixinLaunchPlugin@681f5a1e, net.neoforged.fml.common.asm.RuntimeDistCleaner@474c8d42]}
[21:58:45] [main/DEBUG] (cpw.mods.modlauncher.LaunchPluginHandler) Final flags state for com.llamalad7.mixinextras.injector.ModifyReturnValue is 0
[21:58:45] [main/DEBUG] (cpw.mods.modlauncher.LaunchPluginHandler) LauncherPluginService mixin offering transform com.llamalad7.mixinextras.injector.ModifyReturnValue
[21:58:45] [main/DEBUG] (cpw.mods.modlauncher.LaunchPluginHandler) LauncherPluginService runtimedistcleaner offering transform com.llamalad7.mixinextras.injector.ModifyReturnValue
[21:58:45] [main/DEBUG] (cpw.mods.modlauncher.LaunchPluginHandler) Final flags state for com.llamalad7.mixinextras.injector.ModifyReturnValue is 0
[21:58:45] [main/DEBUG] (cpw.mods.modlauncher.LaunchPluginHandler) LaunchPluginService {AFTER=[org.spongepowered.asm.launch.MixinLaunchPlugin@681f5a1e, net.neoforged.fml.common.asm.RuntimeDistCleaner@474c8d42]}
[21:58:45] [main/DEBUG] (cpw.mods.modlauncher.LaunchPluginHandler) Final flags state for com.llamalad7.mixinextras.injector.ModifyReturnValueInjector is 0
[21:58:45] [main/DEBUG] (cpw.mods.modlauncher.LaunchPluginHandler) LauncherPluginService mixin offering transform com.llamalad7.mixinextras.injector.ModifyReturnValueInjector
[21:58:45] [main/DEBUG] (cpw.mods.modlauncher.LaunchPluginHandler) LauncherPluginService runtimedistcleaner offering transform com.llamalad7.mixinextras.injector.ModifyReturnValueInjector
[21:58:45] [main/DEBUG] (cpw.mods.modlauncher.LaunchPluginHandler) Final flags state for com.llamalad7.mixinextras.injector.ModifyReturnValueInjector is 0
[21:58:45] [main/DEBUG] (cpw.mods.modlauncher.LaunchPluginHandler) LaunchPluginService {AFTER=[org.spongepowered.asm.launch.MixinLaunchPlugin@681f5a1e, net.neoforged.fml.common.asm.RuntimeDistCleaner@474c8d42]}
[21:58:45] [main/DEBUG] (cpw.mods.modlauncher.LaunchPluginHandler) Final flags state for com.llamalad7.mixinextras.injector.wrapoperation.WrapOperation is 0
[21:58:45] [main/DEBUG] (cpw.mods.modlauncher.LaunchPluginHandler) LauncherPluginService mixin offering transform com.llamalad7.mixinextras.injector.wrapoperation.WrapOperation
[21:58:45] [main/DEBUG] (cpw.mods.modlauncher.LaunchPluginHandler) LauncherPluginService runtimedistcleaner offering transform com.llamalad7.mixinextras.injector.wrapoperation.WrapOperation
[21:58:45] [main/DEBUG] (cpw.mods.modlauncher.LaunchPluginHandler) Final flags state for com.llamalad7.mixinextras.injector.wrapoperation.WrapOperation is 0
[21:58:45] [main/DEBUG] (cpw.mods.modlauncher.LaunchPluginHandler) LaunchPluginService {AFTER=[org.spongepowered.asm.launch.MixinLaunchPlugin@681f5a1e, net.neoforged.fml.common.asm.RuntimeDistCleaner@474c8d42]}
[21:58:45] [main/DEBUG] (cpw.mods.modlauncher.LaunchPluginHandler) Final flags state for com.llamalad7.mixinextras.injector.wrapoperation.WrapOperationInjector is 0
[21:58:45] [main/DEBUG] (cpw.mods.modlauncher.LaunchPluginHandler) LauncherPluginService mixin offering transform com.llamalad7.mixinextras.injector.wrapoperation.WrapOperationInjector
[21:58:45] [main/DEBUG] (cpw.mods.modlauncher.LaunchPluginHandler) LauncherPluginService runtimedistcleaner offering transform com.llamalad7.mixinextras.injector.wrapoperation.WrapOperationInjector
[21:58:45] [main/DEBUG] (cpw.mods.modlauncher.LaunchPluginHandler) Final flags state for com.llamalad7.mixinextras.injector.wrapoperation.WrapOperationInjector is 0
[21:58:45] [main/DEBUG] (cpw.mods.modlauncher.LaunchPluginHandler) LaunchPluginService {AFTER=[org.spongepowered.asm.launch.MixinLaunchPlugin@681f5a1e, net.neoforged.fml.common.asm.RuntimeDistCleaner@474c8d42]}
[21:58:45] [main/DEBUG] (cpw.mods.modlauncher.LaunchPluginHandler) Final flags state for com.llamalad7.mixinextras.injector.WrapWithCondition is 0
[21:58:45] [main/DEBUG] (cpw.mods.modlauncher.LaunchPluginHandler) LauncherPluginService mixin offering transform com.llamalad7.mixinextras.injector.WrapWithCondition
[21:58:45] [main/DEBUG] (cpw.mods.modlauncher.LaunchPluginHandler) LauncherPluginService runtimedistcleaner offering transform com.llamalad7.mixinextras.injector.WrapWithCondition
[21:58:45] [main/DEBUG] (cpw.mods.modlauncher.LaunchPluginHandler) Final flags state for com.llamalad7.mixinextras.injector.WrapWithCondition is 0
[21:58:45] [main/DEBUG] (cpw.mods.modlauncher.LaunchPluginHandler) LaunchPluginService {AFTER=[org.spongepowered.asm.launch.MixinLaunchPlugin@681f5a1e, net.neoforged.fml.common.asm.RuntimeDistCleaner@474c8d42]}
[21:58:45] [main/DEBUG] (cpw.mods.modlauncher.LaunchPluginHandler) Final flags state for com.llamalad7.mixinextras.injector.WrapWithConditionInjector is 0
[21:58:45] [main/DEBUG] (cpw.mods.modlauncher.LaunchPluginHandler) LauncherPluginService mixin offering transform com.llamalad7.mixinextras.injector.WrapWithConditionInjector
[21:58:45] [main/DEBUG] (cpw.mods.modlauncher.LaunchPluginHandler) LauncherPluginService runtimedistcleaner offering transform com.llamalad7.mixinextras.injector.WrapWithConditionInjector
[21:58:45] [main/DEBUG] (cpw.mods.modlauncher.LaunchPluginHandler) Final flags state for com.llamalad7.mixinextras.injector.WrapWithConditionInjector is 0
[21:58:45] [main/DEBUG] (cpw.mods.modlauncher.LaunchPluginHandler) LaunchPluginService {AFTER=[org.spongepowered.asm.launch.MixinLaunchPlugin@681f5a1e, net.neoforged.fml.common.asm.RuntimeDistCleaner@474c8d42]}
[21:58:45] [main/DEBUG] (cpw.mods.modlauncher.LaunchPluginHandler) Final flags state for com.llamalad7.mixinextras.injector.v2.WrapWithCondition is 0
[21:58:45] [main/DEBUG] (cpw.mods.modlauncher.LaunchPluginHandler) LauncherPluginService mixin offering transform com.llamalad7.mixinextras.injector.v2.WrapWithCondition
[21:58:45] [main/DEBUG] (cpw.mods.modlauncher.LaunchPluginHandler) LauncherPluginService runtimedistcleaner offering transform com.llamalad7.mixinextras.injector.v2.WrapWithCondition
[21:58:45] [main/DEBUG] (cpw.mods.modlauncher.LaunchPluginHandler) Final flags state for com.llamalad7.mixinextras.injector.v2.WrapWithCondition is 0
[21:58:45] [main/DEBUG] (cpw.mods.modlauncher.LaunchPluginHandler) LaunchPluginService {AFTER=[org.spongepowered.asm.launch.MixinLaunchPlugin@681f5a1e, net.neoforged.fml.common.asm.RuntimeDistCleaner@474c8d42]}
[21:58:45] [main/DEBUG] (cpw.mods.modlauncher.LaunchPluginHandler) Final flags state for com.llamalad7.mixinextras.injector.wrapmethod.WrapMethod is 0
[21:58:45] [main/DEBUG] (cpw.mods.modlauncher.LaunchPluginHandler) LauncherPluginService mixin offering transform com.llamalad7.mixinextras.injector.wrapmethod.WrapMethod
[21:58:45] [main/DEBUG] (cpw.mods.modlauncher.LaunchPluginHandler) LauncherPluginService runtimedistcleaner offering transform com.llamalad7.mixinextras.injector.wrapmethod.WrapMethod
[21:58:45] [main/DEBUG] (cpw.mods.modlauncher.LaunchPluginHandler) Final flags state for com.llamalad7.mixinextras.injector.wrapmethod.WrapMethod is 0
[21:58:45] [main/DEBUG] (cpw.mods.modlauncher.LaunchPluginHandler) LaunchPluginService {AFTER=[org.spongepowered.asm.launch.MixinLaunchPlugin@681f5a1e, net.neoforged.fml.common.asm.RuntimeDistCleaner@474c8d42]}
[21:58:45] [main/DEBUG] (cpw.mods.modlauncher.LaunchPluginHandler) Final flags state for com.llamalad7.mixinextras.injector.wrapmethod.WrapMethodInjector is 0
[21:58:45] [main/DEBUG] (cpw.mods.modlauncher.LaunchPluginHandler) LauncherPluginService mixin offering transform com.llamalad7.mixinextras.injector.wrapmethod.WrapMethodInjector
[21:58:45] [main/DEBUG] (cpw.mods.modlauncher.LaunchPluginHandler) LauncherPluginService runtimedistcleaner offering transform com.llamalad7.mixinextras.injector.wrapmethod.WrapMethodInjector
[21:58:45] [main/DEBUG] (cpw.mods.modlauncher.LaunchPluginHandler) Final flags state for com.llamalad7.mixinextras.injector.wrapmethod.WrapMethodInjector is 0
[21:58:45] [main/DEBUG] (mixin) Preparing emi.mixins.json (25)
[21:58:45] [main/DEBUG] (cpw.mods.modlauncher.LaunchPluginHandler) LaunchPluginService {AFTER=[net.neoforged.fml.common.asm.RuntimeDistCleaner@474c8d42]}
[21:58:45] [main/DEBUG] (cpw.mods.modlauncher.LaunchPluginHandler) Final flags state for dev.emi.emi.mixin.accessor.AxeItemAccessor is 0
[21:58:45] [main/DEBUG] (cpw.mods.modlauncher.LaunchPluginHandler) LauncherPluginService runtimedistcleaner offering transform dev.emi.emi.mixin.accessor.AxeItemAccessor
[21:58:45] [main/DEBUG] (cpw.mods.modlauncher.LaunchPluginHandler) Final flags state for dev.emi.emi.mixin.accessor.AxeItemAccessor is 0
[21:58:45] [main/DEBUG] (cpw.mods.modlauncher.LaunchPluginHandler) LaunchPluginService {AFTER=[net.neoforged.fml.common.asm.RuntimeDistCleaner@474c8d42]}
[21:58:45] [main/DEBUG] (cpw.mods.modlauncher.LaunchPluginHandler) Final flags state for dev.emi.emi.mixin.accessor.BakedModelManagerAccessor is 0
[21:58:45] [main/DEBUG] (cpw.mods.modlauncher.LaunchPluginHandler) LauncherPluginService runtimedistcleaner offering transform dev.emi.emi.mixin.accessor.BakedModelManagerAccessor
[21:58:45] [main/DEBUG] (cpw.mods.modlauncher.LaunchPluginHandler) Final flags state for dev.emi.emi.mixin.accessor.BakedModelManagerAccessor is 0
[21:58:45] [main/DEBUG] (cpw.mods.modlauncher.LaunchPluginHandler) LaunchPluginService {AFTER=[net.neoforged.fml.common.asm.RuntimeDistCleaner@474c8d42]}
[21:58:45] [main/DEBUG] (cpw.mods.modlauncher.LaunchPluginHandler) Final flags state for dev.emi.emi.mixin.accessor.BrewingRecipeRegistryAccessor is 0
[21:58:45] [main/DEBUG] (cpw.mods.modlauncher.LaunchPluginHandler) LauncherPluginService runtimedistcleaner offering transform dev.emi.emi.mixin.accessor.BrewingRecipeRegistryAccessor
[21:58:45] [main/DEBUG] (cpw.mods.modlauncher.LaunchPluginHandler) Final flags state for dev.emi.emi.mixin.accessor.BrewingRecipeRegistryAccessor is 0
[21:58:45] [main/DEBUG] (cpw.mods.modlauncher.LaunchPluginHandler) LaunchPluginService {AFTER=[net.neoforged.fml.common.asm.RuntimeDistCleaner@474c8d42]}
[21:58:45] [main/DEBUG] (cpw.mods.modlauncher.LaunchPluginHandler) Final flags state for dev.emi.emi.mixin.accessor.CraftingResultSlotAccessor is 0
[21:58:45] [main/DEBUG] (cpw.mods.modlauncher.LaunchPluginHandler) LauncherPluginService runtimedistcleaner offering transform dev.emi.emi.mixin.accessor.CraftingResultSlotAccessor
[21:58:45] [main/DEBUG] (cpw.mods.modlauncher.LaunchPluginHandler) Final flags state for dev.emi.emi.mixin.accessor.CraftingResultSlotAccessor is 0
[21:58:45] [main/DEBUG] (cpw.mods.modlauncher.LaunchPluginHandler) LaunchPluginService {AFTER=[net.neoforged.fml.common.asm.RuntimeDistCleaner@474c8d42]}
[21:58:45] [main/DEBUG] (cpw.mods.modlauncher.LaunchPluginHandler) Final flags state for dev.emi.emi.mixin.accessor.DrawContextAccessor is 0
[21:58:45] [main/DEBUG] (cpw.mods.modlauncher.LaunchPluginHandler) LauncherPluginService runtimedistcleaner offering transform dev.emi.emi.mixin.accessor.DrawContextAccessor
[21:58:45] [main/DEBUG] (cpw.mods.modlauncher.LaunchPluginHandler) Final flags state for dev.emi.emi.mixin.accessor.DrawContextAccessor is 0
[21:58:45] [main/DEBUG] (cpw.mods.modlauncher.LaunchPluginHandler) LaunchPluginService {AFTER=[net.neoforged.fml.common.asm.RuntimeDistCleaner@474c8d42]}
[21:58:45] [main/DEBUG] (cpw.mods.modlauncher.LaunchPluginHandler) Final flags state for dev.emi.emi.mixin.accessor.HandledScreenAccessor is 0
[21:58:45] [main/DEBUG] (cpw.mods.modlauncher.LaunchPluginHandler) LauncherPluginService runtimedistcleaner offering transform dev.emi.emi.mixin.accessor.HandledScreenAccessor
[21:58:45] [main/DEBUG] (cpw.mods.modlauncher.LaunchPluginHandler) Final flags state for dev.emi.emi.mixin.accessor.HandledScreenAccessor is 0
[21:58:45] [main/DEBUG] (cpw.mods.modlauncher.LaunchPluginHandler) LaunchPluginService {AFTER=[net.neoforged.fml.common.asm.RuntimeDistCleaner@474c8d42]}
[21:58:45] [main/DEBUG] (cpw.mods.modlauncher.LaunchPluginHandler) Final flags state for dev.emi.emi.mixin.accessor.HoeItemAccessor is 0
[21:58:45] [main/DEBUG] (cpw.mods.modlauncher.LaunchPluginHandler) LauncherPluginService runtimedistcleaner offering transform dev.emi.emi.mixin.accessor.HoeItemAccessor
[21:58:45] [main/DEBUG] (cpw.mods.modlauncher.LaunchPluginHandler) Final flags state for dev.emi.emi.mixin.accessor.HoeItemAccessor is 0
[21:58:45] [main/DEBUG] (cpw.mods.modlauncher.LaunchPluginHandler) LaunchPluginService {AFTER=[net.neoforged.fml.common.asm.RuntimeDistCleaner@474c8d42]}
[21:58:45] [main/DEBUG] (cpw.mods.modlauncher.LaunchPluginHandler) Final flags state for dev.emi.emi.mixin.accessor.ItemRendererAccessor is 0
[21:58:45] [main/DEBUG] (cpw.mods.modlauncher.LaunchPluginHandler) LauncherPluginService runtimedistcleaner offering transform dev.emi.emi.mixin.accessor.ItemRendererAccessor
[21:58:45] [main/DEBUG] (cpw.mods.modlauncher.LaunchPluginHandler) Final flags state for dev.emi.emi.mixin.accessor.ItemRendererAccessor is 0
[21:58:45] [main/DEBUG] (cpw.mods.modlauncher.LaunchPluginHandler) LaunchPluginService {AFTER=[net.neoforged.fml.common.asm.RuntimeDistCleaner@474c8d42]}
[21:58:45] [main/DEBUG] (cpw.mods.modlauncher.LaunchPluginHandler) Final flags state for dev.emi.emi.mixin.accessor.OrderedTextTooltipComponentAccessor is 0
[21:58:45] [main/DEBUG] (cpw.mods.modlauncher.LaunchPluginHandler) LauncherPluginService runtimedistcleaner offering transform dev.emi.emi.mixin.accessor.OrderedTextTooltipComponentAccessor
[21:58:45] [main/DEBUG] (cpw.mods.modlauncher.LaunchPluginHandler) Final flags state for dev.emi.emi.mixin.accessor.OrderedTextTooltipComponentAccessor is 0
[21:58:45] [main/DEBUG] (cpw.mods.modlauncher.LaunchPluginHandler) LaunchPluginService {AFTER=[net.neoforged.fml.common.asm.RuntimeDistCleaner@474c8d42]}
[21:58:45] [main/DEBUG] (cpw.mods.modlauncher.LaunchPluginHandler) Final flags state for dev.emi.emi.mixin.accessor.ShovelItemAccessor is 0
[21:58:45] [main/DEBUG] (cpw.mods.modlauncher.LaunchPluginHandler) LauncherPluginService runtimedistcleaner offering transform dev.emi.emi.mixin.accessor.ShovelItemAccessor
[21:58:45] [main/DEBUG] (cpw.mods.modlauncher.LaunchPluginHandler) Final flags state for dev.emi.emi.mixin.accessor.ShovelItemAccessor is 0
[21:58:45] [main/DEBUG] (cpw.mods.modlauncher.LaunchPluginHandler) LaunchPluginService {AFTER=[net.neoforged.fml.common.asm.RuntimeDistCleaner@474c8d42]}
[21:58:45] [main/DEBUG] (cpw.mods.modlauncher.LaunchPluginHandler) Final flags state for dev.emi.emi.mixin.accessor.SmithingTransformRecipeAccessor is 0
[21:58:45] [main/DEBUG] (cpw.mods.modlauncher.LaunchPluginHandler) LauncherPluginService runtimedistcleaner offering transform dev.emi.emi.mixin.accessor.SmithingTransformRecipeAccessor
[21:58:45] [main/DEBUG] (cpw.mods.modlauncher.LaunchPluginHandler) Final flags state for dev.emi.emi.mixin.accessor.SmithingTransformRecipeAccessor is 0
[21:58:45] [main/DEBUG] (cpw.mods.modlauncher.LaunchPluginHandler) LaunchPluginService {AFTER=[net.neoforged.fml.common.asm.RuntimeDistCleaner@474c8d42]}
[21:58:45] [main/DEBUG] (cpw.mods.modlauncher.LaunchPluginHandler) Final flags state for dev.emi.emi.mixin.accessor.SmithingTrimRecipeAccessor is 0
[21:58:45] [main/DEBUG] (cpw.mods.modlauncher.LaunchPluginHandler) LauncherPluginService runtimedistcleaner offering transform dev.emi.emi.mixin.accessor.SmithingTrimRecipeAccessor
[21:58:45] [main/DEBUG] (cpw.mods.modlauncher.LaunchPluginHandler) Final flags state for dev.emi.emi.mixin.accessor.SmithingTrimRecipeAccessor is 0
[21:58:45] [main/DEBUG] (cpw.mods.modlauncher.LaunchPluginHandler) LaunchPluginService {AFTER=[net.neoforged.fml.common.asm.RuntimeDistCleaner@474c8d42]}
[21:58:45] [main/DEBUG] (cpw.mods.modlauncher.LaunchPluginHandler) Final flags state for dev.emi.emi.mixin.jei.PluginCallerMixin is 0
[21:58:45] [main/DEBUG] (cpw.mods.modlauncher.LaunchPluginHandler) LauncherPluginService runtimedistcleaner offering transform dev.emi.emi.mixin.jei.PluginCallerMixin
[21:58:45] [main/DEBUG] (cpw.mods.modlauncher.LaunchPluginHandler) Final flags state for dev.emi.emi.mixin.jei.PluginCallerMixin is 0
[21:58:45] [main/DEBUG] (cpw.mods.modlauncher.LaunchPluginHandler) LaunchPluginService {AFTER=[net.neoforged.fml.common.asm.RuntimeDistCleaner@474c8d42]}
[21:58:45] [main/DEBUG] (cpw.mods.modlauncher.LaunchPluginHandler) Final flags state for dev.emi.emi.mixin.AbstractInventoryScreenMixin is 0
[21:58:45] [main/DEBUG] (cpw.mods.modlauncher.LaunchPluginHandler) LauncherPluginService runtimedistcleaner offering transform dev.emi.emi.mixin.AbstractInventoryScreenMixin
[21:58:45] [main/DEBUG] (cpw.mods.modlauncher.LaunchPluginHandler) Final flags state for dev.emi.emi.mixin.AbstractInventoryScreenMixin is 0
[21:58:45] [main/DEBUG] (cpw.mods.modlauncher.LaunchPluginHandler) LaunchPluginService {AFTER=[net.neoforged.fml.common.asm.RuntimeDistCleaner@474c8d42]}
[21:58:45] [main/DEBUG] (cpw.mods.modlauncher.LaunchPluginHandler) Final flags state for dev.emi.emi.mixin.CraftingResultSlotMixin is 0
[21:58:45] [main/DEBUG] (cpw.mods.modlauncher.LaunchPluginHandler) LauncherPluginService runtimedistcleaner offering transform dev.emi.emi.mixin.CraftingResultSlotMixin
[21:58:45] [main/DEBUG] (cpw.mods.modlauncher.LaunchPluginHandler) Final flags state for dev.emi.emi.mixin.CraftingResultSlotMixin is 0
[21:58:45] [main/DEBUG] (cpw.mods.modlauncher.LaunchPluginHandler) LaunchPluginService {AFTER=[net.neoforged.fml.common.asm.RuntimeDistCleaner@474c8d42]}
[21:58:45] [main/DEBUG] (cpw.mods.modlauncher.LaunchPluginHandler) Final flags state for dev.emi.emi.mixin.DrawContextMixin is 0
[21:58:45] [main/DEBUG] (cpw.mods.modlauncher.LaunchPluginHandler) LauncherPluginService runtimedistcleaner offering transform dev.emi.emi.mixin.DrawContextMixin
[21:58:45] [main/DEBUG] (cpw.mods.modlauncher.LaunchPluginHandler) Final flags state for dev.emi.emi.mixin.DrawContextMixin is 0
[21:58:45] [main/DEBUG] (cpw.mods.modlauncher.LaunchPluginHandler) LaunchPluginService {AFTER=[net.neoforged.fml.common.asm.RuntimeDistCleaner@474c8d42]}
[21:58:45] [main/DEBUG] (cpw.mods.modlauncher.LaunchPluginHandler) Final flags state for dev.emi.emi.mixin.HandledScreenMixin is 0
[21:58:45] [main/DEBUG] (cpw.mods.modlauncher.LaunchPluginHandler) LauncherPluginService runtimedistcleaner offering transform dev.emi.emi.mixin.HandledScreenMixin
[21:58:45] [main/DEBUG] (cpw.mods.modlauncher.LaunchPluginHandler) Final flags state for dev.emi.emi.mixin.HandledScreenMixin is 0
[21:58:45] [main/DEBUG] (cpw.mods.modlauncher.LaunchPluginHandler) LaunchPluginService {AFTER=[net.neoforged.fml.common.asm.RuntimeDistCleaner@474c8d42]}
[21:58:45] [main/DEBUG] (cpw.mods.modlauncher.LaunchPluginHandler) Final flags state for dev.emi.emi.mixin.HoeItemMixin is 0
[21:58:45] [main/DEBUG] (cpw.mods.modlauncher.LaunchPluginHandler) LauncherPluginService runtimedistcleaner offering transform dev.emi.emi.mixin.HoeItemMixin
[21:58:45] [main/DEBUG] (cpw.mods.modlauncher.LaunchPluginHandler) Final flags state for dev.emi.emi.mixin.HoeItemMixin is 0
[21:58:45] [main/DEBUG] (cpw.mods.modlauncher.LaunchPluginHandler) LaunchPluginService {AFTER=[net.neoforged.fml.common.asm.RuntimeDistCleaner@474c8d42]}
[21:58:45] [main/DEBUG] (cpw.mods.modlauncher.LaunchPluginHandler) Final flags state for dev.emi.emi.mixin.ItemStackMixin is 0
[21:58:45] [main/DEBUG] (cpw.mods.modlauncher.LaunchPluginHandler) LauncherPluginService runtimedistcleaner offering transform dev.emi.emi.mixin.ItemStackMixin
[21:58:45] [main/DEBUG] (cpw.mods.modlauncher.LaunchPluginHandler) Final flags state for dev.emi.emi.mixin.ItemStackMixin is 0
[21:58:45] [main/DEBUG] (cpw.mods.modlauncher.LaunchPluginHandler) LaunchPluginService {AFTER=[net.neoforged.fml.common.asm.RuntimeDistCleaner@474c8d42]}
[21:58:45] [main/DEBUG] (cpw.mods.modlauncher.LaunchPluginHandler) Final flags state for dev.emi.emi.mixin.KeyboardMixin is 0
[21:58:45] [main/DEBUG] (cpw.mods.modlauncher.LaunchPluginHandler) LauncherPluginService runtimedistcleaner offering transform dev.emi.emi.mixin.KeyboardMixin
[21:58:45] [main/DEBUG] (cpw.mods.modlauncher.LaunchPluginHandler) Final flags state for dev.emi.emi.mixin.KeyboardMixin is 0
[21:58:45] [main/DEBUG] (cpw.mods.modlauncher.LaunchPluginHandler) LaunchPluginService {AFTER=[net.neoforged.fml.common.asm.RuntimeDistCleaner@474c8d42]}
[21:58:45] [main/DEBUG] (cpw.mods.modlauncher.LaunchPluginHandler) Final flags state for dev.emi.emi.mixin.MinecraftClientMixin is 0
[21:58:45] [main/DEBUG] (cpw.mods.modlauncher.LaunchPluginHandler) LauncherPluginService runtimedistcleaner offering transform dev.emi.emi.mixin.MinecraftClientMixin
[21:58:45] [main/DEBUG] (cpw.mods.modlauncher.LaunchPluginHandler) Final flags state for dev.emi.emi.mixin.MinecraftClientMixin is 0
[21:58:45] [main/DEBUG] (cpw.mods.modlauncher.LaunchPluginHandler) LaunchPluginService {AFTER=[net.neoforged.fml.common.asm.RuntimeDistCleaner@474c8d42]}
[21:58:45] [main/DEBUG] (cpw.mods.modlauncher.LaunchPluginHandler) Final flags state for dev.emi.emi.mixin.MouseMixin is 0
[21:58:45] [main/DEBUG] (cpw.mods.modlauncher.LaunchPluginHandler) LauncherPluginService runtimedistcleaner offering transform dev.emi.emi.mixin.MouseMixin
[21:58:45] [main/DEBUG] (cpw.mods.modlauncher.LaunchPluginHandler) Final flags state for dev.emi.emi.mixin.MouseMixin is 0
[21:58:45] [main/DEBUG] (cpw.mods.modlauncher.LaunchPluginHandler) LaunchPluginService {AFTER=[net.neoforged.fml.common.asm.RuntimeDistCleaner@474c8d42]}
[21:58:45] [main/DEBUG] (cpw.mods.modlauncher.LaunchPluginHandler) Final flags state for dev.emi.emi.mixin.RecipeBookWidgetMixin is 0
[21:58:45] [main/DEBUG] (cpw.mods.modlauncher.LaunchPluginHandler) LauncherPluginService runtimedistcleaner offering transform dev.emi.emi.mixin.RecipeBookWidgetMixin
[21:58:45] [main/DEBUG] (cpw.mods.modlauncher.LaunchPluginHandler) Final flags state for dev.emi.emi.mixin.RecipeBookWidgetMixin is 0
[21:58:45] [main/DEBUG] (cpw.mods.modlauncher.LaunchPluginHandler) LaunchPluginService {AFTER=[net.neoforged.fml.common.asm.RuntimeDistCleaner@474c8d42]}
[21:58:45] [main/DEBUG] (cpw.mods.modlauncher.LaunchPluginHandler) Final flags state for dev.emi.emi.mixin.ScreenMixin is 0
[21:58:45] [main/DEBUG] (cpw.mods.modlauncher.LaunchPluginHandler) LauncherPluginService runtimedistcleaner offering transform dev.emi.emi.mixin.ScreenMixin
[21:58:45] [main/DEBUG] (cpw.mods.modlauncher.LaunchPluginHandler) Final flags state for dev.emi.emi.mixin.ScreenMixin is 0
[21:58:45] [main/DEBUG] (cpw.mods.modlauncher.LaunchPluginHandler) LaunchPluginService {AFTER=[net.neoforged.fml.common.asm.RuntimeDistCleaner@474c8d42]}
[21:58:45] [main/DEBUG] (cpw.mods.modlauncher.LaunchPluginHandler) Final flags state for dev.emi.emi.mixin.ToastManagerMixin is 0
[21:58:45] [main/DEBUG] (cpw.mods.modlauncher.LaunchPluginHandler) LauncherPluginService runtimedistcleaner offering transform dev.emi.emi.mixin.ToastManagerMixin
[21:58:45] [main/DEBUG] (cpw.mods.modlauncher.LaunchPluginHandler) Final flags state for dev.emi.emi.mixin.ToastManagerMixin is 0
[21:58:45] [main/DEBUG] (cpw.mods.modlauncher.LaunchPluginHandler) LaunchPluginService {BEFORE=[net.neoforged.accesstransformer.ml.AccessTransformerService@23038621], AFTER=[juuxel.unprotect.UnprotectLaunchPlugin@6bd01b0e, net.neoforged.fml.common.asm.RuntimeDistCleaner@474c8d42]}
[21:58:45] [main/DEBUG] (cpw.mods.modlauncher.LaunchPluginHandler) LauncherPluginService accesstransformer offering transform net.minecraft.world.item.AxeItem
[21:58:45] [main/DEBUG] (net.neoforged.accesstransformer.AccessTransformer) Transforming net.minecraft.world.item.AxeItem FIELD STRIPPABLES to access PUBLIC and REMOVEFINAL
[21:58:45] [main/DEBUG] (cpw.mods.modlauncher.LaunchPluginHandler) LauncherPluginService accesstransformer transformed net.minecraft.world.item.AxeItem with class compute flags 256
[21:58:45] [main/DEBUG] (cpw.mods.modlauncher.LaunchPluginHandler) Final flags state for net.minecraft.world.item.AxeItem is 256
[21:58:45] [main/DEBUG] (cpw.mods.modlauncher.LaunchPluginHandler) LauncherPluginService unprotect offering transform net.minecraft.world.item.AxeItem
[21:58:45] [main/DEBUG] (cpw.mods.modlauncher.LaunchPluginHandler) LauncherPluginService unprotect transformed net.minecraft.world.item.AxeItem with class compute flags 2
[21:58:45] [main/DEBUG] (cpw.mods.modlauncher.LaunchPluginHandler) LauncherPluginService runtimedistcleaner offering transform net.minecraft.world.item.AxeItem
[21:58:45] [main/DEBUG] (cpw.mods.modlauncher.LaunchPluginHandler) Final flags state for net.minecraft.world.item.AxeItem is 2
[21:58:45] [main/DEBUG] (cpw.mods.modlauncher.LaunchPluginHandler) LaunchPluginService {AFTER=[juuxel.unprotect.UnprotectLaunchPlugin@6bd01b0e, net.neoforged.fml.common.asm.RuntimeDistCleaner@474c8d42]}
[21:58:45] [main/DEBUG] (cpw.mods.modlauncher.LaunchPluginHandler) Final flags state for net.minecraft.client.resources.model.ModelManager is 0
[21:58:45] [main/DEBUG] (cpw.mods.modlauncher.LaunchPluginHandler) LauncherPluginService unprotect offering transform net.minecraft.client.resources.model.ModelManager
[21:58:45] [main/DEBUG] (cpw.mods.modlauncher.LaunchPluginHandler) LauncherPluginService unprotect transformed net.minecraft.client.resources.model.ModelManager with class compute flags 2
[21:58:45] [main/DEBUG] (cpw.mods.modlauncher.LaunchPluginHandler) LauncherPluginService runtimedistcleaner offering transform net.minecraft.client.resources.model.ModelManager
[21:58:45] [main/DEBUG] (net.neoforged.fml.common.asm.RuntimeDistCleaner) Removing Class Annotation: net/minecraft/client/resources/model/ModelManager @Lnet/neoforged/api/distmarker/OnlyIn;
[21:58:45] [main/DEBUG] (cpw.mods.modlauncher.LaunchPluginHandler) LauncherPluginService runtimedistcleaner transformed net.minecraft.client.resources.model.ModelManager with class compute flags 256
[21:58:45] [main/DEBUG] (cpw.mods.modlauncher.LaunchPluginHandler) Final flags state for net.minecraft.client.resources.model.ModelManager is 258
[21:58:45] [main/DEBUG] (cpw.mods.modlauncher.LaunchPluginHandler) LaunchPluginService {AFTER=[org.spongepowered.asm.launch.MixinLaunchPlugin@681f5a1e, juuxel.unprotect.UnprotectLaunchPlugin@6bd01b0e, net.neoforged.fml.common.asm.RuntimeDistCleaner@474c8d42]}
[21:58:45] [main/DEBUG] (cpw.mods.modlauncher.LaunchPluginHandler) Final flags state for net.minecraft.server.packs.resources.PreparableReloadListener is 0
[21:58:45] [main/DEBUG] (cpw.mods.modlauncher.LaunchPluginHandler) LauncherPluginService mixin offering transform net.minecraft.server.packs.resources.PreparableReloadListener
[21:58:45] [main/DEBUG] (cpw.mods.modlauncher.LaunchPluginHandler) LauncherPluginService unprotect offering transform net.minecraft.server.packs.resources.PreparableReloadListener
[21:58:45] [main/DEBUG] (cpw.mods.modlauncher.LaunchPluginHandler) LauncherPluginService runtimedistcleaner offering transform net.minecraft.server.packs.resources.PreparableReloadListener
[21:58:45] [main/DEBUG] (cpw.mods.modlauncher.LaunchPluginHandler) Final flags state for net.minecraft.server.packs.resources.PreparableReloadListener is 0
[21:58:45] [main/DEBUG] (cpw.mods.modlauncher.LaunchPluginHandler) LaunchPluginService {AFTER=[org.spongepowered.asm.launch.MixinLaunchPlugin@681f5a1e, net.neoforged.fml.common.asm.RuntimeDistCleaner@474c8d42]}
[21:58:45] [main/DEBUG] (cpw.mods.modlauncher.LaunchPluginHandler) Final flags state for java.lang.AutoCloseable is 0
[21:58:45] [main/DEBUG] (cpw.mods.modlauncher.LaunchPluginHandler) LauncherPluginService mixin offering transform java.lang.AutoCloseable
[21:58:45] [main/DEBUG] (cpw.mods.modlauncher.LaunchPluginHandler) LauncherPluginService runtimedistcleaner offering transform java.lang.AutoCloseable
[21:58:45] [main/DEBUG] (cpw.mods.modlauncher.LaunchPluginHandler) Final flags state for java.lang.AutoCloseable is 0
[21:58:45] [main/DEBUG] (cpw.mods.modlauncher.LaunchPluginHandler) LaunchPluginService {AFTER=[org.spongepowered.asm.launch.MixinLaunchPlugin@681f5a1e, net.neoforged.fml.common.asm.RuntimeDistCleaner@474c8d42]}
[21:58:45] [main/DEBUG] (cpw.mods.modlauncher.LaunchPluginHandler) Final flags state for java.io.BufferedReader is 0
[21:58:45] [main/DEBUG] (cpw.mods.modlauncher.LaunchPluginHandler) LauncherPluginService mixin offering transform java.io.BufferedReader
[21:58:45] [main/DEBUG] (cpw.mods.modlauncher.LaunchPluginHandler) LauncherPluginService runtimedistcleaner offering transform java.io.BufferedReader
[21:58:45] [main/DEBUG] (cpw.mods.modlauncher.LaunchPluginHandler) Final flags state for java.io.BufferedReader is 0
[21:58:45] [main/DEBUG] (cpw.mods.modlauncher.LaunchPluginHandler) LaunchPluginService {AFTER=[org.spongepowered.asm.launch.MixinLaunchPlugin@681f5a1e, net.neoforged.fml.common.asm.RuntimeDistCleaner@474c8d42]}
[21:58:45] [main/DEBUG] (cpw.mods.modlauncher.LaunchPluginHandler) Final flags state for java.io.Reader is 0
[21:58:45] [main/DEBUG] (cpw.mods.modlauncher.LaunchPluginHandler) LauncherPluginService mixin offering transform java.io.Reader
[21:58:45] [main/DEBUG] (cpw.mods.modlauncher.LaunchPluginHandler) LauncherPluginService runtimedistcleaner offering transform java.io.Reader
[21:58:45] [main/DEBUG] (cpw.mods.modlauncher.LaunchPluginHandler) Final flags state for java.io.Reader is 0
[21:58:45] [main/DEBUG] (cpw.mods.modlauncher.LaunchPluginHandler) LaunchPluginService {AFTER=[org.spongepowered.asm.launch.MixinLaunchPlugin@681f5a1e, net.neoforged.fml.common.asm.RuntimeDistCleaner@474c8d42]}
[21:58:45] [main/DEBUG] (cpw.mods.modlauncher.LaunchPluginHandler) Final flags state for java.lang.Readable is 0
[21:58:45] [main/DEBUG] (cpw.mods.modlauncher.LaunchPluginHandler) LauncherPluginService mixin offering transform java.lang.Readable
[21:58:45] [main/DEBUG] (cpw.mods.modlauncher.LaunchPluginHandler) LauncherPluginService runtimedistcleaner offering transform java.lang.Readable
[21:58:45] [main/DEBUG] (cpw.mods.modlauncher.LaunchPluginHandler) Final flags state for java.lang.Readable is 0
[21:58:45] [main/DEBUG] (cpw.mods.modlauncher.LaunchPluginHandler) LaunchPluginService {AFTER=[org.spongepowered.asm.launch.MixinLaunchPlugin@681f5a1e, net.neoforged.fml.common.asm.RuntimeDistCleaner@474c8d42]}
[21:58:45] [main/DEBUG] (cpw.mods.modlauncher.LaunchPluginHandler) Final flags state for java.io.Closeable is 0
[21:58:45] [main/DEBUG] (cpw.mods.modlauncher.LaunchPluginHandler) LauncherPluginService mixin offering transform java.io.Closeable
[21:58:45] [main/DEBUG] (cpw.mods.modlauncher.LaunchPluginHandler) LauncherPluginService runtimedistcleaner offering transform java.io.Closeable
[21:58:45] [main/DEBUG] (cpw.mods.modlauncher.LaunchPluginHandler) Final flags state for java.io.Closeable is 0
[21:58:45] [main/DEBUG] (cpw.mods.modlauncher.LaunchPluginHandler) LaunchPluginService {BEFORE=[net.neoforged.accesstransformer.ml.AccessTransformerService@23038621], AFTER=[juuxel.unprotect.UnprotectLaunchPlugin@6bd01b0e, net.neoforged.fml.common.asm.RuntimeDistCleaner@474c8d42]}
[21:58:45] [main/DEBUG] (cpw.mods.modlauncher.LaunchPluginHandler) LauncherPluginService accesstransformer offering transform net.minecraft.world.item.alchemy.PotionBrewing
[21:58:45] [main/DEBUG] (net.neoforged.accesstransformer.AccessTransformer) Transforming net.minecraft.world.item.alchemy.PotionBrewing INNERCLASS Mix to access PUBLIC and LEAVE
[21:58:45] [main/DEBUG] (cpw.mods.modlauncher.LaunchPluginHandler) LauncherPluginService accesstransformer transformed net.minecraft.world.item.alchemy.PotionBrewing with class compute flags 256
[21:58:45] [main/DEBUG] (cpw.mods.modlauncher.LaunchPluginHandler) Final flags state for net.minecraft.world.item.alchemy.PotionBrewing is 256
[21:58:45] [main/DEBUG] (cpw.mods.modlauncher.LaunchPluginHandler) LauncherPluginService unprotect offering transform net.minecraft.world.item.alchemy.PotionBrewing
[21:58:45] [main/DEBUG] (cpw.mods.modlauncher.LaunchPluginHandler) LauncherPluginService unprotect transformed net.minecraft.world.item.alchemy.PotionBrewing with class compute flags 2
[21:58:45] [main/DEBUG] (cpw.mods.modlauncher.LaunchPluginHandler) LauncherPluginService runtimedistcleaner offering transform net.minecraft.world.item.alchemy.PotionBrewing
[21:58:45] [main/DEBUG] (cpw.mods.modlauncher.LaunchPluginHandler) Final flags state for net.minecraft.world.item.alchemy.PotionBrewing is 2
[21:58:45] [main/DEBUG] (cpw.mods.modlauncher.LaunchPluginHandler) LaunchPluginService {AFTER=[juuxel.unprotect.UnprotectLaunchPlugin@6bd01b0e, net.neoforged.fml.common.asm.RuntimeDistCleaner@474c8d42]}
[21:58:45] [main/DEBUG] (cpw.mods.modlauncher.LaunchPluginHandler) Final flags state for net.minecraft.world.inventory.ResultSlot is 0
[21:58:45] [main/DEBUG] (cpw.mods.modlauncher.LaunchPluginHandler) LauncherPluginService unprotect offering transform net.minecraft.world.inventory.ResultSlot
[21:58:45] [main/DEBUG] (cpw.mods.modlauncher.LaunchPluginHandler) LauncherPluginService unprotect transformed net.minecraft.world.inventory.ResultSlot with class compute flags 2
[21:58:45] [main/DEBUG] (cpw.mods.modlauncher.LaunchPluginHandler) LauncherPluginService runtimedistcleaner offering transform net.minecraft.world.inventory.ResultSlot
[21:58:45] [main/DEBUG] (cpw.mods.modlauncher.LaunchPluginHandler) Final flags state for net.minecraft.world.inventory.ResultSlot is 2
[21:58:45] [main/DEBUG] (cpw.mods.modlauncher.LaunchPluginHandler) LaunchPluginService {AFTER=[juuxel.unprotect.UnprotectLaunchPlugin@6bd01b0e, net.neoforged.fml.common.asm.RuntimeDistCleaner@474c8d42]}
[21:58:45] [main/DEBUG] (cpw.mods.modlauncher.LaunchPluginHandler) Final flags state for net.minecraft.client.gui.GuiGraphics is 0
[21:58:45] [main/DEBUG] (cpw.mods.modlauncher.LaunchPluginHandler) LauncherPluginService unprotect offering transform net.minecraft.client.gui.GuiGraphics
[21:58:45] [main/DEBUG] (cpw.mods.modlauncher.LaunchPluginHandler) LauncherPluginService unprotect transformed net.minecraft.client.gui.GuiGraphics with class compute flags 2
[21:58:45] [main/DEBUG] (cpw.mods.modlauncher.LaunchPluginHandler) LauncherPluginService runtimedistcleaner offering transform net.minecraft.client.gui.GuiGraphics
[21:58:45] [main/DEBUG] (net.neoforged.fml.common.asm.RuntimeDistCleaner) Removing Class Annotation: net/minecraft/client/gui/GuiGraphics @Lnet/neoforged/api/distmarker/OnlyIn;
[21:58:45] [main/DEBUG] (cpw.mods.modlauncher.LaunchPluginHandler) LauncherPluginService runtimedistcleaner transformed net.minecraft.client.gui.GuiGraphics with class compute flags 256
[21:58:45] [main/DEBUG] (cpw.mods.modlauncher.LaunchPluginHandler) Final flags state for net.minecraft.client.gui.GuiGraphics is 258
[21:58:45] [main/DEBUG] (cpw.mods.modlauncher.LaunchPluginHandler) LaunchPluginService {AFTER=[juuxel.unprotect.UnprotectLaunchPlugin@6bd01b0e, net.neoforged.fml.common.asm.RuntimeDistCleaner@474c8d42]}
[21:58:45] [main/DEBUG] (cpw.mods.modlauncher.LaunchPluginHandler) Final flags state for net.minecraft.client.gui.screens.inventory.AbstractContainerScreen is 0
[21:58:45] [main/DEBUG] (cpw.mods.modlauncher.LaunchPluginHandler) LauncherPluginService unprotect offering transform net.minecraft.client.gui.screens.inventory.AbstractContainerScreen
[21:58:45] [main/DEBUG] (cpw.mods.modlauncher.LaunchPluginHandler) LauncherPluginService unprotect transformed net.minecraft.client.gui.screens.inventory.AbstractContainerScreen with class compute flags 2
[21:58:45] [main/DEBUG] (cpw.mods.modlauncher.LaunchPluginHandler) LauncherPluginService runtimedistcleaner offering transform net.minecraft.client.gui.screens.inventory.AbstractContainerScreen
[21:58:45] [main/DEBUG] (net.neoforged.fml.common.asm.RuntimeDistCleaner) Removing Class Annotation: net/minecraft/client/gui/screens/inventory/AbstractContainerScreen @Lnet/neoforged/api/distmarker/OnlyIn;
[21:58:45] [main/DEBUG] (cpw.mods.modlauncher.LaunchPluginHandler) LauncherPluginService runtimedistcleaner transformed net.minecraft.client.gui.screens.inventory.AbstractContainerScreen with class compute flags 256
[21:58:45] [main/DEBUG] (cpw.mods.modlauncher.LaunchPluginHandler) Final flags state for net.minecraft.client.gui.screens.inventory.AbstractContainerScreen is 258
[21:58:45] [main/DEBUG] (cpw.mods.modlauncher.LaunchPluginHandler) LaunchPluginService {BEFORE=[net.neoforged.accesstransformer.ml.AccessTransformerService@23038621], AFTER=[juuxel.unprotect.UnprotectLaunchPlugin@6bd01b0e, net.neoforged.fml.common.asm.RuntimeDistCleaner@474c8d42]}
[21:58:45] [main/DEBUG] (cpw.mods.modlauncher.LaunchPluginHandler) LauncherPluginService accesstransformer offering transform net.minecraft.world.item.HoeItem
[21:58:45] [main/DEBUG] (net.neoforged.accesstransformer.AccessTransformer) Transforming net.minecraft.world.item.HoeItem FIELD TILLABLES to access PUBLIC and REMOVEFINAL
[21:58:45] [main/DEBUG] (cpw.mods.modlauncher.LaunchPluginHandler) LauncherPluginService accesstransformer transformed net.minecraft.world.item.HoeItem with class compute flags 256
[21:58:45] [main/DEBUG] (cpw.mods.modlauncher.LaunchPluginHandler) Final flags state for net.minecraft.world.item.HoeItem is 256
[21:58:45] [main/DEBUG] (cpw.mods.modlauncher.LaunchPluginHandler) LauncherPluginService unprotect offering transform net.minecraft.world.item.HoeItem
[21:58:45] [main/DEBUG] (cpw.mods.modlauncher.LaunchPluginHandler) LauncherPluginService unprotect transformed net.minecraft.world.item.HoeItem with class compute flags 2
[21:58:45] [main/DEBUG] (cpw.mods.modlauncher.LaunchPluginHandler) LauncherPluginService runtimedistcleaner offering transform net.minecraft.world.item.HoeItem
[21:58:45] [main/DEBUG] (cpw.mods.modlauncher.LaunchPluginHandler) Final flags state for net.minecraft.world.item.HoeItem is 2
[21:58:45] [main/DEBUG] (cpw.mods.modlauncher.LaunchPluginHandler) LaunchPluginService {BEFORE=[net.neoforged.accesstransformer.ml.AccessTransformerService@23038621], AFTER=[juuxel.unprotect.UnprotectLaunchPlugin@6bd01b0e, net.neoforged.fml.common.asm.RuntimeDistCleaner@474c8d42]}
[21:58:45] [main/DEBUG] (cpw.mods.modlauncher.LaunchPluginHandler) LauncherPluginService accesstransformer offering transform net.minecraft.client.renderer.entity.ItemRenderer
[21:58:45] [main/DEBUG] (net.neoforged.accesstransformer.AccessTransformer) Transforming net.minecraft.client.renderer.entity.ItemRenderer METHOD renderModelLists(Lnet/minecraft/client/resources/model/BakedModel;Lnet/minecraft/world/item/ItemStack;IILcom/mojang/blaze3d/vertex/PoseStack;Lcom/mojang/blaze3d/vertex/VertexConsumer;)V to access PUBLIC and LEAVE
[21:58:45] [main/DEBUG] (net.neoforged.accesstransformer.AccessTransformer) Transforming net.minecraft.client.renderer.entity.ItemRenderer METHOD renderQuadList(Lcom/mojang/blaze3d/vertex/PoseStack;Lcom/mojang/blaze3d/vertex/VertexConsumer;Ljava/util/List;Lnet/minecraft/world/item/ItemStack;II)V to access PUBLIC and LEAVE
[21:58:45] [main/DEBUG] (cpw.mods.modlauncher.LaunchPluginHandler) LauncherPluginService accesstransformer transformed net.minecraft.client.renderer.entity.ItemRenderer with class compute flags 256
[21:58:45] [main/DEBUG] (cpw.mods.modlauncher.LaunchPluginHandler) Final flags state for net.minecraft.client.renderer.entity.ItemRenderer is 256
[21:58:45] [main/DEBUG] (cpw.mods.modlauncher.LaunchPluginHandler) LauncherPluginService unprotect offering transform net.minecraft.client.renderer.entity.ItemRenderer
[21:58:45] [main/DEBUG] (cpw.mods.modlauncher.LaunchPluginHandler) LauncherPluginService unprotect transformed net.minecraft.client.renderer.entity.ItemRenderer with class compute flags 2
[21:58:45] [main/DEBUG] (cpw.mods.modlauncher.LaunchPluginHandler) LauncherPluginService runtimedistcleaner offering transform net.minecraft.client.renderer.entity.ItemRenderer
[21:58:45] [main/DEBUG] (net.neoforged.fml.common.asm.RuntimeDistCleaner) Removing Class Annotation: net/minecraft/client/renderer/entity/ItemRenderer @Lnet/neoforged/api/distmarker/OnlyIn;
[21:58:45] [main/DEBUG] (cpw.mods.modlauncher.LaunchPluginHandler) LauncherPluginService runtimedistcleaner transformed net.minecraft.client.renderer.entity.ItemRenderer with class compute flags 256
[21:58:45] [main/DEBUG] (cpw.mods.modlauncher.LaunchPluginHandler) Final flags state for net.minecraft.client.renderer.entity.ItemRenderer is 258
[21:58:45] [main/DEBUG] (cpw.mods.modlauncher.LaunchPluginHandler) LaunchPluginService {AFTER=[juuxel.unprotect.UnprotectLaunchPlugin@6bd01b0e, net.neoforged.fml.common.asm.RuntimeDistCleaner@474c8d42]}
[21:58:45] [main/DEBUG] (cpw.mods.modlauncher.LaunchPluginHandler) Final flags state for net.minecraft.client.gui.screens.inventory.tooltip.ClientTextTooltip is 0
[21:58:45] [main/DEBUG] (cpw.mods.modlauncher.LaunchPluginHandler) LauncherPluginService unprotect offering transform net.minecraft.client.gui.screens.inventory.tooltip.ClientTextTooltip
[21:58:45] [main/DEBUG] (cpw.mods.modlauncher.LaunchPluginHandler) LauncherPluginService runtimedistcleaner offering transform net.minecraft.client.gui.screens.inventory.tooltip.ClientTextTooltip
[21:58:45] [main/DEBUG] (net.neoforged.fml.common.asm.RuntimeDistCleaner) Removing Class Annotation: net/minecraft/client/gui/screens/inventory/tooltip/ClientTextTooltip @Lnet/neoforged/api/distmarker/OnlyIn;
[21:58:45] [main/DEBUG] (cpw.mods.modlauncher.LaunchPluginHandler) LauncherPluginService runtimedistcleaner transformed net.minecraft.client.gui.screens.inventory.tooltip.ClientTextTooltip with class compute flags 256
[21:58:45] [main/DEBUG] (cpw.mods.modlauncher.LaunchPluginHandler) Final flags state for net.minecraft.client.gui.screens.inventory.tooltip.ClientTextTooltip is 256
[21:58:45] [main/DEBUG] (cpw.mods.modlauncher.LaunchPluginHandler) LaunchPluginService {BEFORE=[net.neoforged.accesstransformer.ml.AccessTransformerService@23038621], AFTER=[juuxel.unprotect.UnprotectLaunchPlugin@6bd01b0e, net.neoforged.fml.common.asm.RuntimeDistCleaner@474c8d42]}
[21:58:45] [main/DEBUG] (cpw.mods.modlauncher.LaunchPluginHandler) LauncherPluginService accesstransformer offering transform net.minecraft.world.item.ShovelItem
[21:58:45] [main/DEBUG] (net.neoforged.accesstransformer.AccessTransformer) Transforming net.minecraft.world.item.ShovelItem FIELD FLATTENABLES to access PUBLIC and REMOVEFINAL
[21:58:45] [main/DEBUG] (cpw.mods.modlauncher.LaunchPluginHandler) LauncherPluginService accesstransformer transformed net.minecraft.world.item.ShovelItem with class compute flags 256
[21:58:45] [main/DEBUG] (cpw.mods.modlauncher.LaunchPluginHandler) Final flags state for net.minecraft.world.item.ShovelItem is 256
[21:58:45] [main/DEBUG] (cpw.mods.modlauncher.LaunchPluginHandler) LauncherPluginService unprotect offering transform net.minecraft.world.item.ShovelItem
[21:58:45] [main/DEBUG] (cpw.mods.modlauncher.LaunchPluginHandler) LauncherPluginService unprotect transformed net.minecraft.world.item.ShovelItem with class compute flags 2
[21:58:45] [main/DEBUG] (cpw.mods.modlauncher.LaunchPluginHandler) LauncherPluginService runtimedistcleaner offering transform net.minecraft.world.item.ShovelItem
[21:58:45] [main/DEBUG] (cpw.mods.modlauncher.LaunchPluginHandler) Final flags state for net.minecraft.world.item.ShovelItem is 2
[21:58:45] [main/DEBUG] (cpw.mods.modlauncher.LaunchPluginHandler) LaunchPluginService {AFTER=[juuxel.unprotect.UnprotectLaunchPlugin@6bd01b0e, net.neoforged.fml.common.asm.RuntimeDistCleaner@474c8d42]}
[21:58:45] [main/DEBUG] (cpw.mods.modlauncher.LaunchPluginHandler) Final flags state for net.minecraft.world.item.crafting.SmithingTransformRecipe is 0
[21:58:45] [main/DEBUG] (cpw.mods.modlauncher.LaunchPluginHandler) LauncherPluginService unprotect offering transform net.minecraft.world.item.crafting.SmithingTransformRecipe
[21:58:45] [main/DEBUG] (cpw.mods.modlauncher.LaunchPluginHandler) LauncherPluginService unprotect transformed net.minecraft.world.item.crafting.SmithingTransformRecipe with class compute flags 2
[21:58:45] [main/DEBUG] (cpw.mods.modlauncher.LaunchPluginHandler) LauncherPluginService runtimedistcleaner offering transform net.minecraft.world.item.crafting.SmithingTransformRecipe
[21:58:45] [main/DEBUG] (cpw.mods.modlauncher.LaunchPluginHandler) Final flags state for net.minecraft.world.item.crafting.SmithingTransformRecipe is 2
[21:58:45] [main/DEBUG] (cpw.mods.modlauncher.LaunchPluginHandler) LaunchPluginService {AFTER=[juuxel.unprotect.UnprotectLaunchPlugin@6bd01b0e, net.neoforged.fml.common.asm.RuntimeDistCleaner@474c8d42]}
[21:58:45] [main/DEBUG] (cpw.mods.modlauncher.LaunchPluginHandler) Final flags state for net.minecraft.world.item.crafting.SmithingTrimRecipe is 0
[21:58:45] [main/DEBUG] (cpw.mods.modlauncher.LaunchPluginHandler) LauncherPluginService unprotect offering transform net.minecraft.world.item.crafting.SmithingTrimRecipe
[21:58:45] [main/DEBUG] (cpw.mods.modlauncher.LaunchPluginHandler) LauncherPluginService unprotect transformed net.minecraft.world.item.crafting.SmithingTrimRecipe with class compute flags 2
[21:58:45] [main/DEBUG] (cpw.mods.modlauncher.LaunchPluginHandler) LauncherPluginService runtimedistcleaner offering transform net.minecraft.world.item.crafting.SmithingTrimRecipe
[21:58:45] [main/DEBUG] (cpw.mods.modlauncher.LaunchPluginHandler) Final flags state for net.minecraft.world.item.crafting.SmithingTrimRecipe is 2
[21:58:45] [main/DEBUG] (cpw.mods.modlauncher.LaunchPluginHandler) LaunchPluginService {}
[21:58:45] [main/WARN] (mixin) Error loading class: mezz/jei/library/load/PluginCaller (java.lang.ClassNotFoundException: mezz.jei.library.load.PluginCaller)
[21:58:45] [main/DEBUG] (mixin) Skipping virtual target mezz.jei.library.load.PluginCaller for emi.mixins.json:jei.PluginCallerMixin from mod emi
[21:58:45] [main/DEBUG] (cpw.mods.modlauncher.LaunchPluginHandler) LaunchPluginService {AFTER=[juuxel.unprotect.UnprotectLaunchPlugin@6bd01b0e, net.neoforged.fml.common.asm.RuntimeDistCleaner@474c8d42]}
[21:58:45] [main/DEBUG] (cpw.mods.modlauncher.LaunchPluginHandler) Final flags state for net.minecraft.client.gui.screens.inventory.EffectRenderingInventoryScreen is 0
[21:58:45] [main/DEBUG] (cpw.mods.modlauncher.LaunchPluginHandler) LauncherPluginService unprotect offering transform net.minecraft.client.gui.screens.inventory.EffectRenderingInventoryScreen
[21:58:45] [main/DEBUG] (cpw.mods.modlauncher.LaunchPluginHandler) LauncherPluginService unprotect transformed net.minecraft.client.gui.screens.inventory.EffectRenderingInventoryScreen with class compute flags 2
[21:58:45] [main/DEBUG] (cpw.mods.modlauncher.LaunchPluginHandler) LauncherPluginService runtimedistcleaner offering transform net.minecraft.client.gui.screens.inventory.EffectRenderingInventoryScreen
[21:58:45] [main/DEBUG] (net.neoforged.fml.common.asm.RuntimeDistCleaner) Removing Class Annotation: net/minecraft/client/gui/screens/inventory/EffectRenderingInventoryScreen @Lnet/neoforged/api/distmarker/OnlyIn;
[21:58:45] [main/DEBUG] (cpw.mods.modlauncher.LaunchPluginHandler) LauncherPluginService runtimedistcleaner transformed net.minecraft.client.gui.screens.inventory.EffectRenderingInventoryScreen with class compute flags 256
[21:58:45] [main/DEBUG] (cpw.mods.modlauncher.LaunchPluginHandler) Final flags state for net.minecraft.client.gui.screens.inventory.EffectRenderingInventoryScreen is 258
[21:58:45] [main/DEBUG] (cpw.mods.modlauncher.LaunchPluginHandler) LaunchPluginService {BEFORE=[net.neoforged.accesstransformer.ml.AccessTransformerService@23038621], AFTER=[juuxel.unprotect.UnprotectLaunchPlugin@6bd01b0e, net.neoforged.fml.common.asm.RuntimeDistCleaner@474c8d42]}
[21:58:45] [main/DEBUG] (cpw.mods.modlauncher.LaunchPluginHandler) LauncherPluginService accesstransformer offering transform net.minecraft.world.item.ItemStack
[21:58:45] [main/DEBUG] (net.neoforged.accesstransformer.AccessTransformer) Transforming net.minecraft.world.item.ItemStack METHOD addToTooltip(Lnet/minecraft/core/component/DataComponentType;Lnet/minecraft/world/item/Item$TooltipContext;Ljava/util/function/Consumer;Lnet/minecraft/world/item/TooltipFlag;)V to access PUBLIC and LEAVE
[21:58:45] [main/DEBUG] (cpw.mods.modlauncher.LaunchPluginHandler) LauncherPluginService accesstransformer transformed net.minecraft.world.item.ItemStack with class compute flags 256
[21:58:45] [main/DEBUG] (cpw.mods.modlauncher.LaunchPluginHandler) Final flags state for net.minecraft.world.item.ItemStack is 256
[21:58:45] [main/DEBUG] (cpw.mods.modlauncher.LaunchPluginHandler) LauncherPluginService unprotect offering transform net.minecraft.world.item.ItemStack
[21:58:45] [main/DEBUG] (cpw.mods.modlauncher.LaunchPluginHandler) LauncherPluginService unprotect transformed net.minecraft.world.item.ItemStack with class compute flags 2
[21:58:45] [main/DEBUG] (cpw.mods.modlauncher.LaunchPluginHandler) LauncherPluginService runtimedistcleaner offering transform net.minecraft.world.item.ItemStack
[21:58:45] [main/DEBUG] (cpw.mods.modlauncher.LaunchPluginHandler) Final flags state for net.minecraft.world.item.ItemStack is 2
[21:58:45] [main/DEBUG] (cpw.mods.modlauncher.LaunchPluginHandler) LaunchPluginService {AFTER=[org.spongepowered.asm.launch.MixinLaunchPlugin@681f5a1e, juuxel.unprotect.UnprotectLaunchPlugin@6bd01b0e, net.neoforged.fml.common.asm.RuntimeDistCleaner@474c8d42]}
[21:58:45] [main/DEBUG] (cpw.mods.modlauncher.LaunchPluginHandler) Final flags state for net.minecraft.core.component.DataComponentHolder is 0
[21:58:45] [main/DEBUG] (cpw.mods.modlauncher.LaunchPluginHandler) LauncherPluginService mixin offering transform net.minecraft.core.component.DataComponentHolder
[21:58:45] [main/DEBUG] (cpw.mods.modlauncher.LaunchPluginHandler) LauncherPluginService unprotect offering transform net.minecraft.core.component.DataComponentHolder
[21:58:45] [main/DEBUG] (cpw.mods.modlauncher.LaunchPluginHandler) LauncherPluginService runtimedistcleaner offering transform net.minecraft.core.component.DataComponentHolder
[21:58:45] [main/DEBUG] (cpw.mods.modlauncher.LaunchPluginHandler) Final flags state for net.minecraft.core.component.DataComponentHolder is 0
[21:58:45] [main/DEBUG] (cpw.mods.modlauncher.LaunchPluginHandler) LaunchPluginService {AFTER=[org.spongepowered.asm.launch.MixinLaunchPlugin@681f5a1e, net.neoforged.fml.common.asm.RuntimeDistCleaner@474c8d42]}
[21:58:45] [main/DEBUG] (cpw.mods.modlauncher.LaunchPluginHandler) Final flags state for net.neoforged.neoforge.common.extensions.IDataComponentHolderExtension is 0
[21:58:45] [main/DEBUG] (cpw.mods.modlauncher.LaunchPluginHandler) LauncherPluginService mixin offering transform net.neoforged.neoforge.common.extensions.IDataComponentHolderExtension
[21:58:45] [main/DEBUG] (cpw.mods.modlauncher.LaunchPluginHandler) LauncherPluginService runtimedistcleaner offering transform net.neoforged.neoforge.common.extensions.IDataComponentHolderExtension
[21:58:45] [main/DEBUG] (cpw.mods.modlauncher.LaunchPluginHandler) Final flags state for net.neoforged.neoforge.common.extensions.IDataComponentHolderExtension is 0
[21:58:45] [main/DEBUG] (cpw.mods.modlauncher.LaunchPluginHandler) LaunchPluginService {AFTER=[org.spongepowered.asm.launch.MixinLaunchPlugin@681f5a1e, net.neoforged.fml.common.asm.RuntimeDistCleaner@474c8d42]}
[21:58:45] [main/DEBUG] (cpw.mods.modlauncher.LaunchPluginHandler) Final flags state for net.neoforged.neoforge.common.MutableDataComponentHolder is 0
[21:58:45] [main/DEBUG] (cpw.mods.modlauncher.LaunchPluginHandler) LauncherPluginService mixin offering transform net.neoforged.neoforge.common.MutableDataComponentHolder
[21:58:45] [main/DEBUG] (cpw.mods.modlauncher.LaunchPluginHandler) LauncherPluginService runtimedistcleaner offering transform net.neoforged.neoforge.common.MutableDataComponentHolder
[21:58:45] [main/DEBUG] (cpw.mods.modlauncher.LaunchPluginHandler) Final flags state for net.neoforged.neoforge.common.MutableDataComponentHolder is 0
[21:58:45] [main/DEBUG] (cpw.mods.modlauncher.LaunchPluginHandler) LaunchPluginService {AFTER=[org.spongepowered.asm.launch.MixinLaunchPlugin@681f5a1e, net.neoforged.fml.common.asm.RuntimeDistCleaner@474c8d42]}
[21:58:45] [main/DEBUG] (cpw.mods.modlauncher.LaunchPluginHandler) Final flags state for net.neoforged.neoforge.common.extensions.IItemStackExtension is 0
[21:58:45] [main/DEBUG] (cpw.mods.modlauncher.LaunchPluginHandler) LauncherPluginService mixin offering transform net.neoforged.neoforge.common.extensions.IItemStackExtension
[21:58:45] [main/DEBUG] (cpw.mods.modlauncher.LaunchPluginHandler) LauncherPluginService runtimedistcleaner offering transform net.neoforged.neoforge.common.extensions.IItemStackExtension
[21:58:45] [main/DEBUG] (cpw.mods.modlauncher.LaunchPluginHandler) Final flags state for net.neoforged.neoforge.common.extensions.IItemStackExtension is 0
[21:58:45] [main/DEBUG] (cpw.mods.modlauncher.LaunchPluginHandler) LaunchPluginService {AFTER=[org.spongepowered.asm.launch.MixinLaunchPlugin@681f5a1e, juuxel.unprotect.UnprotectLaunchPlugin@6bd01b0e, net.neoforged.fml.common.asm.RuntimeDistCleaner@474c8d42]}
[21:58:45] [main/DEBUG] (cpw.mods.modlauncher.LaunchPluginHandler) Final flags state for net.minecraft.core.component.DataComponentMap is 0
[21:58:45] [main/DEBUG] (cpw.mods.modlauncher.LaunchPluginHandler) LauncherPluginService mixin offering transform net.minecraft.core.component.DataComponentMap
[21:58:45] [main/DEBUG] (cpw.mods.modlauncher.LaunchPluginHandler) LauncherPluginService unprotect offering transform net.minecraft.core.component.DataComponentMap
[21:58:45] [main/DEBUG] (cpw.mods.modlauncher.LaunchPluginHandler) LauncherPluginService unprotect transformed net.minecraft.core.component.DataComponentMap with class compute flags 2
[21:58:45] [main/DEBUG] (cpw.mods.modlauncher.LaunchPluginHandler) LauncherPluginService runtimedistcleaner offering transform net.minecraft.core.component.DataComponentMap
[21:58:45] [main/DEBUG] (cpw.mods.modlauncher.LaunchPluginHandler) Final flags state for net.minecraft.core.component.DataComponentMap is 2
[21:58:45] [main/DEBUG] (cpw.mods.modlauncher.LaunchPluginHandler) LaunchPluginService {AFTER=[org.spongepowered.asm.launch.MixinLaunchPlugin@681f5a1e, juuxel.unprotect.UnprotectLaunchPlugin@6bd01b0e, net.neoforged.fml.common.asm.RuntimeDistCleaner@474c8d42]}
[21:58:45] [main/DEBUG] (cpw.mods.modlauncher.LaunchPluginHandler) Final flags state for net.minecraft.core.component.PatchedDataComponentMap is 0
[21:58:45] [main/DEBUG] (cpw.mods.modlauncher.LaunchPluginHandler) LauncherPluginService mixin offering transform net.minecraft.core.component.PatchedDataComponentMap
[21:58:45] [main/DEBUG] (cpw.mods.modlauncher.LaunchPluginHandler) LauncherPluginService unprotect offering transform net.minecraft.core.component.PatchedDataComponentMap
[21:58:45] [main/DEBUG] (cpw.mods.modlauncher.LaunchPluginHandler) LauncherPluginService runtimedistcleaner offering transform net.minecraft.core.component.PatchedDataComponentMap
[21:58:45] [main/DEBUG] (cpw.mods.modlauncher.LaunchPluginHandler) Final flags state for net.minecraft.core.component.PatchedDataComponentMap is 0
[21:58:45] [main/DEBUG] (cpw.mods.modlauncher.LaunchPluginHandler) LaunchPluginService {AFTER=[org.spongepowered.asm.launch.MixinLaunchPlugin@681f5a1e, juuxel.unprotect.UnprotectLaunchPlugin@6bd01b0e, net.neoforged.fml.common.asm.RuntimeDistCleaner@474c8d42]}
[21:58:45] [main/DEBUG] (cpw.mods.modlauncher.LaunchPluginHandler) Final flags state for net.minecraft.nbt.Tag is 0
[21:58:45] [main/DEBUG] (cpw.mods.modlauncher.LaunchPluginHandler) LauncherPluginService mixin offering transform net.minecraft.nbt.Tag
[21:58:45] [main/DEBUG] (cpw.mods.modlauncher.LaunchPluginHandler) LauncherPluginService unprotect offering transform net.minecraft.nbt.Tag
[21:58:45] [main/DEBUG] (cpw.mods.modlauncher.LaunchPluginHandler) LauncherPluginService runtimedistcleaner offering transform net.minecraft.nbt.Tag
[21:58:45] [main/DEBUG] (cpw.mods.modlauncher.LaunchPluginHandler) Final flags state for net.minecraft.nbt.Tag is 0
[21:58:45] [main/DEBUG] (cpw.mods.modlauncher.LaunchPluginHandler) LaunchPluginService {AFTER=[org.spongepowered.asm.launch.MixinLaunchPlugin@681f5a1e, juuxel.unprotect.UnprotectLaunchPlugin@6bd01b0e, net.neoforged.fml.common.asm.RuntimeDistCleaner@474c8d42]}
[21:58:45] [main/DEBUG] (cpw.mods.modlauncher.LaunchPluginHandler) Final flags state for net.minecraft.nbt.CompoundTag is 0
[21:58:45] [main/DEBUG] (cpw.mods.modlauncher.LaunchPluginHandler) LauncherPluginService mixin offering transform net.minecraft.nbt.CompoundTag
[21:58:45] [main/DEBUG] (cpw.mods.modlauncher.LaunchPluginHandler) LauncherPluginService unprotect offering transform net.minecraft.nbt.CompoundTag
[21:58:45] [main/DEBUG] (cpw.mods.modlauncher.LaunchPluginHandler) LauncherPluginService unprotect transformed net.minecraft.nbt.CompoundTag with class compute flags 2
[21:58:45] [main/DEBUG] (cpw.mods.modlauncher.LaunchPluginHandler) LauncherPluginService runtimedistcleaner offering transform net.minecraft.nbt.CompoundTag
[21:58:45] [main/DEBUG] (cpw.mods.modlauncher.LaunchPluginHandler) Final flags state for net.minecraft.nbt.CompoundTag is 2
[21:58:45] [main/DEBUG] (cpw.mods.modlauncher.LaunchPluginHandler) LaunchPluginService {AFTER=[juuxel.unprotect.UnprotectLaunchPlugin@6bd01b0e, net.neoforged.fml.common.asm.RuntimeDistCleaner@474c8d42]}
[21:58:45] [main/DEBUG] (cpw.mods.modlauncher.LaunchPluginHandler) Final flags state for net.minecraft.client.KeyboardHandler is 0
[21:58:45] [main/DEBUG] (cpw.mods.modlauncher.LaunchPluginHandler) LauncherPluginService unprotect offering transform net.minecraft.client.KeyboardHandler
[21:58:45] [main/DEBUG] (cpw.mods.modlauncher.LaunchPluginHandler) LauncherPluginService unprotect transformed net.minecraft.client.KeyboardHandler with class compute flags 2
[21:58:45] [main/DEBUG] (cpw.mods.modlauncher.LaunchPluginHandler) LauncherPluginService runtimedistcleaner offering transform net.minecraft.client.KeyboardHandler
[21:58:45] [main/DEBUG] (net.neoforged.fml.common.asm.RuntimeDistCleaner) Removing Class Annotation: net/minecraft/client/KeyboardHandler @Lnet/neoforged/api/distmarker/OnlyIn;
[21:58:45] [main/DEBUG] (cpw.mods.modlauncher.LaunchPluginHandler) LauncherPluginService runtimedistcleaner transformed net.minecraft.client.KeyboardHandler with class compute flags 256
[21:58:45] [main/DEBUG] (cpw.mods.modlauncher.LaunchPluginHandler) Final flags state for net.minecraft.client.KeyboardHandler is 258
[21:58:45] [main/DEBUG] (cpw.mods.modlauncher.LaunchPluginHandler) LaunchPluginService {AFTER=[juuxel.unprotect.UnprotectLaunchPlugin@6bd01b0e, net.neoforged.fml.common.asm.RuntimeDistCleaner@474c8d42]}
[21:58:45] [main/DEBUG] (cpw.mods.modlauncher.LaunchPluginHandler) Final flags state for net.minecraft.client.Minecraft is 0
[21:58:45] [main/DEBUG] (cpw.mods.modlauncher.LaunchPluginHandler) LauncherPluginService unprotect offering transform net.minecraft.client.Minecraft
[21:58:45] [main/DEBUG] (cpw.mods.modlauncher.LaunchPluginHandler) LauncherPluginService unprotect transformed net.minecraft.client.Minecraft with class compute flags 2
[21:58:45] [main/DEBUG] (cpw.mods.modlauncher.LaunchPluginHandler) LauncherPluginService runtimedistcleaner offering transform net.minecraft.client.Minecraft
[21:58:45] [main/DEBUG] (net.neoforged.fml.common.asm.RuntimeDistCleaner) Removing Class Annotation: net/minecraft/client/Minecraft @Lnet/neoforged/api/distmarker/OnlyIn;
[21:58:45] [main/DEBUG] (cpw.mods.modlauncher.LaunchPluginHandler) LauncherPluginService runtimedistcleaner transformed net.minecraft.client.Minecraft with class compute flags 256
[21:58:45] [main/DEBUG] (cpw.mods.modlauncher.LaunchPluginHandler) Final flags state for net.minecraft.client.Minecraft is 258
[21:58:45] [main/DEBUG] (cpw.mods.modlauncher.LaunchPluginHandler) LaunchPluginService {AFTER=[org.spongepowered.asm.launch.MixinLaunchPlugin@681f5a1e, juuxel.unprotect.UnprotectLaunchPlugin@6bd01b0e, net.neoforged.fml.common.asm.RuntimeDistCleaner@474c8d42]}
[21:58:45] [main/DEBUG] (cpw.mods.modlauncher.LaunchPluginHandler) Final flags state for net.minecraft.util.thread.ReentrantBlockableEventLoop is 0
[21:58:45] [main/DEBUG] (cpw.mods.modlauncher.LaunchPluginHandler) LauncherPluginService mixin offering transform net.minecraft.util.thread.ReentrantBlockableEventLoop
[21:58:45] [main/DEBUG] (cpw.mods.modlauncher.LaunchPluginHandler) LauncherPluginService unprotect offering transform net.minecraft.util.thread.ReentrantBlockableEventLoop
[21:58:45] [main/DEBUG] (cpw.mods.modlauncher.LaunchPluginHandler) LauncherPluginService unprotect transformed net.minecraft.util.thread.ReentrantBlockableEventLoop with class compute flags 2
[21:58:45] [main/DEBUG] (cpw.mods.modlauncher.LaunchPluginHandler) LauncherPluginService runtimedistcleaner offering transform net.minecraft.util.thread.ReentrantBlockableEventLoop
[21:58:45] [main/DEBUG] (cpw.mods.modlauncher.LaunchPluginHandler) Final flags state for net.minecraft.util.thread.ReentrantBlockableEventLoop is 2
[21:58:45] [main/DEBUG] (cpw.mods.modlauncher.LaunchPluginHandler) LaunchPluginService {BEFORE=[net.neoforged.accesstransformer.ml.AccessTransformerService@23038621], AFTER=[org.spongepowered.asm.launch.MixinLaunchPlugin@681f5a1e, juuxel.unprotect.UnprotectLaunchPlugin@6bd01b0e, net.neoforged.fml.common.asm.RuntimeDistCleaner@474c8d42]}
[21:58:45] [main/DEBUG] (cpw.mods.modlauncher.LaunchPluginHandler) LauncherPluginService accesstransformer offering transform net.minecraft.util.thread.BlockableEventLoop
[21:58:45] [main/DEBUG] (net.neoforged.accesstransformer.AccessTransformer) Transforming net.minecraft.util.thread.BlockableEventLoop METHOD submitAsync(Ljava/lang/Runnable;)Ljava/util/concurrent/CompletableFuture; to access PUBLIC and LEAVE
[21:58:45] [main/DEBUG] (cpw.mods.modlauncher.LaunchPluginHandler) LauncherPluginService accesstransformer transformed net.minecraft.util.thread.BlockableEventLoop with class compute flags 256
[21:58:45] [main/DEBUG] (cpw.mods.modlauncher.LaunchPluginHandler) Final flags state for net.minecraft.util.thread.BlockableEventLoop is 256
[21:58:45] [main/DEBUG] (cpw.mods.modlauncher.LaunchPluginHandler) LauncherPluginService mixin offering transform net.minecraft.util.thread.BlockableEventLoop
[21:58:45] [main/DEBUG] (cpw.mods.modlauncher.LaunchPluginHandler) LauncherPluginService unprotect offering transform net.minecraft.util.thread.BlockableEventLoop
[21:58:45] [main/DEBUG] (cpw.mods.modlauncher.LaunchPluginHandler) LauncherPluginService unprotect transformed net.minecraft.util.thread.BlockableEventLoop with class compute flags 2
[21:58:45] [main/DEBUG] (cpw.mods.modlauncher.LaunchPluginHandler) LauncherPluginService runtimedistcleaner offering transform net.minecraft.util.thread.BlockableEventLoop
[21:58:45] [main/DEBUG] (cpw.mods.modlauncher.LaunchPluginHandler) Final flags state for net.minecraft.util.thread.BlockableEventLoop is 2
[21:58:45] [main/DEBUG] (cpw.mods.modlauncher.LaunchPluginHandler) LaunchPluginService {AFTER=[org.spongepowered.asm.launch.MixinLaunchPlugin@681f5a1e, juuxel.unprotect.UnprotectLaunchPlugin@6bd01b0e, net.neoforged.fml.common.asm.RuntimeDistCleaner@474c8d42]}
[21:58:45] [main/DEBUG] (cpw.mods.modlauncher.LaunchPluginHandler) Final flags state for net.minecraft.util.profiling.metrics.ProfilerMeasured is 0
[21:58:45] [main/DEBUG] (cpw.mods.modlauncher.LaunchPluginHandler) LauncherPluginService mixin offering transform net.minecraft.util.profiling.metrics.ProfilerMeasured
[21:58:45] [main/DEBUG] (cpw.mods.modlauncher.LaunchPluginHandler) LauncherPluginService unprotect offering transform net.minecraft.util.profiling.metrics.ProfilerMeasured
[21:58:45] [main/DEBUG] (cpw.mods.modlauncher.LaunchPluginHandler) LauncherPluginService runtimedistcleaner offering transform net.minecraft.util.profiling.metrics.ProfilerMeasured
[21:58:45] [main/DEBUG] (cpw.mods.modlauncher.LaunchPluginHandler) Final flags state for net.minecraft.util.profiling.metrics.ProfilerMeasured is 0
[21:58:45] [main/DEBUG] (cpw.mods.modlauncher.LaunchPluginHandler) LaunchPluginService {AFTER=[org.spongepowered.asm.launch.MixinLaunchPlugin@681f5a1e, juuxel.unprotect.UnprotectLaunchPlugin@6bd01b0e, net.neoforged.fml.common.asm.RuntimeDistCleaner@474c8d42]}
[21:58:45] [main/DEBUG] (cpw.mods.modlauncher.LaunchPluginHandler) Final flags state for net.minecraft.util.thread.ProcessorHandle is 0
[21:58:45] [main/DEBUG] (cpw.mods.modlauncher.LaunchPluginHandler) LauncherPluginService mixin offering transform net.minecraft.util.thread.ProcessorHandle
[21:58:45] [main/DEBUG] (cpw.mods.modlauncher.LaunchPluginHandler) LauncherPluginService unprotect offering transform net.minecraft.util.thread.ProcessorHandle
[21:58:45] [main/DEBUG] (cpw.mods.modlauncher.LaunchPluginHandler) LauncherPluginService unprotect transformed net.minecraft.util.thread.ProcessorHandle with class compute flags 2
[21:58:45] [main/DEBUG] (cpw.mods.modlauncher.LaunchPluginHandler) LauncherPluginService runtimedistcleaner offering transform net.minecraft.util.thread.ProcessorHandle
[21:58:45] [main/DEBUG] (cpw.mods.modlauncher.LaunchPluginHandler) Final flags state for net.minecraft.util.thread.ProcessorHandle is 2
[21:58:45] [main/DEBUG] (cpw.mods.modlauncher.LaunchPluginHandler) LaunchPluginService {AFTER=[org.spongepowered.asm.launch.MixinLaunchPlugin@681f5a1e, net.neoforged.fml.common.asm.RuntimeDistCleaner@474c8d42]}
[21:58:45] [main/DEBUG] (cpw.mods.modlauncher.LaunchPluginHandler) Final flags state for java.util.concurrent.Executor is 0
[21:58:45] [main/DEBUG] (cpw.mods.modlauncher.LaunchPluginHandler) LauncherPluginService mixin offering transform java.util.concurrent.Executor
[21:58:45] [main/DEBUG] (cpw.mods.modlauncher.LaunchPluginHandler) LauncherPluginService runtimedistcleaner offering transform java.util.concurrent.Executor
[21:58:45] [main/DEBUG] (cpw.mods.modlauncher.LaunchPluginHandler) Final flags state for java.util.concurrent.Executor is 0
[21:58:45] [main/DEBUG] (cpw.mods.modlauncher.LaunchPluginHandler) LaunchPluginService {AFTER=[org.spongepowered.asm.launch.MixinLaunchPlugin@681f5a1e, juuxel.unprotect.UnprotectLaunchPlugin@6bd01b0e, net.neoforged.fml.common.asm.RuntimeDistCleaner@474c8d42]}
[21:58:45] [main/DEBUG] (cpw.mods.modlauncher.LaunchPluginHandler) Final flags state for com.mojang.blaze3d.platform.WindowEventHandler is 0
[21:58:45] [main/DEBUG] (cpw.mods.modlauncher.LaunchPluginHandler) LauncherPluginService mixin offering transform com.mojang.blaze3d.platform.WindowEventHandler
[21:58:45] [main/DEBUG] (cpw.mods.modlauncher.LaunchPluginHandler) LauncherPluginService unprotect offering transform com.mojang.blaze3d.platform.WindowEventHandler
[21:58:45] [main/DEBUG] (cpw.mods.modlauncher.LaunchPluginHandler) LauncherPluginService runtimedistcleaner offering transform com.mojang.blaze3d.platform.WindowEventHandler
[21:58:45] [main/DEBUG] (net.neoforged.fml.common.asm.RuntimeDistCleaner) Removing Class Annotation: com/mojang/blaze3d/platform/WindowEventHandler @Lnet/neoforged/api/distmarker/OnlyIn;
[21:58:45] [main/DEBUG] (cpw.mods.modlauncher.LaunchPluginHandler) LauncherPluginService runtimedistcleaner transformed com.mojang.blaze3d.platform.WindowEventHandler with class compute flags 256
[21:58:45] [main/DEBUG] (cpw.mods.modlauncher.LaunchPluginHandler) Final flags state for com.mojang.blaze3d.platform.WindowEventHandler is 256
[21:58:45] [main/DEBUG] (cpw.mods.modlauncher.LaunchPluginHandler) LaunchPluginService {AFTER=[org.spongepowered.asm.launch.MixinLaunchPlugin@681f5a1e, net.neoforged.fml.common.asm.RuntimeDistCleaner@474c8d42]}
[21:58:45] [main/DEBUG] (cpw.mods.modlauncher.LaunchPluginHandler) Final flags state for net.neoforged.neoforge.client.extensions.IMinecraftExtension is 0
[21:58:45] [main/DEBUG] (cpw.mods.modlauncher.LaunchPluginHandler) LauncherPluginService mixin offering transform net.neoforged.neoforge.client.extensions.IMinecraftExtension
[21:58:45] [main/DEBUG] (cpw.mods.modlauncher.LaunchPluginHandler) LauncherPluginService runtimedistcleaner offering transform net.neoforged.neoforge.client.extensions.IMinecraftExtension
[21:58:45] [main/DEBUG] (cpw.mods.modlauncher.LaunchPluginHandler) Final flags state for net.neoforged.neoforge.client.extensions.IMinecraftExtension is 0
[21:58:45] [main/DEBUG] (cpw.mods.modlauncher.LaunchPluginHandler) LaunchPluginService {BEFORE=[net.neoforged.accesstransformer.ml.AccessTransformerService@23038621], AFTER=[org.spongepowered.asm.launch.MixinLaunchPlugin@681f5a1e, juuxel.unprotect.UnprotectLaunchPlugin@6bd01b0e, net.neoforged.fml.common.asm.RuntimeDistCleaner@474c8d42]}
[21:58:45] [main/DEBUG] (cpw.mods.modlauncher.LaunchPluginHandler) LauncherPluginService accesstransformer offering transform net.minecraft.client.gui.screens.Screen
[21:58:45] [main/DEBUG] (net.neoforged.accesstransformer.AccessTransformer) Transforming net.minecraft.client.gui.screens.Screen FIELD narratables to access PUBLIC and LEAVE
[21:58:45] [main/DEBUG] (net.neoforged.accesstransformer.AccessTransformer) Transforming net.minecraft.client.gui.screens.Screen FIELD renderables to access PUBLIC and LEAVE
[21:58:45] [main/DEBUG] (net.neoforged.accesstransformer.AccessTransformer) Transforming net.minecraft.client.gui.screens.Screen METHOD addRenderableWidget(Lnet/minecraft/client/gui/components/events/GuiEventListener;)Lnet/minecraft/client/gui/components/events/GuiEventListener; to access PUBLIC and LEAVE
[21:58:45] [main/DEBUG] (net.neoforged.accesstransformer.AccessTransformer) Transforming net.minecraft.client.gui.screens.Screen METHOD addRenderableOnly(Lnet/minecraft/client/gui/components/Renderable;)Lnet/minecraft/client/gui/components/Renderable; to access PUBLIC and LEAVE
[21:58:45] [main/DEBUG] (net.neoforged.accesstransformer.AccessTransformer) Transforming net.minecraft.client.gui.screens.Screen METHOD addWidget(Lnet/minecraft/client/gui/components/events/GuiEventListener;)Lnet/minecraft/client/gui/components/events/GuiEventListener; to access PUBLIC and LEAVE
[21:58:45] [main/DEBUG] (cpw.mods.modlauncher.LaunchPluginHandler) LauncherPluginService accesstransformer transformed net.minecraft.client.gui.screens.Screen with class compute flags 256
[21:58:45] [main/DEBUG] (cpw.mods.modlauncher.LaunchPluginHandler) Final flags state for net.minecraft.client.gui.screens.Screen is 256
[21:58:45] [main/DEBUG] (cpw.mods.modlauncher.LaunchPluginHandler) LauncherPluginService mixin offering transform net.minecraft.client.gui.screens.Screen
[21:58:45] [main/DEBUG] (cpw.mods.modlauncher.LaunchPluginHandler) LauncherPluginService unprotect offering transform net.minecraft.client.gui.screens.Screen
[21:58:45] [main/DEBUG] (cpw.mods.modlauncher.LaunchPluginHandler) LauncherPluginService unprotect transformed net.minecraft.client.gui.screens.Screen with class compute flags 2
[21:58:45] [main/DEBUG] (cpw.mods.modlauncher.LaunchPluginHandler) LauncherPluginService runtimedistcleaner offering transform net.minecraft.client.gui.screens.Screen
[21:58:45] [main/DEBUG] (net.neoforged.fml.common.asm.RuntimeDistCleaner) Removing Class Annotation: net/minecraft/client/gui/screens/Screen @Lnet/neoforged/api/distmarker/OnlyIn;
[21:58:45] [main/DEBUG] (cpw.mods.modlauncher.LaunchPluginHandler) LauncherPluginService runtimedistcleaner transformed net.minecraft.client.gui.screens.Screen with class compute flags 256
[21:58:45] [main/DEBUG] (cpw.mods.modlauncher.LaunchPluginHandler) Final flags state for net.minecraft.client.gui.screens.Screen is 258
[21:58:45] [main/DEBUG] (cpw.mods.modlauncher.LaunchPluginHandler) LaunchPluginService {AFTER=[org.spongepowered.asm.launch.MixinLaunchPlugin@681f5a1e, juuxel.unprotect.UnprotectLaunchPlugin@6bd01b0e, net.neoforged.fml.common.asm.RuntimeDistCleaner@474c8d42]}
[21:58:45] [main/DEBUG] (cpw.mods.modlauncher.LaunchPluginHandler) Final flags state for net.minecraft.client.gui.components.events.AbstractContainerEventHandler is 0
[21:58:45] [main/DEBUG] (cpw.mods.modlauncher.LaunchPluginHandler) LauncherPluginService mixin offering transform net.minecraft.client.gui.components.events.AbstractContainerEventHandler
[21:58:45] [main/DEBUG] (cpw.mods.modlauncher.LaunchPluginHandler) LauncherPluginService unprotect offering transform net.minecraft.client.gui.components.events.AbstractContainerEventHandler
[21:58:45] [main/DEBUG] (cpw.mods.modlauncher.LaunchPluginHandler) LauncherPluginService runtimedistcleaner offering transform net.minecraft.client.gui.components.events.AbstractContainerEventHandler
[21:58:45] [main/DEBUG] (net.neoforged.fml.common.asm.RuntimeDistCleaner) Removing Class Annotation: net/minecraft/client/gui/components/events/AbstractContainerEventHandler @Lnet/neoforged/api/distmarker/OnlyIn;
[21:58:45] [main/DEBUG] (cpw.mods.modlauncher.LaunchPluginHandler) LauncherPluginService runtimedistcleaner transformed net.minecraft.client.gui.components.events.AbstractContainerEventHandler with class compute flags 256
[21:58:45] [main/DEBUG] (cpw.mods.modlauncher.LaunchPluginHandler) Final flags state for net.minecraft.client.gui.components.events.AbstractContainerEventHandler is 256
[21:58:45] [main/DEBUG] (cpw.mods.modlauncher.LaunchPluginHandler) LaunchPluginService {AFTER=[org.spongepowered.asm.launch.MixinLaunchPlugin@681f5a1e, juuxel.unprotect.UnprotectLaunchPlugin@6bd01b0e, net.neoforged.fml.common.asm.RuntimeDistCleaner@474c8d42]}
[21:58:45] [main/DEBUG] (cpw.mods.modlauncher.LaunchPluginHandler) Final flags state for net.minecraft.client.gui.components.events.ContainerEventHandler is 0
[21:58:45] [main/DEBUG] (cpw.mods.modlauncher.LaunchPluginHandler) LauncherPluginService mixin offering transform net.minecraft.client.gui.components.events.ContainerEventHandler
[21:58:45] [main/DEBUG] (cpw.mods.modlauncher.LaunchPluginHandler) LauncherPluginService unprotect offering transform net.minecraft.client.gui.components.events.ContainerEventHandler
[21:58:45] [main/DEBUG] (cpw.mods.modlauncher.LaunchPluginHandler) LauncherPluginService runtimedistcleaner offering transform net.minecraft.client.gui.components.events.ContainerEventHandler
[21:58:45] [main/DEBUG] (net.neoforged.fml.common.asm.RuntimeDistCleaner) Removing Class Annotation: net/minecraft/client/gui/components/events/ContainerEventHandler @Lnet/neoforged/api/distmarker/OnlyIn;
[21:58:45] [main/DEBUG] (cpw.mods.modlauncher.LaunchPluginHandler) LauncherPluginService runtimedistcleaner transformed net.minecraft.client.gui.components.events.ContainerEventHandler with class compute flags 256
[21:58:45] [main/DEBUG] (cpw.mods.modlauncher.LaunchPluginHandler) Final flags state for net.minecraft.client.gui.components.events.ContainerEventHandler is 256
[21:58:45] [main/DEBUG] (cpw.mods.modlauncher.LaunchPluginHandler) LaunchPluginService {AFTER=[org.spongepowered.asm.launch.MixinLaunchPlugin@681f5a1e, juuxel.unprotect.UnprotectLaunchPlugin@6bd01b0e, net.neoforged.fml.common.asm.RuntimeDistCleaner@474c8d42]}
[21:58:45] [main/DEBUG] (cpw.mods.modlauncher.LaunchPluginHandler) Final flags state for net.minecraft.client.gui.components.events.GuiEventListener is 0
[21:58:45] [main/DEBUG] (cpw.mods.modlauncher.LaunchPluginHandler) LauncherPluginService mixin offering transform net.minecraft.client.gui.components.events.GuiEventListener
[21:58:45] [main/DEBUG] (cpw.mods.modlauncher.LaunchPluginHandler) LauncherPluginService unprotect offering transform net.minecraft.client.gui.components.events.GuiEventListener
[21:58:45] [main/DEBUG] (cpw.mods.modlauncher.LaunchPluginHandler) LauncherPluginService runtimedistcleaner offering transform net.minecraft.client.gui.components.events.GuiEventListener
[21:58:45] [main/DEBUG] (net.neoforged.fml.common.asm.RuntimeDistCleaner) Removing Class Annotation: net/minecraft/client/gui/components/events/GuiEventListener @Lnet/neoforged/api/distmarker/OnlyIn;
[21:58:45] [main/DEBUG] (cpw.mods.modlauncher.LaunchPluginHandler) LauncherPluginService runtimedistcleaner transformed net.minecraft.client.gui.components.events.GuiEventListener with class compute flags 256
[21:58:45] [main/DEBUG] (cpw.mods.modlauncher.LaunchPluginHandler) Final flags state for net.minecraft.client.gui.components.events.GuiEventListener is 256
[21:58:45] [main/DEBUG] (cpw.mods.modlauncher.LaunchPluginHandler) LaunchPluginService {AFTER=[org.spongepowered.asm.launch.MixinLaunchPlugin@681f5a1e, juuxel.unprotect.UnprotectLaunchPlugin@6bd01b0e, net.neoforged.fml.common.asm.RuntimeDistCleaner@474c8d42]}
[21:58:45] [main/DEBUG] (cpw.mods.modlauncher.LaunchPluginHandler) Final flags state for net.minecraft.client.gui.components.TabOrderedElement is 0
[21:58:45] [main/DEBUG] (cpw.mods.modlauncher.LaunchPluginHandler) LauncherPluginService mixin offering transform net.minecraft.client.gui.components.TabOrderedElement
[21:58:45] [main/DEBUG] (cpw.mods.modlauncher.LaunchPluginHandler) LauncherPluginService unprotect offering transform net.minecraft.client.gui.components.TabOrderedElement
[21:58:45] [main/DEBUG] (cpw.mods.modlauncher.LaunchPluginHandler) LauncherPluginService runtimedistcleaner offering transform net.minecraft.client.gui.components.TabOrderedElement
[21:58:45] [main/DEBUG] (net.neoforged.fml.common.asm.RuntimeDistCleaner) Removing Class Annotation: net/minecraft/client/gui/components/TabOrderedElement @Lnet/neoforged/api/distmarker/OnlyIn;
[21:58:45] [main/DEBUG] (cpw.mods.modlauncher.LaunchPluginHandler) LauncherPluginService runtimedistcleaner transformed net.minecraft.client.gui.components.TabOrderedElement with class compute flags 256
[21:58:45] [main/DEBUG] (cpw.mods.modlauncher.LaunchPluginHandler) Final flags state for net.minecraft.client.gui.components.TabOrderedElement is 256
[21:58:45] [main/DEBUG] (cpw.mods.modlauncher.LaunchPluginHandler) LaunchPluginService {AFTER=[org.spongepowered.asm.launch.MixinLaunchPlugin@681f5a1e, juuxel.unprotect.UnprotectLaunchPlugin@6bd01b0e, net.neoforged.fml.common.asm.RuntimeDistCleaner@474c8d42]}
[21:58:45] [main/DEBUG] (cpw.mods.modlauncher.LaunchPluginHandler) Final flags state for net.minecraft.client.gui.components.Renderable is 0
[21:58:45] [main/DEBUG] (cpw.mods.modlauncher.LaunchPluginHandler) LauncherPluginService mixin offering transform net.minecraft.client.gui.components.Renderable
[21:58:45] [main/DEBUG] (cpw.mods.modlauncher.LaunchPluginHandler) LauncherPluginService unprotect offering transform net.minecraft.client.gui.components.Renderable
[21:58:45] [main/DEBUG] (cpw.mods.modlauncher.LaunchPluginHandler) LauncherPluginService runtimedistcleaner offering transform net.minecraft.client.gui.components.Renderable
[21:58:45] [main/DEBUG] (net.neoforged.fml.common.asm.RuntimeDistCleaner) Removing Class Annotation: net/minecraft/client/gui/components/Renderable @Lnet/neoforged/api/distmarker/OnlyIn;
[21:58:45] [main/DEBUG] (cpw.mods.modlauncher.LaunchPluginHandler) LauncherPluginService runtimedistcleaner transformed net.minecraft.client.gui.components.Renderable with class compute flags 256
[21:58:45] [main/DEBUG] (cpw.mods.modlauncher.LaunchPluginHandler) Final flags state for net.minecraft.client.gui.components.Renderable is 256
[21:58:45] [main/DEBUG] (cpw.mods.modlauncher.LaunchPluginHandler) LaunchPluginService {AFTER=[org.spongepowered.asm.launch.MixinLaunchPlugin@681f5a1e, juuxel.unprotect.UnprotectLaunchPlugin@6bd01b0e, net.neoforged.fml.common.asm.RuntimeDistCleaner@474c8d42]}
[21:58:45] [main/DEBUG] (cpw.mods.modlauncher.LaunchPluginHandler) Final flags state for net.minecraft.client.gui.screens.DeathScreen is 0
[21:58:45] [main/DEBUG] (cpw.mods.modlauncher.LaunchPluginHandler) LauncherPluginService mixin offering transform net.minecraft.client.gui.screens.DeathScreen
[21:58:45] [main/DEBUG] (cpw.mods.modlauncher.LaunchPluginHandler) LauncherPluginService unprotect offering transform net.minecraft.client.gui.screens.DeathScreen
[21:58:45] [main/DEBUG] (cpw.mods.modlauncher.LaunchPluginHandler) LauncherPluginService unprotect transformed net.minecraft.client.gui.screens.DeathScreen with class compute flags 2
[21:58:45] [main/DEBUG] (cpw.mods.modlauncher.LaunchPluginHandler) LauncherPluginService runtimedistcleaner offering transform net.minecraft.client.gui.screens.DeathScreen
[21:58:45] [main/DEBUG] (net.neoforged.fml.common.asm.RuntimeDistCleaner) Removing Class Annotation: net/minecraft/client/gui/screens/DeathScreen @Lnet/neoforged/api/distmarker/OnlyIn;
[21:58:45] [main/DEBUG] (cpw.mods.modlauncher.LaunchPluginHandler) LauncherPluginService runtimedistcleaner transformed net.minecraft.client.gui.screens.DeathScreen with class compute flags 256
[21:58:45] [main/DEBUG] (cpw.mods.modlauncher.LaunchPluginHandler) Final flags state for net.minecraft.client.gui.screens.DeathScreen is 258
[21:58:45] [main/DEBUG] (cpw.mods.modlauncher.LaunchPluginHandler) LaunchPluginService {AFTER=[org.spongepowered.asm.launch.MixinLaunchPlugin@681f5a1e, juuxel.unprotect.UnprotectLaunchPlugin@6bd01b0e, net.neoforged.fml.common.asm.RuntimeDistCleaner@474c8d42]}
[21:58:45] [main/DEBUG] (cpw.mods.modlauncher.LaunchPluginHandler) Final flags state for net.minecraft.client.gui.screens.TitleScreen is 0
[21:58:45] [main/DEBUG] (cpw.mods.modlauncher.LaunchPluginHandler) LauncherPluginService mixin offering transform net.minecraft.client.gui.screens.TitleScreen
[21:58:45] [main/DEBUG] (cpw.mods.modlauncher.LaunchPluginHandler) LauncherPluginService unprotect offering transform net.minecraft.client.gui.screens.TitleScreen
[21:58:45] [main/DEBUG] (cpw.mods.modlauncher.LaunchPluginHandler) LauncherPluginService unprotect transformed net.minecraft.client.gui.screens.TitleScreen with class compute flags 2
[21:58:45] [main/DEBUG] (cpw.mods.modlauncher.LaunchPluginHandler) LauncherPluginService runtimedistcleaner offering transform net.minecraft.client.gui.screens.TitleScreen
[21:58:45] [main/DEBUG] (net.neoforged.fml.common.asm.RuntimeDistCleaner) Removing Class Annotation: net/minecraft/client/gui/screens/TitleScreen @Lnet/neoforged/api/distmarker/OnlyIn;
[21:58:45] [main/DEBUG] (cpw.mods.modlauncher.LaunchPluginHandler) LauncherPluginService runtimedistcleaner transformed net.minecraft.client.gui.screens.TitleScreen with class compute flags 256
[21:58:45] [main/DEBUG] (cpw.mods.modlauncher.LaunchPluginHandler) Final flags state for net.minecraft.client.gui.screens.TitleScreen is 258
[21:58:45] [main/DEBUG] (cpw.mods.modlauncher.LaunchPluginHandler) LaunchPluginService {AFTER=[org.spongepowered.asm.launch.MixinLaunchPlugin@681f5a1e, net.neoforged.fml.common.asm.RuntimeDistCleaner@474c8d42]}
[21:58:45] [main/DEBUG] (cpw.mods.modlauncher.LaunchPluginHandler) Final flags state for java.lang.Integer is 0
[21:58:45] [main/DEBUG] (cpw.mods.modlauncher.LaunchPluginHandler) LauncherPluginService mixin offering transform java.lang.Integer
[21:58:45] [main/DEBUG] (cpw.mods.modlauncher.LaunchPluginHandler) LauncherPluginService runtimedistcleaner offering transform java.lang.Integer
[21:58:45] [main/DEBUG] (cpw.mods.modlauncher.LaunchPluginHandler) Final flags state for java.lang.Integer is 0
[21:58:45] [main/DEBUG] (cpw.mods.modlauncher.LaunchPluginHandler) LaunchPluginService {AFTER=[org.spongepowered.asm.launch.MixinLaunchPlugin@681f5a1e, net.neoforged.fml.common.asm.RuntimeDistCleaner@474c8d42]}
[21:58:45] [main/DEBUG] (cpw.mods.modlauncher.LaunchPluginHandler) Final flags state for java.lang.Number is 0
[21:58:45] [main/DEBUG] (cpw.mods.modlauncher.LaunchPluginHandler) LauncherPluginService mixin offering transform java.lang.Number
[21:58:45] [main/DEBUG] (cpw.mods.modlauncher.LaunchPluginHandler) LauncherPluginService runtimedistcleaner offering transform java.lang.Number
[21:58:45] [main/DEBUG] (cpw.mods.modlauncher.LaunchPluginHandler) Final flags state for java.lang.Number is 0
[21:58:45] [main/DEBUG] (cpw.mods.modlauncher.LaunchPluginHandler) LaunchPluginService {AFTER=[org.spongepowered.asm.launch.MixinLaunchPlugin@681f5a1e, net.neoforged.fml.common.asm.RuntimeDistCleaner@474c8d42]}
[21:58:45] [main/DEBUG] (cpw.mods.modlauncher.LaunchPluginHandler) Final flags state for java.lang.constant.Constable is 0
[21:58:45] [main/DEBUG] (cpw.mods.modlauncher.LaunchPluginHandler) LauncherPluginService mixin offering transform java.lang.constant.Constable
[21:58:45] [main/DEBUG] (cpw.mods.modlauncher.LaunchPluginHandler) LauncherPluginService runtimedistcleaner offering transform java.lang.constant.Constable
[21:58:45] [main/DEBUG] (cpw.mods.modlauncher.LaunchPluginHandler) Final flags state for java.lang.constant.Constable is 0
[21:58:45] [main/DEBUG] (cpw.mods.modlauncher.LaunchPluginHandler) LaunchPluginService {AFTER=[org.spongepowered.asm.launch.MixinLaunchPlugin@681f5a1e, net.neoforged.fml.common.asm.RuntimeDistCleaner@474c8d42]}
[21:58:45] [main/DEBUG] (cpw.mods.modlauncher.LaunchPluginHandler) Final flags state for java.lang.constant.ConstantDesc is 0
[21:58:45] [main/DEBUG] (cpw.mods.modlauncher.LaunchPluginHandler) LauncherPluginService mixin offering transform java.lang.constant.ConstantDesc
[21:58:45] [main/DEBUG] (cpw.mods.modlauncher.LaunchPluginHandler) LauncherPluginService runtimedistcleaner offering transform java.lang.constant.ConstantDesc
[21:58:45] [main/DEBUG] (cpw.mods.modlauncher.LaunchPluginHandler) Final flags state for java.lang.constant.ConstantDesc is 0
[21:58:45] [main/DEBUG] (cpw.mods.modlauncher.LaunchPluginHandler) LaunchPluginService {AFTER=[org.spongepowered.asm.launch.MixinLaunchPlugin@681f5a1e, juuxel.unprotect.UnprotectLaunchPlugin@6bd01b0e, net.neoforged.fml.common.asm.RuntimeDistCleaner@474c8d42]}
[21:58:45] [main/DEBUG] (cpw.mods.modlauncher.LaunchPluginHandler) Final flags state for net.minecraft.util.profiling.InactiveProfiler is 0
[21:58:45] [main/DEBUG] (cpw.mods.modlauncher.LaunchPluginHandler) LauncherPluginService mixin offering transform net.minecraft.util.profiling.InactiveProfiler
[21:58:45] [main/DEBUG] (cpw.mods.modlauncher.LaunchPluginHandler) LauncherPluginService unprotect offering transform net.minecraft.util.profiling.InactiveProfiler
[21:58:45] [main/DEBUG] (cpw.mods.modlauncher.LaunchPluginHandler) LauncherPluginService unprotect transformed net.minecraft.util.profiling.InactiveProfiler with class compute flags 2
[21:58:45] [main/DEBUG] (cpw.mods.modlauncher.LaunchPluginHandler) LauncherPluginService runtimedistcleaner offering transform net.minecraft.util.profiling.InactiveProfiler
[21:58:45] [main/DEBUG] (cpw.mods.modlauncher.LaunchPluginHandler) Final flags state for net.minecraft.util.profiling.InactiveProfiler is 2
[21:58:45] [main/DEBUG] (cpw.mods.modlauncher.LaunchPluginHandler) LaunchPluginService {AFTER=[org.spongepowered.asm.launch.MixinLaunchPlugin@681f5a1e, juuxel.unprotect.UnprotectLaunchPlugin@6bd01b0e, net.neoforged.fml.common.asm.RuntimeDistCleaner@474c8d42]}
[21:58:45] [main/DEBUG] (cpw.mods.modlauncher.LaunchPluginHandler) Final flags state for net.minecraft.util.profiling.ProfileCollector is 0
[21:58:45] [main/DEBUG] (cpw.mods.modlauncher.LaunchPluginHandler) LauncherPluginService mixin offering transform net.minecraft.util.profiling.ProfileCollector
[21:58:45] [main/DEBUG] (cpw.mods.modlauncher.LaunchPluginHandler) LauncherPluginService unprotect offering transform net.minecraft.util.profiling.ProfileCollector
[21:58:45] [main/DEBUG] (cpw.mods.modlauncher.LaunchPluginHandler) LauncherPluginService runtimedistcleaner offering transform net.minecraft.util.profiling.ProfileCollector
[21:58:45] [main/DEBUG] (cpw.mods.modlauncher.LaunchPluginHandler) Final flags state for net.minecraft.util.profiling.ProfileCollector is 0
[21:58:45] [main/DEBUG] (cpw.mods.modlauncher.LaunchPluginHandler) LaunchPluginService {AFTER=[org.spongepowered.asm.launch.MixinLaunchPlugin@681f5a1e, juuxel.unprotect.UnprotectLaunchPlugin@6bd01b0e, net.neoforged.fml.common.asm.RuntimeDistCleaner@474c8d42]}
[21:58:45] [main/DEBUG] (cpw.mods.modlauncher.LaunchPluginHandler) Final flags state for net.minecraft.util.profiling.ProfilerFiller is 0
[21:58:45] [main/DEBUG] (cpw.mods.modlauncher.LaunchPluginHandler) LauncherPluginService mixin offering transform net.minecraft.util.profiling.ProfilerFiller
[21:58:45] [main/DEBUG] (cpw.mods.modlauncher.LaunchPluginHandler) LauncherPluginService unprotect offering transform net.minecraft.util.profiling.ProfilerFiller
[21:58:45] [main/DEBUG] (cpw.mods.modlauncher.LaunchPluginHandler) LauncherPluginService unprotect transformed net.minecraft.util.profiling.ProfilerFiller with class compute flags 2
[21:58:45] [main/DEBUG] (cpw.mods.modlauncher.LaunchPluginHandler) LauncherPluginService runtimedistcleaner offering transform net.minecraft.util.profiling.ProfilerFiller
[21:58:45] [main/DEBUG] (cpw.mods.modlauncher.LaunchPluginHandler) Final flags state for net.minecraft.util.profiling.ProfilerFiller is 2
[21:58:45] [main/DEBUG] (cpw.mods.modlauncher.LaunchPluginHandler) LaunchPluginService {AFTER=[org.spongepowered.asm.launch.MixinLaunchPlugin@681f5a1e, juuxel.unprotect.UnprotectLaunchPlugin@6bd01b0e, net.neoforged.fml.common.asm.RuntimeDistCleaner@474c8d42]}
[21:58:45] [main/DEBUG] (cpw.mods.modlauncher.LaunchPluginHandler) Final flags state for net.minecraft.client.multiplayer.ServerData is 0
[21:58:45] [main/DEBUG] (cpw.mods.modlauncher.LaunchPluginHandler) LauncherPluginService mixin offering transform net.minecraft.client.multiplayer.ServerData
[21:58:45] [main/DEBUG] (cpw.mods.modlauncher.LaunchPluginHandler) LauncherPluginService unprotect offering transform net.minecraft.client.multiplayer.ServerData
[21:58:45] [main/DEBUG] (cpw.mods.modlauncher.LaunchPluginHandler) LauncherPluginService unprotect transformed net.minecraft.client.multiplayer.ServerData with class compute flags 2
[21:58:45] [main/DEBUG] (cpw.mods.modlauncher.LaunchPluginHandler) LauncherPluginService runtimedistcleaner offering transform net.minecraft.client.multiplayer.ServerData
[21:58:45] [main/DEBUG] (net.neoforged.fml.common.asm.RuntimeDistCleaner) Removing Class Annotation: net/minecraft/client/multiplayer/ServerData @Lnet/neoforged/api/distmarker/OnlyIn;
[21:58:45] [main/DEBUG] (cpw.mods.modlauncher.LaunchPluginHandler) LauncherPluginService runtimedistcleaner transformed net.minecraft.client.multiplayer.ServerData with class compute flags 256
[21:58:45] [main/DEBUG] (cpw.mods.modlauncher.LaunchPluginHandler) Final flags state for net.minecraft.client.multiplayer.ServerData is 258
[21:58:45] [main/DEBUG] (cpw.mods.modlauncher.LaunchPluginHandler) LaunchPluginService {AFTER=[org.spongepowered.asm.launch.MixinLaunchPlugin@681f5a1e, net.neoforged.fml.common.asm.RuntimeDistCleaner@474c8d42]}
[21:58:45] [main/DEBUG] (cpw.mods.modlauncher.LaunchPluginHandler) Final flags state for java.nio.file.Path is 0
[21:58:45] [main/DEBUG] (cpw.mods.modlauncher.LaunchPluginHandler) LauncherPluginService mixin offering transform java.nio.file.Path
[21:58:45] [main/DEBUG] (cpw.mods.modlauncher.LaunchPluginHandler) LauncherPluginService runtimedistcleaner offering transform java.nio.file.Path
[21:58:45] [main/DEBUG] (cpw.mods.modlauncher.LaunchPluginHandler) Final flags state for java.nio.file.Path is 0
[21:58:45] [main/DEBUG] (cpw.mods.modlauncher.LaunchPluginHandler) LaunchPluginService {AFTER=[org.spongepowered.asm.launch.MixinLaunchPlugin@681f5a1e, net.neoforged.fml.common.asm.RuntimeDistCleaner@474c8d42]}
[21:58:45] [main/DEBUG] (cpw.mods.modlauncher.LaunchPluginHandler) Final flags state for java.nio.file.Watchable is 0
[21:58:45] [main/DEBUG] (cpw.mods.modlauncher.LaunchPluginHandler) LauncherPluginService mixin offering transform java.nio.file.Watchable
[21:58:45] [main/DEBUG] (cpw.mods.modlauncher.LaunchPluginHandler) LauncherPluginService runtimedistcleaner offering transform java.nio.file.Watchable
[21:58:45] [main/DEBUG] (cpw.mods.modlauncher.LaunchPluginHandler) Final flags state for java.nio.file.Watchable is 0
[21:58:45] [main/DEBUG] (cpw.mods.modlauncher.LaunchPluginHandler) LaunchPluginService {AFTER=[org.spongepowered.asm.launch.MixinLaunchPlugin@681f5a1e, juuxel.unprotect.UnprotectLaunchPlugin@6bd01b0e, net.neoforged.fml.common.asm.RuntimeDistCleaner@474c8d42]}
[21:58:45] [main/DEBUG] (cpw.mods.modlauncher.LaunchPluginHandler) Final flags state for net.minecraft.util.FileZipper is 0
[21:58:45] [main/DEBUG] (cpw.mods.modlauncher.LaunchPluginHandler) LauncherPluginService mixin offering transform net.minecraft.util.FileZipper
[21:58:45] [main/DEBUG] (cpw.mods.modlauncher.LaunchPluginHandler) LauncherPluginService unprotect offering transform net.minecraft.util.FileZipper
[21:58:45] [main/DEBUG] (cpw.mods.modlauncher.LaunchPluginHandler) LauncherPluginService unprotect transformed net.minecraft.util.FileZipper with class compute flags 2
[21:58:45] [main/DEBUG] (cpw.mods.modlauncher.LaunchPluginHandler) LauncherPluginService runtimedistcleaner offering transform net.minecraft.util.FileZipper
[21:58:45] [main/DEBUG] (cpw.mods.modlauncher.LaunchPluginHandler) Final flags state for net.minecraft.util.FileZipper is 2
[21:58:45] [main/DEBUG] (cpw.mods.modlauncher.LaunchPluginHandler) LaunchPluginService {AFTER=[org.spongepowered.asm.launch.MixinLaunchPlugin@681f5a1e, juuxel.unprotect.UnprotectLaunchPlugin@6bd01b0e, net.neoforged.fml.common.asm.RuntimeDistCleaner@474c8d42]}
[21:58:45] [main/DEBUG] (cpw.mods.modlauncher.LaunchPluginHandler) Final flags state for net.minecraft.network.chat.MutableComponent is 0
[21:58:45] [main/DEBUG] (cpw.mods.modlauncher.LaunchPluginHandler) LauncherPluginService mixin offering transform net.minecraft.network.chat.MutableComponent
[21:58:45] [main/DEBUG] (cpw.mods.modlauncher.LaunchPluginHandler) LauncherPluginService unprotect offering transform net.minecraft.network.chat.MutableComponent
[21:58:45] [main/DEBUG] (cpw.mods.modlauncher.LaunchPluginHandler) LauncherPluginService unprotect transformed net.minecraft.network.chat.MutableComponent with class compute flags 2
[21:58:45] [main/DEBUG] (cpw.mods.modlauncher.LaunchPluginHandler) LauncherPluginService runtimedistcleaner offering transform net.minecraft.network.chat.MutableComponent
[21:58:45] [main/DEBUG] (cpw.mods.modlauncher.LaunchPluginHandler) Final flags state for net.minecraft.network.chat.MutableComponent is 2
[21:58:45] [main/DEBUG] (cpw.mods.modlauncher.LaunchPluginHandler) LaunchPluginService {AFTER=[org.spongepowered.asm.launch.MixinLaunchPlugin@681f5a1e, juuxel.unprotect.UnprotectLaunchPlugin@6bd01b0e, net.neoforged.fml.common.asm.RuntimeDistCleaner@474c8d42]}
[21:58:45] [main/DEBUG] (cpw.mods.modlauncher.LaunchPluginHandler) Final flags state for net.minecraft.network.chat.Component is 0
[21:58:45] [main/DEBUG] (cpw.mods.modlauncher.LaunchPluginHandler) LauncherPluginService mixin offering transform net.minecraft.network.chat.Component
[21:58:45] [main/DEBUG] (cpw.mods.modlauncher.LaunchPluginHandler) LauncherPluginService unprotect offering transform net.minecraft.network.chat.Component
[21:58:45] [main/DEBUG] (cpw.mods.modlauncher.LaunchPluginHandler) LauncherPluginService runtimedistcleaner offering transform net.minecraft.network.chat.Component
[21:58:45] [main/DEBUG] (cpw.mods.modlauncher.LaunchPluginHandler) Final flags state for net.minecraft.network.chat.Component is 0
[21:58:45] [main/DEBUG] (cpw.mods.modlauncher.LaunchPluginHandler) LaunchPluginService {AFTER=[org.spongepowered.asm.launch.MixinLaunchPlugin@681f5a1e, net.neoforged.fml.common.asm.RuntimeDistCleaner@474c8d42]}
[21:58:45] [main/DEBUG] (cpw.mods.modlauncher.LaunchPluginHandler) Final flags state for com.mojang.brigadier.Message is 0
[21:58:45] [main/DEBUG] (cpw.mods.modlauncher.LaunchPluginHandler) LauncherPluginService mixin offering transform com.mojang.brigadier.Message
[21:58:45] [main/DEBUG] (cpw.mods.modlauncher.LaunchPluginHandler) LauncherPluginService runtimedistcleaner offering transform com.mojang.brigadier.Message
[21:58:45] [main/DEBUG] (cpw.mods.modlauncher.LaunchPluginHandler) Final flags state for com.mojang.brigadier.Message is 0
[21:58:45] [main/DEBUG] (cpw.mods.modlauncher.LaunchPluginHandler) LaunchPluginService {AFTER=[org.spongepowered.asm.launch.MixinLaunchPlugin@681f5a1e, juuxel.unprotect.UnprotectLaunchPlugin@6bd01b0e, net.neoforged.fml.common.asm.RuntimeDistCleaner@474c8d42]}
[21:58:45] [main/DEBUG] (cpw.mods.modlauncher.LaunchPluginHandler) Final flags state for net.minecraft.network.chat.FormattedText is 0
[21:58:45] [main/DEBUG] (cpw.mods.modlauncher.LaunchPluginHandler) LauncherPluginService mixin offering transform net.minecraft.network.chat.FormattedText
[21:58:45] [main/DEBUG] (cpw.mods.modlauncher.LaunchPluginHandler) LauncherPluginService unprotect offering transform net.minecraft.network.chat.FormattedText
[21:58:45] [main/DEBUG] (cpw.mods.modlauncher.LaunchPluginHandler) LauncherPluginService unprotect transformed net.minecraft.network.chat.FormattedText with class compute flags 2
[21:58:45] [main/DEBUG] (cpw.mods.modlauncher.LaunchPluginHandler) LauncherPluginService runtimedistcleaner offering transform net.minecraft.network.chat.FormattedText
[21:58:45] [main/DEBUG] (cpw.mods.modlauncher.LaunchPluginHandler) Final flags state for net.minecraft.network.chat.FormattedText is 2
[21:58:45] [main/DEBUG] (cpw.mods.modlauncher.LaunchPluginHandler) LaunchPluginService {BEFORE=[net.neoforged.accesstransformer.ml.AccessTransformerService@23038621], AFTER=[org.spongepowered.asm.launch.MixinLaunchPlugin@681f5a1e, juuxel.unprotect.UnprotectLaunchPlugin@6bd01b0e, net.neoforged.fml.common.asm.RuntimeDistCleaner@474c8d42]}
[21:58:45] [main/DEBUG] (cpw.mods.modlauncher.LaunchPluginHandler) LauncherPluginService accesstransformer offering transform net.minecraft.world.entity.Entity
[21:58:45] [main/DEBUG] (net.neoforged.accesstransformer.AccessTransformer) Transforming net.minecraft.world.entity.Entity FIELD ENTITY_COUNTER to access PROTECTED and LEAVE
[21:58:45] [main/DEBUG] (net.neoforged.accesstransformer.AccessTransformer) Transforming net.minecraft.world.entity.Entity METHOD getEncodeId()Ljava/lang/String; to access PUBLIC and LEAVE
[21:58:45] [main/DEBUG] (cpw.mods.modlauncher.LaunchPluginHandler) LauncherPluginService accesstransformer transformed net.minecraft.world.entity.Entity with class compute flags 256
[21:58:45] [main/DEBUG] (cpw.mods.modlauncher.LaunchPluginHandler) Final flags state for net.minecraft.world.entity.Entity is 256
[21:58:45] [main/DEBUG] (cpw.mods.modlauncher.LaunchPluginHandler) LauncherPluginService mixin offering transform net.minecraft.world.entity.Entity
[21:58:45] [main/DEBUG] (cpw.mods.modlauncher.LaunchPluginHandler) LauncherPluginService unprotect offering transform net.minecraft.world.entity.Entity
[21:58:45] [main/DEBUG] (cpw.mods.modlauncher.LaunchPluginHandler) LauncherPluginService unprotect transformed net.minecraft.world.entity.Entity with class compute flags 2
[21:58:45] [main/DEBUG] (cpw.mods.modlauncher.LaunchPluginHandler) LauncherPluginService runtimedistcleaner offering transform net.minecraft.world.entity.Entity
[21:58:45] [main/DEBUG] (cpw.mods.modlauncher.LaunchPluginHandler) Final flags state for net.minecraft.world.entity.Entity is 2
[21:58:45] [main/DEBUG] (cpw.mods.modlauncher.LaunchPluginHandler) LaunchPluginService {AFTER=[org.spongepowered.asm.launch.MixinLaunchPlugin@681f5a1e, net.neoforged.fml.common.asm.RuntimeDistCleaner@474c8d42]}
[21:58:45] [main/DEBUG] (cpw.mods.modlauncher.LaunchPluginHandler) Final flags state for net.neoforged.neoforge.attachment.AttachmentHolder is 0
[21:58:45] [main/DEBUG] (cpw.mods.modlauncher.LaunchPluginHandler) LauncherPluginService mixin offering transform net.neoforged.neoforge.attachment.AttachmentHolder
[21:58:45] [main/DEBUG] (cpw.mods.modlauncher.LaunchPluginHandler) LauncherPluginService runtimedistcleaner offering transform net.neoforged.neoforge.attachment.AttachmentHolder
[21:58:45] [main/DEBUG] (cpw.mods.modlauncher.LaunchPluginHandler) Final flags state for net.neoforged.neoforge.attachment.AttachmentHolder is 0
[21:58:45] [main/DEBUG] (cpw.mods.modlauncher.LaunchPluginHandler) LaunchPluginService {AFTER=[org.spongepowered.asm.launch.MixinLaunchPlugin@681f5a1e, net.neoforged.fml.common.asm.RuntimeDistCleaner@474c8d42]}
[21:58:45] [main/DEBUG] (cpw.mods.modlauncher.LaunchPluginHandler) Final flags state for net.neoforged.neoforge.attachment.IAttachmentHolder is 0
[21:58:45] [main/DEBUG] (cpw.mods.modlauncher.LaunchPluginHandler) LauncherPluginService mixin offering transform net.neoforged.neoforge.attachment.IAttachmentHolder
[21:58:45] [main/DEBUG] (cpw.mods.modlauncher.LaunchPluginHandler) LauncherPluginService runtimedistcleaner offering transform net.neoforged.neoforge.attachment.IAttachmentHolder
[21:58:45] [main/DEBUG] (cpw.mods.modlauncher.LaunchPluginHandler) Final flags state for net.neoforged.neoforge.attachment.IAttachmentHolder is 0
[21:58:45] [main/DEBUG] (cpw.mods.modlauncher.LaunchPluginHandler) LaunchPluginService {AFTER=[org.spongepowered.asm.launch.MixinLaunchPlugin@681f5a1e, juuxel.unprotect.UnprotectLaunchPlugin@6bd01b0e, net.neoforged.fml.common.asm.RuntimeDistCleaner@474c8d42]}
[21:58:45] [main/DEBUG] (cpw.mods.modlauncher.LaunchPluginHandler) Final flags state for net.minecraft.network.syncher.SyncedDataHolder is 0
[21:58:45] [main/DEBUG] (cpw.mods.modlauncher.LaunchPluginHandler) LauncherPluginService mixin offering transform net.minecraft.network.syncher.SyncedDataHolder
[21:58:45] [main/DEBUG] (cpw.mods.modlauncher.LaunchPluginHandler) LauncherPluginService unprotect offering transform net.minecraft.network.syncher.SyncedDataHolder
[21:58:45] [main/DEBUG] (cpw.mods.modlauncher.LaunchPluginHandler) LauncherPluginService runtimedistcleaner offering transform net.minecraft.network.syncher.SyncedDataHolder
[21:58:45] [main/DEBUG] (cpw.mods.modlauncher.LaunchPluginHandler) Final flags state for net.minecraft.network.syncher.SyncedDataHolder is 0
[21:58:45] [main/DEBUG] (cpw.mods.modlauncher.LaunchPluginHandler) LaunchPluginService {AFTER=[org.spongepowered.asm.launch.MixinLaunchPlugin@681f5a1e, juuxel.unprotect.UnprotectLaunchPlugin@6bd01b0e, net.neoforged.fml.common.asm.RuntimeDistCleaner@474c8d42]}
[21:58:45] [main/DEBUG] (cpw.mods.modlauncher.LaunchPluginHandler) Final flags state for net.minecraft.world.Nameable is 0
[21:58:45] [main/DEBUG] (cpw.mods.modlauncher.LaunchPluginHandler) LauncherPluginService mixin offering transform net.minecraft.world.Nameable
[21:58:45] [main/DEBUG] (cpw.mods.modlauncher.LaunchPluginHandler) LauncherPluginService unprotect offering transform net.minecraft.world.Nameable
[21:58:45] [main/DEBUG] (cpw.mods.modlauncher.LaunchPluginHandler) LauncherPluginService runtimedistcleaner offering transform net.minecraft.world.Nameable
[21:58:45] [main/DEBUG] (cpw.mods.modlauncher.LaunchPluginHandler) Final flags state for net.minecraft.world.Nameable is 0
[21:58:45] [main/DEBUG] (cpw.mods.modlauncher.LaunchPluginHandler) LaunchPluginService {AFTER=[org.spongepowered.asm.launch.MixinLaunchPlugin@681f5a1e, juuxel.unprotect.UnprotectLaunchPlugin@6bd01b0e, net.neoforged.fml.common.asm.RuntimeDistCleaner@474c8d42]}
[21:58:45] [main/DEBUG] (cpw.mods.modlauncher.LaunchPluginHandler) Final flags state for net.minecraft.world.level.entity.EntityAccess is 0
[21:58:45] [main/DEBUG] (cpw.mods.modlauncher.LaunchPluginHandler) LauncherPluginService mixin offering transform net.minecraft.world.level.entity.EntityAccess
[21:58:45] [main/DEBUG] (cpw.mods.modlauncher.LaunchPluginHandler) LauncherPluginService unprotect offering transform net.minecraft.world.level.entity.EntityAccess
[21:58:45] [main/DEBUG] (cpw.mods.modlauncher.LaunchPluginHandler) LauncherPluginService runtimedistcleaner offering transform net.minecraft.world.level.entity.EntityAccess
[21:58:45] [main/DEBUG] (cpw.mods.modlauncher.LaunchPluginHandler) Final flags state for net.minecraft.world.level.entity.EntityAccess is 0
[21:58:45] [main/DEBUG] (cpw.mods.modlauncher.LaunchPluginHandler) LaunchPluginService {AFTER=[org.spongepowered.asm.launch.MixinLaunchPlugin@681f5a1e, juuxel.unprotect.UnprotectLaunchPlugin@6bd01b0e, net.neoforged.fml.common.asm.RuntimeDistCleaner@474c8d42]}
[21:58:45] [main/DEBUG] (cpw.mods.modlauncher.LaunchPluginHandler) Final flags state for net.minecraft.commands.CommandSource is 0
[21:58:45] [main/DEBUG] (cpw.mods.modlauncher.LaunchPluginHandler) LauncherPluginService mixin offering transform net.minecraft.commands.CommandSource
[21:58:45] [main/DEBUG] (cpw.mods.modlauncher.LaunchPluginHandler) LauncherPluginService unprotect offering transform net.minecraft.commands.CommandSource
[21:58:45] [main/DEBUG] (cpw.mods.modlauncher.LaunchPluginHandler) LauncherPluginService unprotect transformed net.minecraft.commands.CommandSource with class compute flags 2
[21:58:45] [main/DEBUG] (cpw.mods.modlauncher.LaunchPluginHandler) LauncherPluginService runtimedistcleaner offering transform net.minecraft.commands.CommandSource
[21:58:45] [main/DEBUG] (cpw.mods.modlauncher.LaunchPluginHandler) Final flags state for net.minecraft.commands.CommandSource is 2
[21:58:45] [main/DEBUG] (cpw.mods.modlauncher.LaunchPluginHandler) LaunchPluginService {AFTER=[org.spongepowered.asm.launch.MixinLaunchPlugin@681f5a1e, juuxel.unprotect.UnprotectLaunchPlugin@6bd01b0e, net.neoforged.fml.common.asm.RuntimeDistCleaner@474c8d42]}
[21:58:45] [main/DEBUG] (cpw.mods.modlauncher.LaunchPluginHandler) Final flags state for net.minecraft.world.scores.ScoreHolder is 0
[21:58:45] [main/DEBUG] (cpw.mods.modlauncher.LaunchPluginHandler) LauncherPluginService mixin offering transform net.minecraft.world.scores.ScoreHolder
[21:58:45] [main/DEBUG] (cpw.mods.modlauncher.LaunchPluginHandler) LauncherPluginService unprotect offering transform net.minecraft.world.scores.ScoreHolder
[21:58:45] [main/DEBUG] (cpw.mods.modlauncher.LaunchPluginHandler) LauncherPluginService unprotect transformed net.minecraft.world.scores.ScoreHolder with class compute flags 2
[21:58:45] [main/DEBUG] (cpw.mods.modlauncher.LaunchPluginHandler) LauncherPluginService runtimedistcleaner offering transform net.minecraft.world.scores.ScoreHolder
[21:58:45] [main/DEBUG] (cpw.mods.modlauncher.LaunchPluginHandler) Final flags state for net.minecraft.world.scores.ScoreHolder is 2
[21:58:45] [main/DEBUG] (cpw.mods.modlauncher.LaunchPluginHandler) LaunchPluginService {AFTER=[org.spongepowered.asm.launch.MixinLaunchPlugin@681f5a1e, net.neoforged.fml.common.asm.RuntimeDistCleaner@474c8d42]}
[21:58:45] [main/DEBUG] (cpw.mods.modlauncher.LaunchPluginHandler) Final flags state for net.neoforged.neoforge.common.extensions.IEntityExtension is 0
[21:58:45] [main/DEBUG] (cpw.mods.modlauncher.LaunchPluginHandler) LauncherPluginService mixin offering transform net.neoforged.neoforge.common.extensions.IEntityExtension
[21:58:45] [main/DEBUG] (cpw.mods.modlauncher.LaunchPluginHandler) LauncherPluginService runtimedistcleaner offering transform net.neoforged.neoforge.common.extensions.IEntityExtension
[21:58:45] [main/DEBUG] (cpw.mods.modlauncher.LaunchPluginHandler) Final flags state for net.neoforged.neoforge.common.extensions.IEntityExtension is 0
[21:58:45] [main/DEBUG] (cpw.mods.modlauncher.LaunchPluginHandler) LaunchPluginService {AFTER=[org.spongepowered.asm.launch.MixinLaunchPlugin@681f5a1e, net.neoforged.fml.common.asm.RuntimeDistCleaner@474c8d42]}
[21:58:45] [main/DEBUG] (cpw.mods.modlauncher.LaunchPluginHandler) Final flags state for net.neoforged.neoforge.common.util.INBTSerializable is 0
[21:58:45] [main/DEBUG] (cpw.mods.modlauncher.LaunchPluginHandler) LauncherPluginService mixin offering transform net.neoforged.neoforge.common.util.INBTSerializable
[21:58:45] [main/DEBUG] (cpw.mods.modlauncher.LaunchPluginHandler) LauncherPluginService runtimedistcleaner offering transform net.neoforged.neoforge.common.util.INBTSerializable
[21:58:45] [main/DEBUG] (cpw.mods.modlauncher.LaunchPluginHandler) Final flags state for net.neoforged.neoforge.common.util.INBTSerializable is 0
[21:58:45] [main/DEBUG] (cpw.mods.modlauncher.LaunchPluginHandler) LaunchPluginService {AFTER=[org.spongepowered.asm.launch.MixinLaunchPlugin@681f5a1e, juuxel.unprotect.UnprotectLaunchPlugin@6bd01b0e, net.neoforged.fml.common.asm.RuntimeDistCleaner@474c8d42]}
[21:58:45] [main/DEBUG] (cpw.mods.modlauncher.LaunchPluginHandler) Final flags state for net.minecraft.core.BlockPos is 0
[21:58:45] [main/DEBUG] (cpw.mods.modlauncher.LaunchPluginHandler) LauncherPluginService mixin offering transform net.minecraft.core.BlockPos
[21:58:45] [main/DEBUG] (cpw.mods.modlauncher.LaunchPluginHandler) LauncherPluginService unprotect offering transform net.minecraft.core.BlockPos
[21:58:45] [main/DEBUG] (cpw.mods.modlauncher.LaunchPluginHandler) LauncherPluginService unprotect transformed net.minecraft.core.BlockPos with class compute flags 2
[21:58:45] [main/DEBUG] (cpw.mods.modlauncher.LaunchPluginHandler) LauncherPluginService runtimedistcleaner offering transform net.minecraft.core.BlockPos
[21:58:45] [main/DEBUG] (cpw.mods.modlauncher.LaunchPluginHandler) Final flags state for net.minecraft.core.BlockPos is 2
[21:58:45] [main/DEBUG] (cpw.mods.modlauncher.LaunchPluginHandler) LaunchPluginService {AFTER=[org.spongepowered.asm.launch.MixinLaunchPlugin@681f5a1e, juuxel.unprotect.UnprotectLaunchPlugin@6bd01b0e, net.neoforged.fml.common.asm.RuntimeDistCleaner@474c8d42]}
[21:58:45] [main/DEBUG] (cpw.mods.modlauncher.LaunchPluginHandler) Final flags state for net.minecraft.core.Vec3i is 0
[21:58:45] [main/DEBUG] (cpw.mods.modlauncher.LaunchPluginHandler) LauncherPluginService mixin offering transform net.minecraft.core.Vec3i
[21:58:45] [main/DEBUG] (cpw.mods.modlauncher.LaunchPluginHandler) LauncherPluginService unprotect offering transform net.minecraft.core.Vec3i
[21:58:45] [main/DEBUG] (cpw.mods.modlauncher.LaunchPluginHandler) LauncherPluginService unprotect transformed net.minecraft.core.Vec3i with class compute flags 2
[21:58:45] [main/DEBUG] (cpw.mods.modlauncher.LaunchPluginHandler) LauncherPluginService runtimedistcleaner offering transform net.minecraft.core.Vec3i
[21:58:45] [main/DEBUG] (cpw.mods.modlauncher.LaunchPluginHandler) Final flags state for net.minecraft.core.Vec3i is 2
[21:58:45] [main/DEBUG] (cpw.mods.modlauncher.LaunchPluginHandler) LaunchPluginService {BEFORE=[net.neoforged.accesstransformer.ml.AccessTransformerService@23038621], AFTER=[juuxel.unprotect.UnprotectLaunchPlugin@6bd01b0e, net.neoforged.fml.common.asm.RuntimeDistCleaner@474c8d42]}
[21:58:45] [main/DEBUG] (cpw.mods.modlauncher.LaunchPluginHandler) LauncherPluginService accesstransformer offering transform net.minecraft.client.MouseHandler
[21:58:45] [main/DEBUG] (net.neoforged.accesstransformer.AccessTransformer) Transforming net.minecraft.client.MouseHandler FIELD mouseGrabbed to access PUBLIC and LEAVE
[21:58:45] [main/DEBUG] (cpw.mods.modlauncher.LaunchPluginHandler) LauncherPluginService accesstransformer transformed net.minecraft.client.MouseHandler with class compute flags 256
[21:58:45] [main/DEBUG] (cpw.mods.modlauncher.LaunchPluginHandler) Final flags state for net.minecraft.client.MouseHandler is 256
[21:58:45] [main/DEBUG] (cpw.mods.modlauncher.LaunchPluginHandler) LauncherPluginService unprotect offering transform net.minecraft.client.MouseHandler
[21:58:45] [main/DEBUG] (cpw.mods.modlauncher.LaunchPluginHandler) LauncherPluginService unprotect transformed net.minecraft.client.MouseHandler with class compute flags 2
[21:58:45] [main/DEBUG] (cpw.mods.modlauncher.LaunchPluginHandler) LauncherPluginService runtimedistcleaner offering transform net.minecraft.client.MouseHandler
[21:58:45] [main/DEBUG] (net.neoforged.fml.common.asm.RuntimeDistCleaner) Removing Class Annotation: net/minecraft/client/MouseHandler @Lnet/neoforged/api/distmarker/OnlyIn;
[21:58:45] [main/DEBUG] (cpw.mods.modlauncher.LaunchPluginHandler) LauncherPluginService runtimedistcleaner transformed net.minecraft.client.MouseHandler with class compute flags 256
[21:58:45] [main/DEBUG] (cpw.mods.modlauncher.LaunchPluginHandler) Final flags state for net.minecraft.client.MouseHandler is 258
[21:58:45] [main/DEBUG] (cpw.mods.modlauncher.LaunchPluginHandler) LaunchPluginService {AFTER=[juuxel.unprotect.UnprotectLaunchPlugin@6bd01b0e, net.neoforged.fml.common.asm.RuntimeDistCleaner@474c8d42]}
[21:58:45] [main/DEBUG] (cpw.mods.modlauncher.LaunchPluginHandler) Final flags state for net.minecraft.client.gui.screens.recipebook.RecipeBookComponent is 0
[21:58:45] [main/DEBUG] (cpw.mods.modlauncher.LaunchPluginHandler) LauncherPluginService unprotect offering transform net.minecraft.client.gui.screens.recipebook.RecipeBookComponent
[21:58:45] [main/DEBUG] (cpw.mods.modlauncher.LaunchPluginHandler) LauncherPluginService unprotect transformed net.minecraft.client.gui.screens.recipebook.RecipeBookComponent with class compute flags 2
[21:58:45] [main/DEBUG] (cpw.mods.modlauncher.LaunchPluginHandler) LauncherPluginService runtimedistcleaner offering transform net.minecraft.client.gui.screens.recipebook.RecipeBookComponent
[21:58:45] [main/DEBUG] (net.neoforged.fml.common.asm.RuntimeDistCleaner) Removing Class Annotation: net/minecraft/client/gui/screens/recipebook/RecipeBookComponent @Lnet/neoforged/api/distmarker/OnlyIn;
[21:58:45] [main/DEBUG] (cpw.mods.modlauncher.LaunchPluginHandler) LauncherPluginService runtimedistcleaner transformed net.minecraft.client.gui.screens.recipebook.RecipeBookComponent with class compute flags 256
[21:58:45] [main/DEBUG] (cpw.mods.modlauncher.LaunchPluginHandler) Final flags state for net.minecraft.client.gui.screens.recipebook.RecipeBookComponent is 258
[21:58:45] [main/DEBUG] (cpw.mods.modlauncher.LaunchPluginHandler) LaunchPluginService {BEFORE=[net.neoforged.accesstransformer.ml.AccessTransformerService@23038621], AFTER=[juuxel.unprotect.UnprotectLaunchPlugin@6bd01b0e, net.neoforged.fml.common.asm.RuntimeDistCleaner@474c8d42]}
[21:58:45] [main/DEBUG] (cpw.mods.modlauncher.LaunchPluginHandler) LauncherPluginService accesstransformer offering transform net.minecraft.client.gui.screens.Screen
[21:58:45] [main/DEBUG] (net.neoforged.accesstransformer.AccessTransformer) Transforming net.minecraft.client.gui.screens.Screen FIELD narratables to access PUBLIC and LEAVE
[21:58:45] [main/DEBUG] (net.neoforged.accesstransformer.AccessTransformer) Transforming net.minecraft.client.gui.screens.Screen FIELD renderables to access PUBLIC and LEAVE
[21:58:45] [main/DEBUG] (net.neoforged.accesstransformer.AccessTransformer) Transforming net.minecraft.client.gui.screens.Screen METHOD addRenderableWidget(Lnet/minecraft/client/gui/components/events/GuiEventListener;)Lnet/minecraft/client/gui/components/events/GuiEventListener; to access PUBLIC and LEAVE
[21:58:45] [main/DEBUG] (net.neoforged.accesstransformer.AccessTransformer) Transforming net.minecraft.client.gui.screens.Screen METHOD addRenderableOnly(Lnet/minecraft/client/gui/components/Renderable;)Lnet/minecraft/client/gui/components/Renderable; to access PUBLIC and LEAVE
[21:58:45] [main/DEBUG] (net.neoforged.accesstransformer.AccessTransformer) Transforming net.minecraft.client.gui.screens.Screen METHOD addWidget(Lnet/minecraft/client/gui/components/events/GuiEventListener;)Lnet/minecraft/client/gui/components/events/GuiEventListener; to access PUBLIC and LEAVE
[21:58:45] [main/DEBUG] (cpw.mods.modlauncher.LaunchPluginHandler) LauncherPluginService accesstransformer transformed net.minecraft.client.gui.screens.Screen with class compute flags 256
[21:58:45] [main/DEBUG] (cpw.mods.modlauncher.LaunchPluginHandler) Final flags state for net.minecraft.client.gui.screens.Screen is 256
[21:58:45] [main/DEBUG] (cpw.mods.modlauncher.LaunchPluginHandler) LauncherPluginService unprotect offering transform net.minecraft.client.gui.screens.Screen
[21:58:45] [main/DEBUG] (cpw.mods.modlauncher.LaunchPluginHandler) LauncherPluginService unprotect transformed net.minecraft.client.gui.screens.Screen with class compute flags 2
[21:58:45] [main/DEBUG] (cpw.mods.modlauncher.LaunchPluginHandler) LauncherPluginService runtimedistcleaner offering transform net.minecraft.client.gui.screens.Screen
[21:58:45] [main/DEBUG] (net.neoforged.fml.common.asm.RuntimeDistCleaner) Removing Class Annotation: net/minecraft/client/gui/screens/Screen @Lnet/neoforged/api/distmarker/OnlyIn;
[21:58:45] [main/DEBUG] (cpw.mods.modlauncher.LaunchPluginHandler) LauncherPluginService runtimedistcleaner transformed net.minecraft.client.gui.screens.Screen with class compute flags 256
[21:58:45] [main/DEBUG] (cpw.mods.modlauncher.LaunchPluginHandler) Final flags state for net.minecraft.client.gui.screens.Screen is 258
[21:58:45] [main/DEBUG] (cpw.mods.modlauncher.LaunchPluginHandler) LaunchPluginService {AFTER=[org.spongepowered.asm.launch.MixinLaunchPlugin@681f5a1e, juuxel.unprotect.UnprotectLaunchPlugin@6bd01b0e, net.neoforged.fml.common.asm.RuntimeDistCleaner@474c8d42]}
[21:58:45] [main/DEBUG] (cpw.mods.modlauncher.LaunchPluginHandler) Final flags state for net.minecraft.client.gui.navigation.FocusNavigationEvent$TabNavigation is 0
[21:58:45] [main/DEBUG] (cpw.mods.modlauncher.LaunchPluginHandler) LauncherPluginService mixin offering transform net.minecraft.client.gui.navigation.FocusNavigationEvent$TabNavigation
[21:58:45] [main/DEBUG] (cpw.mods.modlauncher.LaunchPluginHandler) LauncherPluginService unprotect offering transform net.minecraft.client.gui.navigation.FocusNavigationEvent$TabNavigation
[21:58:45] [main/DEBUG] (cpw.mods.modlauncher.LaunchPluginHandler) LauncherPluginService runtimedistcleaner offering transform net.minecraft.client.gui.navigation.FocusNavigationEvent$TabNavigation
[21:58:45] [main/DEBUG] (net.neoforged.fml.common.asm.RuntimeDistCleaner) Removing Class Annotation: net/minecraft/client/gui/navigation/FocusNavigationEvent$TabNavigation @Lnet/neoforged/api/distmarker/OnlyIn;
[21:58:45] [main/DEBUG] (cpw.mods.modlauncher.LaunchPluginHandler) LauncherPluginService runtimedistcleaner transformed net.minecraft.client.gui.navigation.FocusNavigationEvent$TabNavigation with class compute flags 256
[21:58:45] [main/DEBUG] (cpw.mods.modlauncher.LaunchPluginHandler) Final flags state for net.minecraft.client.gui.navigation.FocusNavigationEvent$TabNavigation is 256
[21:58:45] [main/DEBUG] (cpw.mods.modlauncher.LaunchPluginHandler) LaunchPluginService {AFTER=[org.spongepowered.asm.launch.MixinLaunchPlugin@681f5a1e, net.neoforged.fml.common.asm.RuntimeDistCleaner@474c8d42]}
[21:58:45] [main/DEBUG] (cpw.mods.modlauncher.LaunchPluginHandler) Final flags state for java.lang.Record is 0
[21:58:45] [main/DEBUG] (cpw.mods.modlauncher.LaunchPluginHandler) LauncherPluginService mixin offering transform java.lang.Record
[21:58:45] [main/DEBUG] (cpw.mods.modlauncher.LaunchPluginHandler) LauncherPluginService runtimedistcleaner offering transform java.lang.Record
[21:58:45] [main/DEBUG] (cpw.mods.modlauncher.LaunchPluginHandler) Final flags state for java.lang.Record is 0
[21:58:45] [main/DEBUG] (cpw.mods.modlauncher.LaunchPluginHandler) LaunchPluginService {AFTER=[org.spongepowered.asm.launch.MixinLaunchPlugin@681f5a1e, juuxel.unprotect.UnprotectLaunchPlugin@6bd01b0e, net.neoforged.fml.common.asm.RuntimeDistCleaner@474c8d42]}
[21:58:45] [main/DEBUG] (cpw.mods.modlauncher.LaunchPluginHandler) Final flags state for net.minecraft.client.gui.navigation.FocusNavigationEvent is 0
[21:58:45] [main/DEBUG] (cpw.mods.modlauncher.LaunchPluginHandler) LauncherPluginService mixin offering transform net.minecraft.client.gui.navigation.FocusNavigationEvent
[21:58:45] [main/DEBUG] (cpw.mods.modlauncher.LaunchPluginHandler) LauncherPluginService unprotect offering transform net.minecraft.client.gui.navigation.FocusNavigationEvent
[21:58:45] [main/DEBUG] (cpw.mods.modlauncher.LaunchPluginHandler) LauncherPluginService runtimedistcleaner offering transform net.minecraft.client.gui.navigation.FocusNavigationEvent
[21:58:45] [main/DEBUG] (net.neoforged.fml.common.asm.RuntimeDistCleaner) Removing Class Annotation: net/minecraft/client/gui/navigation/FocusNavigationEvent @Lnet/neoforged/api/distmarker/OnlyIn;
[21:58:45] [main/DEBUG] (cpw.mods.modlauncher.LaunchPluginHandler) LauncherPluginService runtimedistcleaner transformed net.minecraft.client.gui.navigation.FocusNavigationEvent with class compute flags 256
[21:58:45] [main/DEBUG] (cpw.mods.modlauncher.LaunchPluginHandler) Final flags state for net.minecraft.client.gui.navigation.FocusNavigationEvent is 256
[21:58:45] [main/DEBUG] (cpw.mods.modlauncher.LaunchPluginHandler) LaunchPluginService {AFTER=[org.spongepowered.asm.launch.MixinLaunchPlugin@681f5a1e, juuxel.unprotect.UnprotectLaunchPlugin@6bd01b0e, net.neoforged.fml.common.asm.RuntimeDistCleaner@474c8d42]}
[21:58:45] [main/DEBUG] (cpw.mods.modlauncher.LaunchPluginHandler) Final flags state for net.minecraft.client.gui.navigation.FocusNavigationEvent$ArrowNavigation is 0
[21:58:45] [main/DEBUG] (cpw.mods.modlauncher.LaunchPluginHandler) LauncherPluginService mixin offering transform net.minecraft.client.gui.navigation.FocusNavigationEvent$ArrowNavigation
[21:58:45] [main/DEBUG] (cpw.mods.modlauncher.LaunchPluginHandler) LauncherPluginService unprotect offering transform net.minecraft.client.gui.navigation.FocusNavigationEvent$ArrowNavigation
[21:58:45] [main/DEBUG] (cpw.mods.modlauncher.LaunchPluginHandler) LauncherPluginService runtimedistcleaner offering transform net.minecraft.client.gui.navigation.FocusNavigationEvent$ArrowNavigation
[21:58:45] [main/DEBUG] (net.neoforged.fml.common.asm.RuntimeDistCleaner) Removing Class Annotation: net/minecraft/client/gui/navigation/FocusNavigationEvent$ArrowNavigation @Lnet/neoforged/api/distmarker/OnlyIn;
[21:58:45] [main/DEBUG] (cpw.mods.modlauncher.LaunchPluginHandler) LauncherPluginService runtimedistcleaner transformed net.minecraft.client.gui.navigation.FocusNavigationEvent$ArrowNavigation with class compute flags 256
[21:58:45] [main/DEBUG] (cpw.mods.modlauncher.LaunchPluginHandler) Final flags state for net.minecraft.client.gui.navigation.FocusNavigationEvent$ArrowNavigation is 256
[21:58:45] [main/DEBUG] (cpw.mods.modlauncher.LaunchPluginHandler) LaunchPluginService {AFTER=[juuxel.unprotect.UnprotectLaunchPlugin@6bd01b0e, net.neoforged.fml.common.asm.RuntimeDistCleaner@474c8d42]}
[21:58:45] [main/DEBUG] (cpw.mods.modlauncher.LaunchPluginHandler) Final flags state for net.minecraft.client.gui.components.toasts.ToastComponent is 0
[21:58:45] [main/DEBUG] (cpw.mods.modlauncher.LaunchPluginHandler) LauncherPluginService unprotect offering transform net.minecraft.client.gui.components.toasts.ToastComponent
[21:58:45] [main/DEBUG] (cpw.mods.modlauncher.LaunchPluginHandler) LauncherPluginService unprotect transformed net.minecraft.client.gui.components.toasts.ToastComponent with class compute flags 2
[21:58:45] [main/DEBUG] (cpw.mods.modlauncher.LaunchPluginHandler) LauncherPluginService runtimedistcleaner offering transform net.minecraft.client.gui.components.toasts.ToastComponent
[21:58:45] [main/DEBUG] (net.neoforged.fml.common.asm.RuntimeDistCleaner) Removing Class Annotation: net/minecraft/client/gui/components/toasts/ToastComponent @Lnet/neoforged/api/distmarker/OnlyIn;
[21:58:45] [main/DEBUG] (cpw.mods.modlauncher.LaunchPluginHandler) LauncherPluginService runtimedistcleaner transformed net.minecraft.client.gui.components.toasts.ToastComponent with class compute flags 256
[21:58:45] [main/DEBUG] (cpw.mods.modlauncher.LaunchPluginHandler) Final flags state for net.minecraft.client.gui.components.toasts.ToastComponent is 258
[21:58:45] [main/DEBUG] (mixin) Preparing emi-neoforge.mixins.json (0)
[21:58:45] [main/DEBUG] (mixin) Preparing xaerohud.mixins.json (23)
[21:58:45] [main/DEBUG] (cpw.mods.modlauncher.LaunchPluginHandler) LaunchPluginService {AFTER=[net.neoforged.fml.common.asm.RuntimeDistCleaner@474c8d42]}
[21:58:45] [main/DEBUG] (cpw.mods.modlauncher.LaunchPluginHandler) Final flags state for xaero.common.mixin.MixinMinecraftServer is 0
[21:58:45] [main/DEBUG] (cpw.mods.modlauncher.LaunchPluginHandler) LauncherPluginService runtimedistcleaner offering transform xaero.common.mixin.MixinMinecraftServer
[21:58:45] [main/DEBUG] (cpw.mods.modlauncher.LaunchPluginHandler) Final flags state for xaero.common.mixin.MixinMinecraftServer is 0
[21:58:45] [main/DEBUG] (cpw.mods.modlauncher.LaunchPluginHandler) LaunchPluginService {AFTER=[net.neoforged.fml.common.asm.RuntimeDistCleaner@474c8d42]}
[21:58:45] [main/DEBUG] (cpw.mods.modlauncher.LaunchPluginHandler) Final flags state for xaero.common.mixin.MixinPlayerList is 0
[21:58:45] [main/DEBUG] (cpw.mods.modlauncher.LaunchPluginHandler) LauncherPluginService runtimedistcleaner offering transform xaero.common.mixin.MixinPlayerList
[21:58:45] [main/DEBUG] (cpw.mods.modlauncher.LaunchPluginHandler) Final flags state for xaero.common.mixin.MixinPlayerList is 0
[21:58:45] [main/DEBUG] (cpw.mods.modlauncher.LaunchPluginHandler) LaunchPluginService {AFTER=[net.neoforged.fml.common.asm.RuntimeDistCleaner@474c8d42]}
[21:58:45] [main/DEBUG] (cpw.mods.modlauncher.LaunchPluginHandler) Final flags state for xaero.common.mixin.MixinServerPlayer is 0
[21:58:45] [main/DEBUG] (cpw.mods.modlauncher.LaunchPluginHandler) LauncherPluginService runtimedistcleaner offering transform xaero.common.mixin.MixinServerPlayer
[21:58:45] [main/DEBUG] (cpw.mods.modlauncher.LaunchPluginHandler) Final flags state for xaero.common.mixin.MixinServerPlayer is 0
[21:58:45] [main/DEBUG] (cpw.mods.modlauncher.LaunchPluginHandler) LaunchPluginService {BEFORE=[net.neoforged.accesstransformer.ml.AccessTransformerService@23038621], AFTER=[juuxel.unprotect.UnprotectLaunchPlugin@6bd01b0e, net.neoforged.fml.common.asm.RuntimeDistCleaner@474c8d42]}
[21:58:45] [main/DEBUG] (cpw.mods.modlauncher.LaunchPluginHandler) LauncherPluginService accesstransformer offering transform net.minecraft.server.MinecraftServer
[21:58:45] [main/DEBUG] (net.neoforged.accesstransformer.AccessTransformer) Transforming net.minecraft.server.MinecraftServer INNERCLASS ReloadableResources to access PUBLIC and LEAVE
[21:58:45] [main/DEBUG] (net.neoforged.accesstransformer.AccessTransformer) Transforming net.minecraft.server.MinecraftServer FIELD nextTickTimeNanos to access PROTECTED and LEAVE
[21:58:45] [main/DEBUG] (cpw.mods.modlauncher.LaunchPluginHandler) LauncherPluginService accesstransformer transformed net.minecraft.server.MinecraftServer with class compute flags 256
[21:58:45] [main/DEBUG] (cpw.mods.modlauncher.LaunchPluginHandler) Final flags state for net.minecraft.server.MinecraftServer is 256
[21:58:45] [main/DEBUG] (cpw.mods.modlauncher.LaunchPluginHandler) LauncherPluginService unprotect offering transform net.minecraft.server.MinecraftServer
[21:58:45] [main/DEBUG] (cpw.mods.modlauncher.LaunchPluginHandler) LauncherPluginService unprotect transformed net.minecraft.server.MinecraftServer with class compute flags 2
[21:58:45] [main/DEBUG] (cpw.mods.modlauncher.LaunchPluginHandler) LauncherPluginService runtimedistcleaner offering transform net.minecraft.server.MinecraftServer
[21:58:45] [main/DEBUG] (cpw.mods.modlauncher.LaunchPluginHandler) Final flags state for net.minecraft.server.MinecraftServer is 2
[21:58:45] [main/DEBUG] (cpw.mods.modlauncher.LaunchPluginHandler) LaunchPluginService {AFTER=[org.spongepowered.asm.launch.MixinLaunchPlugin@681f5a1e, juuxel.unprotect.UnprotectLaunchPlugin@6bd01b0e, net.neoforged.fml.common.asm.RuntimeDistCleaner@474c8d42]}
[21:58:45] [main/DEBUG] (cpw.mods.modlauncher.LaunchPluginHandler) Final flags state for net.minecraft.server.ServerInfo is 0
[21:58:45] [main/DEBUG] (cpw.mods.modlauncher.LaunchPluginHandler) LauncherPluginService mixin offering transform net.minecraft.server.ServerInfo
[21:58:45] [main/DEBUG] (cpw.mods.modlauncher.LaunchPluginHandler) LauncherPluginService unprotect offering transform net.minecraft.server.ServerInfo
[21:58:45] [main/DEBUG] (cpw.mods.modlauncher.LaunchPluginHandler) LauncherPluginService runtimedistcleaner offering transform net.minecraft.server.ServerInfo
[21:58:45] [main/DEBUG] (cpw.mods.modlauncher.LaunchPluginHandler) Final flags state for net.minecraft.server.ServerInfo is 0
[21:58:45] [main/DEBUG] (cpw.mods.modlauncher.LaunchPluginHandler) LaunchPluginService {AFTER=[org.spongepowered.asm.launch.MixinLaunchPlugin@681f5a1e, juuxel.unprotect.UnprotectLaunchPlugin@6bd01b0e, net.neoforged.fml.common.asm.RuntimeDistCleaner@474c8d42]}
[21:58:45] [main/DEBUG] (cpw.mods.modlauncher.LaunchPluginHandler) Final flags state for net.minecraft.world.level.chunk.storage.ChunkIOErrorReporter is 0
[21:58:45] [main/DEBUG] (cpw.mods.modlauncher.LaunchPluginHandler) LauncherPluginService mixin offering transform net.minecraft.world.level.chunk.storage.ChunkIOErrorReporter
[21:58:45] [main/DEBUG] (cpw.mods.modlauncher.LaunchPluginHandler) LauncherPluginService unprotect offering transform net.minecraft.world.level.chunk.storage.ChunkIOErrorReporter
[21:58:45] [main/DEBUG] (cpw.mods.modlauncher.LaunchPluginHandler) LauncherPluginService runtimedistcleaner offering transform net.minecraft.world.level.chunk.storage.ChunkIOErrorReporter
[21:58:45] [main/DEBUG] (cpw.mods.modlauncher.LaunchPluginHandler) Final flags state for net.minecraft.world.level.chunk.storage.ChunkIOErrorReporter is 0
[21:58:45] [main/DEBUG] (cpw.mods.modlauncher.LaunchPluginHandler) LaunchPluginService {AFTER=[org.spongepowered.asm.launch.MixinLaunchPlugin@681f5a1e, net.neoforged.fml.common.asm.RuntimeDistCleaner@474c8d42]}
[21:58:45] [main/DEBUG] (cpw.mods.modlauncher.LaunchPluginHandler) Final flags state for java.io.IOException is 0
[21:58:45] [main/DEBUG] (cpw.mods.modlauncher.LaunchPluginHandler) LauncherPluginService mixin offering transform java.io.IOException
[21:58:45] [main/DEBUG] (cpw.mods.modlauncher.LaunchPluginHandler) LauncherPluginService runtimedistcleaner offering transform java.io.IOException
[21:58:45] [main/DEBUG] (cpw.mods.modlauncher.LaunchPluginHandler) Final flags state for java.io.IOException is 0
[21:58:45] [main/DEBUG] (cpw.mods.modlauncher.LaunchPluginHandler) LaunchPluginService {AFTER=[org.spongepowered.asm.launch.MixinLaunchPlugin@681f5a1e, juuxel.unprotect.UnprotectLaunchPlugin@6bd01b0e, net.neoforged.fml.common.asm.RuntimeDistCleaner@474c8d42]}
[21:58:45] [main/DEBUG] (cpw.mods.modlauncher.LaunchPluginHandler) Final flags state for net.minecraft.server.level.ServerPlayerGameMode is 0
[21:58:45] [main/DEBUG] (cpw.mods.modlauncher.LaunchPluginHandler) LauncherPluginService mixin offering transform net.minecraft.server.level.ServerPlayerGameMode
[21:58:45] [main/DEBUG] (cpw.mods.modlauncher.LaunchPluginHandler) LauncherPluginService unprotect offering transform net.minecraft.server.level.ServerPlayerGameMode
[21:58:45] [main/DEBUG] (cpw.mods.modlauncher.LaunchPluginHandler) LauncherPluginService unprotect transformed net.minecraft.server.level.ServerPlayerGameMode with class compute flags 2
[21:58:45] [main/DEBUG] (cpw.mods.modlauncher.LaunchPluginHandler) LauncherPluginService runtimedistcleaner offering transform net.minecraft.server.level.ServerPlayerGameMode
[21:58:45] [main/DEBUG] (cpw.mods.modlauncher.LaunchPluginHandler) Final flags state for net.minecraft.server.level.ServerPlayerGameMode is 2
[21:58:45] [main/DEBUG] (cpw.mods.modlauncher.LaunchPluginHandler) LaunchPluginService {AFTER=[org.spongepowered.asm.launch.MixinLaunchPlugin@681f5a1e, juuxel.unprotect.UnprotectLaunchPlugin@6bd01b0e, net.neoforged.fml.common.asm.RuntimeDistCleaner@474c8d42]}
[21:58:45] [main/DEBUG] (cpw.mods.modlauncher.LaunchPluginHandler) Final flags state for net.minecraft.server.level.DemoMode is 0
[21:58:45] [main/DEBUG] (cpw.mods.modlauncher.LaunchPluginHandler) LauncherPluginService mixin offering transform net.minecraft.server.level.DemoMode
[21:58:45] [main/DEBUG] (cpw.mods.modlauncher.LaunchPluginHandler) LauncherPluginService unprotect offering transform net.minecraft.server.level.DemoMode
[21:58:45] [main/DEBUG] (cpw.mods.modlauncher.LaunchPluginHandler) LauncherPluginService runtimedistcleaner offering transform net.minecraft.server.level.DemoMode
[21:58:45] [main/DEBUG] (cpw.mods.modlauncher.LaunchPluginHandler) Final flags state for net.minecraft.server.level.DemoMode is 0
[21:58:45] [main/DEBUG] (cpw.mods.modlauncher.LaunchPluginHandler) LaunchPluginService {AFTER=[juuxel.unprotect.UnprotectLaunchPlugin@6bd01b0e, net.neoforged.fml.common.asm.RuntimeDistCleaner@474c8d42]}
[21:58:45] [main/DEBUG] (cpw.mods.modlauncher.LaunchPluginHandler) Final flags state for net.minecraft.server.players.PlayerList is 0
[21:58:45] [main/DEBUG] (cpw.mods.modlauncher.LaunchPluginHandler) LauncherPluginService unprotect offering transform net.minecraft.server.players.PlayerList
[21:58:45] [main/DEBUG] (cpw.mods.modlauncher.LaunchPluginHandler) LauncherPluginService unprotect transformed net.minecraft.server.players.PlayerList with class compute flags 2
[21:58:45] [main/DEBUG] (cpw.mods.modlauncher.LaunchPluginHandler) LauncherPluginService runtimedistcleaner offering transform net.minecraft.server.players.PlayerList
[21:58:45] [main/DEBUG] (cpw.mods.modlauncher.LaunchPluginHandler) Final flags state for net.minecraft.server.players.PlayerList is 2
[21:58:45] [main/DEBUG] (cpw.mods.modlauncher.LaunchPluginHandler) LaunchPluginService {BEFORE=[net.neoforged.accesstransformer.ml.AccessTransformerService@23038621], AFTER=[juuxel.unprotect.UnprotectLaunchPlugin@6bd01b0e, net.neoforged.fml.common.asm.RuntimeDistCleaner@474c8d42]}
[21:58:45] [main/DEBUG] (cpw.mods.modlauncher.LaunchPluginHandler) LauncherPluginService accesstransformer offering transform net.minecraft.server.level.ServerPlayer
[21:58:45] [main/DEBUG] (net.neoforged.accesstransformer.AccessTransformer) Transforming net.minecraft.server.level.ServerPlayer INNERCLASS RespawnPosAngle to access PUBLIC and LEAVE
[21:58:45] [main/DEBUG] (net.neoforged.accesstransformer.AccessTransformer) Transforming net.minecraft.server.level.ServerPlayer METHOD checkRidingStatistics(DDD)V to access PUBLIC and LEAVE
[21:58:45] [main/DEBUG] (cpw.mods.modlauncher.LaunchPluginHandler) LauncherPluginService accesstransformer transformed net.minecraft.server.level.ServerPlayer with class compute flags 256
[21:58:45] [main/DEBUG] (cpw.mods.modlauncher.LaunchPluginHandler) Final flags state for net.minecraft.server.level.ServerPlayer is 256
[21:58:45] [main/DEBUG] (cpw.mods.modlauncher.LaunchPluginHandler) LauncherPluginService unprotect offering transform net.minecraft.server.level.ServerPlayer
[21:58:45] [main/DEBUG] (cpw.mods.modlauncher.LaunchPluginHandler) LauncherPluginService unprotect transformed net.minecraft.server.level.ServerPlayer with class compute flags 2
[21:58:45] [main/DEBUG] (cpw.mods.modlauncher.LaunchPluginHandler) LauncherPluginService runtimedistcleaner offering transform net.minecraft.server.level.ServerPlayer
[21:58:45] [main/DEBUG] (cpw.mods.modlauncher.LaunchPluginHandler) Final flags state for net.minecraft.server.level.ServerPlayer is 2
[21:58:45] [main/DEBUG] (cpw.mods.modlauncher.LaunchPluginHandler) LaunchPluginService {BEFORE=[net.neoforged.accesstransformer.ml.AccessTransformerService@23038621], AFTER=[org.spongepowered.asm.launch.MixinLaunchPlugin@681f5a1e, juuxel.unprotect.UnprotectLaunchPlugin@6bd01b0e, net.neoforged.fml.common.asm.RuntimeDistCleaner@474c8d42]}
[21:58:45] [main/DEBUG] (cpw.mods.modlauncher.LaunchPluginHandler) LauncherPluginService accesstransformer offering transform net.minecraft.world.entity.player.Player
[21:58:45] [main/DEBUG] (net.neoforged.accesstransformer.AccessTransformer) Transforming net.minecraft.world.entity.player.Player METHOD closeContainer()V to access PUBLIC and LEAVE
[21:58:45] [main/DEBUG] (cpw.mods.modlauncher.LaunchPluginHandler) LauncherPluginService accesstransformer transformed net.minecraft.world.entity.player.Player with class compute flags 256
[21:58:45] [main/DEBUG] (cpw.mods.modlauncher.LaunchPluginHandler) Final flags state for net.minecraft.world.entity.player.Player is 256
[21:58:45] [main/DEBUG] (cpw.mods.modlauncher.LaunchPluginHandler) LauncherPluginService mixin offering transform net.minecraft.world.entity.player.Player
[21:58:45] [main/DEBUG] (cpw.mods.modlauncher.LaunchPluginHandler) LauncherPluginService unprotect offering transform net.minecraft.world.entity.player.Player
[21:58:45] [main/DEBUG] (cpw.mods.modlauncher.LaunchPluginHandler) LauncherPluginService unprotect transformed net.minecraft.world.entity.player.Player with class compute flags 2
[21:58:45] [main/DEBUG] (cpw.mods.modlauncher.LaunchPluginHandler) LauncherPluginService runtimedistcleaner offering transform net.minecraft.world.entity.player.Player
[21:58:45] [main/DEBUG] (cpw.mods.modlauncher.LaunchPluginHandler) Final flags state for net.minecraft.world.entity.player.Player is 2
[21:58:45] [main/DEBUG] (cpw.mods.modlauncher.LaunchPluginHandler) LaunchPluginService {BEFORE=[net.neoforged.accesstransformer.ml.AccessTransformerService@23038621], AFTER=[org.spongepowered.asm.launch.MixinLaunchPlugin@681f5a1e, juuxel.unprotect.UnprotectLaunchPlugin@6bd01b0e, net.neoforged.fml.common.asm.RuntimeDistCleaner@474c8d42]}
[21:58:45] [main/DEBUG] (cpw.mods.modlauncher.LaunchPluginHandler) LauncherPluginService accesstransformer offering transform net.minecraft.world.entity.LivingEntity
[21:58:45] [main/DEBUG] (net.neoforged.accesstransformer.AccessTransformer) Transforming net.minecraft.world.entity.LivingEntity METHOD getHitbox()Lnet/minecraft/world/phys/AABB; to access PUBLIC and LEAVE
[21:58:45] [main/DEBUG] (net.neoforged.accesstransformer.AccessTransformer) Transforming net.minecraft.world.entity.LivingEntity METHOD getCurrentSwingDuration()I to access PUBLIC and LEAVE
[21:58:45] [main/DEBUG] (cpw.mods.modlauncher.LaunchPluginHandler) LauncherPluginService accesstransformer transformed net.minecraft.world.entity.LivingEntity with class compute flags 256
[21:58:45] [main/DEBUG] (cpw.mods.modlauncher.LaunchPluginHandler) Final flags state for net.minecraft.world.entity.LivingEntity is 256
[21:58:45] [main/DEBUG] (cpw.mods.modlauncher.LaunchPluginHandler) LauncherPluginService mixin offering transform net.minecraft.world.entity.LivingEntity
[21:58:45] [main/DEBUG] (cpw.mods.modlauncher.LaunchPluginHandler) LauncherPluginService unprotect offering transform net.minecraft.world.entity.LivingEntity
[21:58:45] [main/DEBUG] (cpw.mods.modlauncher.LaunchPluginHandler) LauncherPluginService unprotect transformed net.minecraft.world.entity.LivingEntity with class compute flags 2
[21:58:45] [main/DEBUG] (cpw.mods.modlauncher.LaunchPluginHandler) LauncherPluginService runtimedistcleaner offering transform net.minecraft.world.entity.LivingEntity
[21:58:45] [main/DEBUG] (cpw.mods.modlauncher.LaunchPluginHandler) Final flags state for net.minecraft.world.entity.LivingEntity is 2
[21:58:45] [main/DEBUG] (cpw.mods.modlauncher.LaunchPluginHandler) LaunchPluginService {AFTER=[org.spongepowered.asm.launch.MixinLaunchPlugin@681f5a1e, juuxel.unprotect.UnprotectLaunchPlugin@6bd01b0e, net.neoforged.fml.common.asm.RuntimeDistCleaner@474c8d42]}
[21:58:45] [main/DEBUG] (cpw.mods.modlauncher.LaunchPluginHandler) Final flags state for net.minecraft.world.entity.Attackable is 0
[21:58:45] [main/DEBUG] (cpw.mods.modlauncher.LaunchPluginHandler) LauncherPluginService mixin offering transform net.minecraft.world.entity.Attackable
[21:58:45] [main/DEBUG] (cpw.mods.modlauncher.LaunchPluginHandler) LauncherPluginService unprotect offering transform net.minecraft.world.entity.Attackable
[21:58:45] [main/DEBUG] (cpw.mods.modlauncher.LaunchPluginHandler) LauncherPluginService runtimedistcleaner offering transform net.minecraft.world.entity.Attackable
[21:58:45] [main/DEBUG] (cpw.mods.modlauncher.LaunchPluginHandler) Final flags state for net.minecraft.world.entity.Attackable is 0
[21:58:45] [main/DEBUG] (cpw.mods.modlauncher.LaunchPluginHandler) LaunchPluginService {AFTER=[org.spongepowered.asm.launch.MixinLaunchPlugin@681f5a1e, net.neoforged.fml.common.asm.RuntimeDistCleaner@474c8d42]}
[21:58:45] [main/DEBUG] (cpw.mods.modlauncher.LaunchPluginHandler) Final flags state for net.neoforged.neoforge.common.extensions.ILivingEntityExtension is 0
[21:58:45] [main/DEBUG] (cpw.mods.modlauncher.LaunchPluginHandler) LauncherPluginService mixin offering transform net.neoforged.neoforge.common.extensions.ILivingEntityExtension
[21:58:45] [main/DEBUG] (cpw.mods.modlauncher.LaunchPluginHandler) LauncherPluginService runtimedistcleaner offering transform net.neoforged.neoforge.common.extensions.ILivingEntityExtension
[21:58:45] [main/DEBUG] (cpw.mods.modlauncher.LaunchPluginHandler) Final flags state for net.neoforged.neoforge.common.extensions.ILivingEntityExtension is 0
[21:58:45] [main/DEBUG] (cpw.mods.modlauncher.LaunchPluginHandler) LaunchPluginService {AFTER=[org.spongepowered.asm.launch.MixinLaunchPlugin@681f5a1e, net.neoforged.fml.common.asm.RuntimeDistCleaner@474c8d42]}
[21:58:45] [main/DEBUG] (cpw.mods.modlauncher.LaunchPluginHandler) Final flags state for net.neoforged.neoforge.common.extensions.IPlayerExtension is 0
[21:58:45] [main/DEBUG] (cpw.mods.modlauncher.LaunchPluginHandler) LauncherPluginService mixin offering transform net.neoforged.neoforge.common.extensions.IPlayerExtension
[21:58:45] [main/DEBUG] (cpw.mods.modlauncher.LaunchPluginHandler) LauncherPluginService runtimedistcleaner offering transform net.neoforged.neoforge.common.extensions.IPlayerExtension
[21:58:45] [main/DEBUG] (cpw.mods.modlauncher.LaunchPluginHandler) Final flags state for net.neoforged.neoforge.common.extensions.IPlayerExtension is 0
[21:58:45] [main/DEBUG] (cpw.mods.modlauncher.LaunchPluginHandler) LaunchPluginService {BEFORE=[net.neoforged.accesstransformer.ml.AccessTransformerService@23038621], AFTER=[org.spongepowered.asm.launch.MixinLaunchPlugin@681f5a1e, juuxel.unprotect.UnprotectLaunchPlugin@6bd01b0e, net.neoforged.fml.common.asm.RuntimeDistCleaner@474c8d42]}
[21:58:45] [main/DEBUG] (cpw.mods.modlauncher.LaunchPluginHandler) LauncherPluginService accesstransformer offering transform net.minecraft.world.level.Level
[21:58:45] [main/DEBUG] (net.neoforged.accesstransformer.AccessTransformer) Transforming net.minecraft.world.level.Level FIELD oRainLevel to access PUBLIC and LEAVE
[21:58:45] [main/DEBUG] (net.neoforged.accesstransformer.AccessTransformer) Transforming net.minecraft.world.level.Level FIELD rainLevel to access PUBLIC and LEAVE
[21:58:45] [main/DEBUG] (net.neoforged.accesstransformer.AccessTransformer) Transforming net.minecraft.world.level.Level FIELD oThunderLevel to access PUBLIC and LEAVE
[21:58:45] [main/DEBUG] (net.neoforged.accesstransformer.AccessTransformer) Transforming net.minecraft.world.level.Level FIELD thunderLevel to access PUBLIC and LEAVE
[21:58:45] [main/DEBUG] (cpw.mods.modlauncher.LaunchPluginHandler) LauncherPluginService accesstransformer transformed net.minecraft.world.level.Level with class compute flags 256
[21:58:45] [main/DEBUG] (cpw.mods.modlauncher.LaunchPluginHandler) Final flags state for net.minecraft.world.level.Level is 256
[21:58:45] [main/DEBUG] (cpw.mods.modlauncher.LaunchPluginHandler) LauncherPluginService mixin offering transform net.minecraft.world.level.Level
[21:58:45] [main/DEBUG] (cpw.mods.modlauncher.LaunchPluginHandler) LauncherPluginService unprotect offering transform net.minecraft.world.level.Level
[21:58:45] [main/DEBUG] (cpw.mods.modlauncher.LaunchPluginHandler) LauncherPluginService unprotect transformed net.minecraft.world.level.Level with class compute flags 2
[21:58:45] [main/DEBUG] (cpw.mods.modlauncher.LaunchPluginHandler) LauncherPluginService runtimedistcleaner offering transform net.minecraft.world.level.Level
[21:58:45] [main/DEBUG] (cpw.mods.modlauncher.LaunchPluginHandler) Final flags state for net.minecraft.world.level.Level is 2
[21:58:45] [main/DEBUG] (cpw.mods.modlauncher.LaunchPluginHandler) LaunchPluginService {AFTER=[org.spongepowered.asm.launch.MixinLaunchPlugin@681f5a1e, juuxel.unprotect.UnprotectLaunchPlugin@6bd01b0e, net.neoforged.fml.common.asm.RuntimeDistCleaner@474c8d42]}
[21:58:45] [main/DEBUG] (cpw.mods.modlauncher.LaunchPluginHandler) Final flags state for net.minecraft.world.level.LevelAccessor is 0
[21:58:45] [main/DEBUG] (cpw.mods.modlauncher.LaunchPluginHandler) LauncherPluginService mixin offering transform net.minecraft.world.level.LevelAccessor
[21:58:45] [main/DEBUG] (cpw.mods.modlauncher.LaunchPluginHandler) LauncherPluginService unprotect offering transform net.minecraft.world.level.LevelAccessor
[21:58:45] [main/DEBUG] (cpw.mods.modlauncher.LaunchPluginHandler) LauncherPluginService runtimedistcleaner offering transform net.minecraft.world.level.LevelAccessor
[21:58:45] [main/DEBUG] (cpw.mods.modlauncher.LaunchPluginHandler) Final flags state for net.minecraft.world.level.LevelAccessor is 0
[21:58:45] [main/DEBUG] (cpw.mods.modlauncher.LaunchPluginHandler) LaunchPluginService {AFTER=[org.spongepowered.asm.launch.MixinLaunchPlugin@681f5a1e, juuxel.unprotect.UnprotectLaunchPlugin@6bd01b0e, net.neoforged.fml.common.asm.RuntimeDistCleaner@474c8d42]}
[21:58:45] [main/DEBUG] (cpw.mods.modlauncher.LaunchPluginHandler) Final flags state for net.minecraft.world.level.CommonLevelAccessor is 0
[21:58:45] [main/DEBUG] (cpw.mods.modlauncher.LaunchPluginHandler) LauncherPluginService mixin offering transform net.minecraft.world.level.CommonLevelAccessor
[21:58:45] [main/DEBUG] (cpw.mods.modlauncher.LaunchPluginHandler) LauncherPluginService unprotect offering transform net.minecraft.world.level.CommonLevelAccessor
[21:58:45] [main/DEBUG] (cpw.mods.modlauncher.LaunchPluginHandler) LauncherPluginService runtimedistcleaner offering transform net.minecraft.world.level.CommonLevelAccessor
[21:58:45] [main/DEBUG] (cpw.mods.modlauncher.LaunchPluginHandler) Final flags state for net.minecraft.world.level.CommonLevelAccessor is 0
[21:58:45] [main/DEBUG] (cpw.mods.modlauncher.LaunchPluginHandler) LaunchPluginService {AFTER=[org.spongepowered.asm.launch.MixinLaunchPlugin@681f5a1e, juuxel.unprotect.UnprotectLaunchPlugin@6bd01b0e, net.neoforged.fml.common.asm.RuntimeDistCleaner@474c8d42]}
[21:58:45] [main/DEBUG] (cpw.mods.modlauncher.LaunchPluginHandler) Final flags state for net.minecraft.world.level.EntityGetter is 0
[21:58:45] [main/DEBUG] (cpw.mods.modlauncher.LaunchPluginHandler) LauncherPluginService mixin offering transform net.minecraft.world.level.EntityGetter
[21:58:45] [main/DEBUG] (cpw.mods.modlauncher.LaunchPluginHandler) LauncherPluginService unprotect offering transform net.minecraft.world.level.EntityGetter
[21:58:45] [main/DEBUG] (cpw.mods.modlauncher.LaunchPluginHandler) LauncherPluginService runtimedistcleaner offering transform net.minecraft.world.level.EntityGetter
[21:58:45] [main/DEBUG] (cpw.mods.modlauncher.LaunchPluginHandler) Final flags state for net.minecraft.world.level.EntityGetter is 0
[21:58:45] [main/DEBUG] (cpw.mods.modlauncher.LaunchPluginHandler) LaunchPluginService {AFTER=[org.spongepowered.asm.launch.MixinLaunchPlugin@681f5a1e, juuxel.unprotect.UnprotectLaunchPlugin@6bd01b0e, net.neoforged.fml.common.asm.RuntimeDistCleaner@474c8d42]}
[21:58:45] [main/DEBUG] (cpw.mods.modlauncher.LaunchPluginHandler) Final flags state for net.minecraft.world.level.LevelReader is 0
[21:58:45] [main/DEBUG] (cpw.mods.modlauncher.LaunchPluginHandler) LauncherPluginService mixin offering transform net.minecraft.world.level.LevelReader
[21:58:45] [main/DEBUG] (cpw.mods.modlauncher.LaunchPluginHandler) LauncherPluginService unprotect offering transform net.minecraft.world.level.LevelReader
[21:58:45] [main/DEBUG] (cpw.mods.modlauncher.LaunchPluginHandler) LauncherPluginService runtimedistcleaner offering transform net.minecraft.world.level.LevelReader
[21:58:45] [main/DEBUG] (cpw.mods.modlauncher.LaunchPluginHandler) Final flags state for net.minecraft.world.level.LevelReader is 0
[21:58:45] [main/DEBUG] (cpw.mods.modlauncher.LaunchPluginHandler) LaunchPluginService {AFTER=[org.spongepowered.asm.launch.MixinLaunchPlugin@681f5a1e, juuxel.unprotect.UnprotectLaunchPlugin@6bd01b0e, net.neoforged.fml.common.asm.RuntimeDistCleaner@474c8d42]}
[21:58:45] [main/DEBUG] (cpw.mods.modlauncher.LaunchPluginHandler) Final flags state for net.minecraft.world.level.BlockAndTintGetter is 0
[21:58:45] [main/DEBUG] (cpw.mods.modlauncher.LaunchPluginHandler) LauncherPluginService mixin offering transform net.minecraft.world.level.BlockAndTintGetter
[21:58:45] [main/DEBUG] (cpw.mods.modlauncher.LaunchPluginHandler) LauncherPluginService unprotect offering transform net.minecraft.world.level.BlockAndTintGetter
[21:58:45] [main/DEBUG] (cpw.mods.modlauncher.LaunchPluginHandler) LauncherPluginService runtimedistcleaner offering transform net.minecraft.world.level.BlockAndTintGetter
[21:58:45] [main/DEBUG] (cpw.mods.modlauncher.LaunchPluginHandler) Final flags state for net.minecraft.world.level.BlockAndTintGetter is 0
[21:58:45] [main/DEBUG] (cpw.mods.modlauncher.LaunchPluginHandler) LaunchPluginService {AFTER=[org.spongepowered.asm.launch.MixinLaunchPlugin@681f5a1e, juuxel.unprotect.UnprotectLaunchPlugin@6bd01b0e, net.neoforged.fml.common.asm.RuntimeDistCleaner@474c8d42]}
[21:58:45] [main/DEBUG] (cpw.mods.modlauncher.LaunchPluginHandler) Final flags state for net.minecraft.world.level.BlockGetter is 0
[21:58:45] [main/DEBUG] (cpw.mods.modlauncher.LaunchPluginHandler) LauncherPluginService mixin offering transform net.minecraft.world.level.BlockGetter
[21:58:45] [main/DEBUG] (cpw.mods.modlauncher.LaunchPluginHandler) LauncherPluginService unprotect offering transform net.minecraft.world.level.BlockGetter
[21:58:45] [main/DEBUG] (cpw.mods.modlauncher.LaunchPluginHandler) LauncherPluginService runtimedistcleaner offering transform net.minecraft.world.level.BlockGetter
[21:58:45] [main/DEBUG] (cpw.mods.modlauncher.LaunchPluginHandler) Final flags state for net.minecraft.world.level.BlockGetter is 0
[21:58:45] [main/DEBUG] (cpw.mods.modlauncher.LaunchPluginHandler) LaunchPluginService {AFTER=[org.spongepowered.asm.launch.MixinLaunchPlugin@681f5a1e, juuxel.unprotect.UnprotectLaunchPlugin@6bd01b0e, net.neoforged.fml.common.asm.RuntimeDistCleaner@474c8d42]}
[21:58:45] [main/DEBUG] (cpw.mods.modlauncher.LaunchPluginHandler) Final flags state for net.minecraft.world.level.LevelHeightAccessor is 0
[21:58:45] [main/DEBUG] (cpw.mods.modlauncher.LaunchPluginHandler) LauncherPluginService mixin offering transform net.minecraft.world.level.LevelHeightAccessor
[21:58:45] [main/DEBUG] (cpw.mods.modlauncher.LaunchPluginHandler) LauncherPluginService unprotect offering transform net.minecraft.world.level.LevelHeightAccessor
[21:58:45] [main/DEBUG] (cpw.mods.modlauncher.LaunchPluginHandler) LauncherPluginService unprotect transformed net.minecraft.world.level.LevelHeightAccessor with class compute flags 2
[21:58:45] [main/DEBUG] (cpw.mods.modlauncher.LaunchPluginHandler) LauncherPluginService runtimedistcleaner offering transform net.minecraft.world.level.LevelHeightAccessor
[21:58:45] [main/DEBUG] (cpw.mods.modlauncher.LaunchPluginHandler) Final flags state for net.minecraft.world.level.LevelHeightAccessor is 2
[21:58:45] [main/DEBUG] (cpw.mods.modlauncher.LaunchPluginHandler) LaunchPluginService {AFTER=[org.spongepowered.asm.launch.MixinLaunchPlugin@681f5a1e, net.neoforged.fml.common.asm.RuntimeDistCleaner@474c8d42]}
[21:58:45] [main/DEBUG] (cpw.mods.modlauncher.LaunchPluginHandler) Final flags state for net.neoforged.neoforge.common.extensions.IBlockGetterExtension is 0
[21:58:45] [main/DEBUG] (cpw.mods.modlauncher.LaunchPluginHandler) LauncherPluginService mixin offering transform net.neoforged.neoforge.common.extensions.IBlockGetterExtension
[21:58:45] [main/DEBUG] (cpw.mods.modlauncher.LaunchPluginHandler) LauncherPluginService runtimedistcleaner offering transform net.neoforged.neoforge.common.extensions.IBlockGetterExtension
[21:58:45] [main/DEBUG] (cpw.mods.modlauncher.LaunchPluginHandler) Final flags state for net.neoforged.neoforge.common.extensions.IBlockGetterExtension is 0
[21:58:45] [main/DEBUG] (cpw.mods.modlauncher.LaunchPluginHandler) LaunchPluginService {AFTER=[org.spongepowered.asm.launch.MixinLaunchPlugin@681f5a1e, net.neoforged.fml.common.asm.RuntimeDistCleaner@474c8d42]}
[21:58:45] [main/DEBUG] (cpw.mods.modlauncher.LaunchPluginHandler) Final flags state for net.neoforged.neoforge.common.extensions.IBlockAndTintGetterExtension is 0
[21:58:45] [main/DEBUG] (cpw.mods.modlauncher.LaunchPluginHandler) LauncherPluginService mixin offering transform net.neoforged.neoforge.common.extensions.IBlockAndTintGetterExtension
[21:58:45] [main/DEBUG] (cpw.mods.modlauncher.LaunchPluginHandler) LauncherPluginService runtimedistcleaner offering transform net.neoforged.neoforge.common.extensions.IBlockAndTintGetterExtension
[21:58:45] [main/DEBUG] (cpw.mods.modlauncher.LaunchPluginHandler) Final flags state for net.neoforged.neoforge.common.extensions.IBlockAndTintGetterExtension is 0
[21:58:45] [main/DEBUG] (cpw.mods.modlauncher.LaunchPluginHandler) LaunchPluginService {AFTER=[org.spongepowered.asm.launch.MixinLaunchPlugin@681f5a1e, juuxel.unprotect.UnprotectLaunchPlugin@6bd01b0e, net.neoforged.fml.common.asm.RuntimeDistCleaner@474c8d42]}
[21:58:45] [main/DEBUG] (cpw.mods.modlauncher.LaunchPluginHandler) Final flags state for net.minecraft.world.level.CollisionGetter is 0
[21:58:45] [main/DEBUG] (cpw.mods.modlauncher.LaunchPluginHandler) LauncherPluginService mixin offering transform net.minecraft.world.level.CollisionGetter
[21:58:45] [main/DEBUG] (cpw.mods.modlauncher.LaunchPluginHandler) LauncherPluginService unprotect offering transform net.minecraft.world.level.CollisionGetter
[21:58:45] [main/DEBUG] (cpw.mods.modlauncher.LaunchPluginHandler) LauncherPluginService runtimedistcleaner offering transform net.minecraft.world.level.CollisionGetter
[21:58:45] [main/DEBUG] (cpw.mods.modlauncher.LaunchPluginHandler) Final flags state for net.minecraft.world.level.CollisionGetter is 0
[21:58:45] [main/DEBUG] (cpw.mods.modlauncher.LaunchPluginHandler) LaunchPluginService {AFTER=[org.spongepowered.asm.launch.MixinLaunchPlugin@681f5a1e, juuxel.unprotect.UnprotectLaunchPlugin@6bd01b0e, net.neoforged.fml.common.asm.RuntimeDistCleaner@474c8d42]}
[21:58:45] [main/DEBUG] (cpw.mods.modlauncher.LaunchPluginHandler) Final flags state for net.minecraft.world.level.SignalGetter is 0
[21:58:45] [main/DEBUG] (cpw.mods.modlauncher.LaunchPluginHandler) LauncherPluginService mixin offering transform net.minecraft.world.level.SignalGetter
[21:58:45] [main/DEBUG] (cpw.mods.modlauncher.LaunchPluginHandler) LauncherPluginService unprotect offering transform net.minecraft.world.level.SignalGetter
[21:58:45] [main/DEBUG] (cpw.mods.modlauncher.LaunchPluginHandler) LauncherPluginService unprotect transformed net.minecraft.world.level.SignalGetter with class compute flags 2
[21:58:45] [main/DEBUG] (cpw.mods.modlauncher.LaunchPluginHandler) LauncherPluginService runtimedistcleaner offering transform net.minecraft.world.level.SignalGetter
[21:58:45] [main/DEBUG] (cpw.mods.modlauncher.LaunchPluginHandler) Final flags state for net.minecraft.world.level.SignalGetter is 2
[21:58:45] [main/DEBUG] (cpw.mods.modlauncher.LaunchPluginHandler) LaunchPluginService {AFTER=[org.spongepowered.asm.launch.MixinLaunchPlugin@681f5a1e, juuxel.unprotect.UnprotectLaunchPlugin@6bd01b0e, net.neoforged.fml.common.asm.RuntimeDistCleaner@474c8d42]}
[21:58:45] [main/DEBUG] (cpw.mods.modlauncher.LaunchPluginHandler) Final flags state for net.minecraft.world.level.biome.BiomeManager$NoiseBiomeSource is 0
[21:58:45] [main/DEBUG] (cpw.mods.modlauncher.LaunchPluginHandler) LauncherPluginService mixin offering transform net.minecraft.world.level.biome.BiomeManager$NoiseBiomeSource
[21:58:45] [main/DEBUG] (cpw.mods.modlauncher.LaunchPluginHandler) LauncherPluginService unprotect offering transform net.minecraft.world.level.biome.BiomeManager$NoiseBiomeSource
[21:58:45] [main/DEBUG] (cpw.mods.modlauncher.LaunchPluginHandler) LauncherPluginService runtimedistcleaner offering transform net.minecraft.world.level.biome.BiomeManager$NoiseBiomeSource
[21:58:45] [main/DEBUG] (cpw.mods.modlauncher.LaunchPluginHandler) Final flags state for net.minecraft.world.level.biome.BiomeManager$NoiseBiomeSource is 0
[21:58:45] [main/DEBUG] (cpw.mods.modlauncher.LaunchPluginHandler) LaunchPluginService {AFTER=[org.spongepowered.asm.launch.MixinLaunchPlugin@681f5a1e, net.neoforged.fml.common.asm.RuntimeDistCleaner@474c8d42]}
[21:58:45] [main/DEBUG] (cpw.mods.modlauncher.LaunchPluginHandler) Final flags state for net.neoforged.neoforge.common.extensions.ILevelReaderExtension is 0
[21:58:45] [main/DEBUG] (cpw.mods.modlauncher.LaunchPluginHandler) LauncherPluginService mixin offering transform net.neoforged.neoforge.common.extensions.ILevelReaderExtension
[21:58:45] [main/DEBUG] (cpw.mods.modlauncher.LaunchPluginHandler) LauncherPluginService runtimedistcleaner offering transform net.neoforged.neoforge.common.extensions.ILevelReaderExtension
[21:58:45] [main/DEBUG] (cpw.mods.modlauncher.LaunchPluginHandler) Final flags state for net.neoforged.neoforge.common.extensions.ILevelReaderExtension is 0
[21:58:45] [main/DEBUG] (cpw.mods.modlauncher.LaunchPluginHandler) LaunchPluginService {AFTER=[org.spongepowered.asm.launch.MixinLaunchPlugin@681f5a1e, juuxel.unprotect.UnprotectLaunchPlugin@6bd01b0e, net.neoforged.fml.common.asm.RuntimeDistCleaner@474c8d42]}
[21:58:45] [main/DEBUG] (cpw.mods.modlauncher.LaunchPluginHandler) Final flags state for net.minecraft.world.level.LevelSimulatedRW is 0
[21:58:45] [main/DEBUG] (cpw.mods.modlauncher.LaunchPluginHandler) LauncherPluginService mixin offering transform net.minecraft.world.level.LevelSimulatedRW
[21:58:45] [main/DEBUG] (cpw.mods.modlauncher.LaunchPluginHandler) LauncherPluginService unprotect offering transform net.minecraft.world.level.LevelSimulatedRW
[21:58:45] [main/DEBUG] (cpw.mods.modlauncher.LaunchPluginHandler) LauncherPluginService runtimedistcleaner offering transform net.minecraft.world.level.LevelSimulatedRW
[21:58:45] [main/DEBUG] (cpw.mods.modlauncher.LaunchPluginHandler) Final flags state for net.minecraft.world.level.LevelSimulatedRW is 0
[21:58:45] [main/DEBUG] (cpw.mods.modlauncher.LaunchPluginHandler) LaunchPluginService {AFTER=[org.spongepowered.asm.launch.MixinLaunchPlugin@681f5a1e, juuxel.unprotect.UnprotectLaunchPlugin@6bd01b0e, net.neoforged.fml.common.asm.RuntimeDistCleaner@474c8d42]}
[21:58:45] [main/DEBUG] (cpw.mods.modlauncher.LaunchPluginHandler) Final flags state for net.minecraft.world.level.LevelSimulatedReader is 0
[21:58:45] [main/DEBUG] (cpw.mods.modlauncher.LaunchPluginHandler) LauncherPluginService mixin offering transform net.minecraft.world.level.LevelSimulatedReader
[21:58:45] [main/DEBUG] (cpw.mods.modlauncher.LaunchPluginHandler) LauncherPluginService unprotect offering transform net.minecraft.world.level.LevelSimulatedReader
[21:58:45] [main/DEBUG] (cpw.mods.modlauncher.LaunchPluginHandler) LauncherPluginService runtimedistcleaner offering transform net.minecraft.world.level.LevelSimulatedReader
[21:58:45] [main/DEBUG] (cpw.mods.modlauncher.LaunchPluginHandler) Final flags state for net.minecraft.world.level.LevelSimulatedReader is 0
[21:58:45] [main/DEBUG] (cpw.mods.modlauncher.LaunchPluginHandler) LaunchPluginService {AFTER=[org.spongepowered.asm.launch.MixinLaunchPlugin@681f5a1e, juuxel.unprotect.UnprotectLaunchPlugin@6bd01b0e, net.neoforged.fml.common.asm.RuntimeDistCleaner@474c8d42]}
[21:58:45] [main/DEBUG] (cpw.mods.modlauncher.LaunchPluginHandler) Final flags state for net.minecraft.world.level.LevelWriter is 0
[21:58:45] [main/DEBUG] (cpw.mods.modlauncher.LaunchPluginHandler) LauncherPluginService mixin offering transform net.minecraft.world.level.LevelWriter
[21:58:45] [main/DEBUG] (cpw.mods.modlauncher.LaunchPluginHandler) LauncherPluginService unprotect offering transform net.minecraft.world.level.LevelWriter
[21:58:45] [main/DEBUG] (cpw.mods.modlauncher.LaunchPluginHandler) LauncherPluginService runtimedistcleaner offering transform net.minecraft.world.level.LevelWriter
[21:58:45] [main/DEBUG] (cpw.mods.modlauncher.LaunchPluginHandler) Final flags state for net.minecraft.world.level.LevelWriter is 0
[21:58:45] [main/DEBUG] (cpw.mods.modlauncher.LaunchPluginHandler) LaunchPluginService {AFTER=[org.spongepowered.asm.launch.MixinLaunchPlugin@681f5a1e, juuxel.unprotect.UnprotectLaunchPlugin@6bd01b0e, net.neoforged.fml.common.asm.RuntimeDistCleaner@474c8d42]}
[21:58:45] [main/DEBUG] (cpw.mods.modlauncher.LaunchPluginHandler) Final flags state for net.minecraft.world.level.LevelTimeAccess is 0
[21:58:45] [main/DEBUG] (cpw.mods.modlauncher.LaunchPluginHandler) LauncherPluginService mixin offering transform net.minecraft.world.level.LevelTimeAccess
[21:58:45] [main/DEBUG] (cpw.mods.modlauncher.LaunchPluginHandler) LauncherPluginService unprotect offering transform net.minecraft.world.level.LevelTimeAccess
[21:58:45] [main/DEBUG] (cpw.mods.modlauncher.LaunchPluginHandler) LauncherPluginService runtimedistcleaner offering transform net.minecraft.world.level.LevelTimeAccess
[21:58:45] [main/DEBUG] (cpw.mods.modlauncher.LaunchPluginHandler) Final flags state for net.minecraft.world.level.LevelTimeAccess is 0
[21:58:45] [main/DEBUG] (cpw.mods.modlauncher.LaunchPluginHandler) LaunchPluginService {AFTER=[org.spongepowered.asm.launch.MixinLaunchPlugin@681f5a1e, net.neoforged.fml.common.asm.RuntimeDistCleaner@474c8d42]}
[21:58:45] [main/DEBUG] (cpw.mods.modlauncher.LaunchPluginHandler) Final flags state for net.neoforged.neoforge.common.extensions.ILevelExtension is 0
[21:58:45] [main/DEBUG] (cpw.mods.modlauncher.LaunchPluginHandler) LauncherPluginService mixin offering transform net.neoforged.neoforge.common.extensions.ILevelExtension
[21:58:45] [main/DEBUG] (cpw.mods.modlauncher.LaunchPluginHandler) LauncherPluginService runtimedistcleaner offering transform net.neoforged.neoforge.common.extensions.ILevelExtension
[21:58:45] [main/DEBUG] (cpw.mods.modlauncher.LaunchPluginHandler) Final flags state for net.neoforged.neoforge.common.extensions.ILevelExtension is 0
[21:58:45] [main/DEBUG] (cpw.mods.modlauncher.LaunchPluginHandler) LaunchPluginService {AFTER=[net.neoforged.fml.common.asm.RuntimeDistCleaner@474c8d42]}
[21:58:45] [main/DEBUG] (cpw.mods.modlauncher.LaunchPluginHandler) Final flags state for xaero.common.mixin.MixinAbstractClientPlayerEntity is 0
[21:58:45] [main/DEBUG] (cpw.mods.modlauncher.LaunchPluginHandler) LauncherPluginService runtimedistcleaner offering transform xaero.common.mixin.MixinAbstractClientPlayerEntity
[21:58:45] [main/DEBUG] (cpw.mods.modlauncher.LaunchPluginHandler) Final flags state for xaero.common.mixin.MixinAbstractClientPlayerEntity is 0
[21:58:45] [main/DEBUG] (cpw.mods.modlauncher.LaunchPluginHandler) LaunchPluginService {AFTER=[net.neoforged.fml.common.asm.RuntimeDistCleaner@474c8d42]}
[21:58:45] [main/DEBUG] (cpw.mods.modlauncher.LaunchPluginHandler) Final flags state for xaero.common.mixin.MixinAnimalModel is 0
[21:58:45] [main/DEBUG] (cpw.mods.modlauncher.LaunchPluginHandler) LauncherPluginService runtimedistcleaner offering transform xaero.common.mixin.MixinAnimalModel
[21:58:45] [main/DEBUG] (cpw.mods.modlauncher.LaunchPluginHandler) Final flags state for xaero.common.mixin.MixinAnimalModel is 0
[21:58:45] [main/DEBUG] (cpw.mods.modlauncher.LaunchPluginHandler) LaunchPluginService {AFTER=[net.neoforged.fml.common.asm.RuntimeDistCleaner@474c8d42]}
[21:58:45] [main/DEBUG] (cpw.mods.modlauncher.LaunchPluginHandler) Final flags state for xaero.common.mixin.MixinBatchableBufferSource is 0
[21:58:45] [main/DEBUG] (cpw.mods.modlauncher.LaunchPluginHandler) LauncherPluginService runtimedistcleaner offering transform xaero.common.mixin.MixinBatchableBufferSource
[21:58:45] [main/DEBUG] (cpw.mods.modlauncher.LaunchPluginHandler) Final flags state for xaero.common.mixin.MixinBatchableBufferSource is 0
[21:58:45] [main/DEBUG] (cpw.mods.modlauncher.LaunchPluginHandler) LaunchPluginService {AFTER=[org.spongepowered.asm.launch.MixinLaunchPlugin@681f5a1e, net.neoforged.fml.common.asm.RuntimeDistCleaner@474c8d42]}
[21:58:45] [main/DEBUG] (cpw.mods.modlauncher.LaunchPluginHandler) Final flags state for xaero.common.platform.Services is 0
[21:58:45] [main/DEBUG] (cpw.mods.modlauncher.LaunchPluginHandler) LauncherPluginService mixin offering transform xaero.common.platform.Services
[21:58:45] [main/DEBUG] (cpw.mods.modlauncher.LaunchPluginHandler) LauncherPluginService runtimedistcleaner offering transform xaero.common.platform.Services
[21:58:45] [main/DEBUG] (cpw.mods.modlauncher.LaunchPluginHandler) Final flags state for xaero.common.platform.Services is 0
[21:58:45] [main/DEBUG] (cpw.mods.modlauncher.LaunchPluginHandler) LaunchPluginService {AFTER=[org.spongepowered.asm.launch.MixinLaunchPlugin@681f5a1e, net.neoforged.fml.common.asm.RuntimeDistCleaner@474c8d42]}
[21:58:45] [main/DEBUG] (cpw.mods.modlauncher.LaunchPluginHandler) Final flags state for xaero.common.platform.services.IPlatformHelper is 0
[21:58:45] [main/DEBUG] (cpw.mods.modlauncher.LaunchPluginHandler) LauncherPluginService mixin offering transform xaero.common.platform.services.IPlatformHelper
[21:58:45] [main/DEBUG] (cpw.mods.modlauncher.LaunchPluginHandler) LauncherPluginService runtimedistcleaner offering transform xaero.common.platform.services.IPlatformHelper
[21:58:45] [main/DEBUG] (cpw.mods.modlauncher.LaunchPluginHandler) Final flags state for xaero.common.platform.services.IPlatformHelper is 0
[21:58:45] [main/DEBUG] (cpw.mods.modlauncher.LaunchPluginHandler) LaunchPluginService {AFTER=[org.spongepowered.asm.launch.MixinLaunchPlugin@681f5a1e, net.neoforged.fml.common.asm.RuntimeDistCleaner@474c8d42]}
[21:58:45] [main/DEBUG] (cpw.mods.modlauncher.LaunchPluginHandler) Final flags state for xaero.common.platform.services.NeoForgePlatformHelper is 0
[21:58:45] [main/DEBUG] (cpw.mods.modlauncher.LaunchPluginHandler) LauncherPluginService mixin offering transform xaero.common.platform.services.NeoForgePlatformHelper
[21:58:45] [main/DEBUG] (cpw.mods.modlauncher.LaunchPluginHandler) LauncherPluginService runtimedistcleaner offering transform xaero.common.platform.services.NeoForgePlatformHelper
[21:58:45] [main/DEBUG] (cpw.mods.modlauncher.LaunchPluginHandler) Final flags state for xaero.common.platform.services.NeoForgePlatformHelper is 0
[21:58:45] [main/DEBUG] (cpw.mods.modlauncher.LaunchPluginHandler) LaunchPluginService {AFTER=[org.spongepowered.asm.launch.MixinLaunchPlugin@681f5a1e, net.neoforged.fml.common.asm.RuntimeDistCleaner@474c8d42]}
[21:58:45] [main/DEBUG] (cpw.mods.modlauncher.LaunchPluginHandler) Final flags state for xaero.hud.render.util.IPlatformRenderUtil is 0
[21:58:45] [main/DEBUG] (cpw.mods.modlauncher.LaunchPluginHandler) LauncherPluginService mixin offering transform xaero.hud.render.util.IPlatformRenderUtil
[21:58:45] [main/DEBUG] (cpw.mods.modlauncher.LaunchPluginHandler) LauncherPluginService runtimedistcleaner offering transform xaero.hud.render.util.IPlatformRenderUtil
[21:58:45] [main/DEBUG] (cpw.mods.modlauncher.LaunchPluginHandler) Final flags state for xaero.hud.render.util.IPlatformRenderUtil is 0
[21:58:45] [main/DEBUG] (cpw.mods.modlauncher.LaunchPluginHandler) LaunchPluginService {AFTER=[org.spongepowered.asm.launch.MixinLaunchPlugin@681f5a1e, net.neoforged.fml.common.asm.RuntimeDistCleaner@474c8d42]}
[21:58:45] [main/DEBUG] (cpw.mods.modlauncher.LaunchPluginHandler) Final flags state for xaero.common.misc.IObfuscatedReflection is 0
[21:58:45] [main/DEBUG] (cpw.mods.modlauncher.LaunchPluginHandler) LauncherPluginService mixin offering transform xaero.common.misc.IObfuscatedReflection
[21:58:45] [main/DEBUG] (cpw.mods.modlauncher.LaunchPluginHandler) LauncherPluginService runtimedistcleaner offering transform xaero.common.misc.IObfuscatedReflection
[21:58:45] [main/DEBUG] (cpw.mods.modlauncher.LaunchPluginHandler) Final flags state for xaero.common.misc.IObfuscatedReflection is 0
[21:58:45] [main/DEBUG] (cpw.mods.modlauncher.LaunchPluginHandler) LaunchPluginService {AFTER=[org.spongepowered.asm.launch.MixinLaunchPlugin@681f5a1e, net.neoforged.fml.common.asm.RuntimeDistCleaner@474c8d42]}
[21:58:45] [main/DEBUG] (cpw.mods.modlauncher.LaunchPluginHandler) Final flags state for xaero.hud.controls.key.IKeyBindingHelper is 0
[21:58:45] [main/DEBUG] (cpw.mods.modlauncher.LaunchPluginHandler) LauncherPluginService mixin offering transform xaero.hud.controls.key.IKeyBindingHelper
[21:58:45] [main/DEBUG] (cpw.mods.modlauncher.LaunchPluginHandler) LauncherPluginService runtimedistcleaner offering transform xaero.hud.controls.key.IKeyBindingHelper
[21:58:45] [main/DEBUG] (cpw.mods.modlauncher.LaunchPluginHandler) Final flags state for xaero.hud.controls.key.IKeyBindingHelper is 0
[21:58:45] [main/DEBUG] (cpw.mods.modlauncher.LaunchPluginHandler) LaunchPluginService {AFTER=[org.spongepowered.asm.launch.MixinLaunchPlugin@681f5a1e, net.neoforged.fml.common.asm.RuntimeDistCleaner@474c8d42]}
[21:58:45] [main/DEBUG] (cpw.mods.modlauncher.LaunchPluginHandler) Final flags state for xaero.common.misc.ObfuscatedReflectionNeoForge is 0
[21:58:45] [main/DEBUG] (cpw.mods.modlauncher.LaunchPluginHandler) LauncherPluginService mixin offering transform xaero.common.misc.ObfuscatedReflectionNeoForge
[21:58:45] [main/DEBUG] (cpw.mods.modlauncher.LaunchPluginHandler) LauncherPluginService runtimedistcleaner offering transform xaero.common.misc.ObfuscatedReflectionNeoForge
[21:58:45] [main/DEBUG] (cpw.mods.modlauncher.LaunchPluginHandler) Final flags state for xaero.common.misc.ObfuscatedReflectionNeoForge is 0
[21:58:45] [main/DEBUG] (cpw.mods.modlauncher.LaunchPluginHandler) LaunchPluginService {AFTER=[org.spongepowered.asm.launch.MixinLaunchPlugin@681f5a1e, net.neoforged.fml.common.asm.RuntimeDistCleaner@474c8d42]}
[21:58:45] [main/DEBUG] (cpw.mods.modlauncher.LaunchPluginHandler) Final flags state for xaero.hud.controls.key.KeyBindingHelperNeoForge is 0
[21:58:45] [main/DEBUG] (cpw.mods.modlauncher.LaunchPluginHandler) LauncherPluginService mixin offering transform xaero.hud.controls.key.KeyBindingHelperNeoForge
[21:58:45] [main/DEBUG] (cpw.mods.modlauncher.LaunchPluginHandler) LauncherPluginService runtimedistcleaner offering transform xaero.hud.controls.key.KeyBindingHelperNeoForge
[21:58:45] [main/DEBUG] (cpw.mods.modlauncher.LaunchPluginHandler) Final flags state for xaero.hud.controls.key.KeyBindingHelperNeoForge is 0
[21:58:45] [main/DEBUG] (cpw.mods.modlauncher.LaunchPluginHandler) LaunchPluginService {AFTER=[org.spongepowered.asm.launch.MixinLaunchPlugin@681f5a1e, net.neoforged.fml.common.asm.RuntimeDistCleaner@474c8d42]}
[21:58:45] [main/DEBUG] (cpw.mods.modlauncher.LaunchPluginHandler) Final flags state for net.neoforged.neoforge.client.settings.IKeyConflictContext is 0
[21:58:45] [main/DEBUG] (cpw.mods.modlauncher.LaunchPluginHandler) LauncherPluginService mixin offering transform net.neoforged.neoforge.client.settings.IKeyConflictContext
[21:58:45] [main/DEBUG] (cpw.mods.modlauncher.LaunchPluginHandler) LauncherPluginService runtimedistcleaner offering transform net.neoforged.neoforge.client.settings.IKeyConflictContext
[21:58:45] [main/DEBUG] (cpw.mods.modlauncher.LaunchPluginHandler) Final flags state for net.neoforged.neoforge.client.settings.IKeyConflictContext is 0
[21:58:45] [main/DEBUG] (cpw.mods.modlauncher.LaunchPluginHandler) LaunchPluginService {AFTER=[org.spongepowered.asm.launch.MixinLaunchPlugin@681f5a1e, net.neoforged.fml.common.asm.RuntimeDistCleaner@474c8d42]}
[21:58:45] [main/DEBUG] (cpw.mods.modlauncher.LaunchPluginHandler) Final flags state for xaero.hud.render.util.NeoforgeRenderUtil is 0
[21:58:45] [main/DEBUG] (cpw.mods.modlauncher.LaunchPluginHandler) LauncherPluginService mixin offering transform xaero.hud.render.util.NeoforgeRenderUtil
[21:58:45] [main/DEBUG] (cpw.mods.modlauncher.LaunchPluginHandler) LauncherPluginService runtimedistcleaner offering transform xaero.hud.render.util.NeoforgeRenderUtil
[21:58:45] [main/DEBUG] (cpw.mods.modlauncher.LaunchPluginHandler) Final flags state for xaero.hud.render.util.NeoforgeRenderUtil is 0
[21:58:45] [main/DEBUG] (cpw.mods.modlauncher.LaunchPluginHandler) LaunchPluginService {AFTER=[org.spongepowered.asm.launch.MixinLaunchPlugin@681f5a1e, net.neoforged.fml.common.asm.RuntimeDistCleaner@474c8d42]}
[21:58:45] [main/DEBUG] (cpw.mods.modlauncher.LaunchPluginHandler) Final flags state for xaero.hud.minimap.MinimapLogs is 0
[21:58:45] [main/DEBUG] (cpw.mods.modlauncher.LaunchPluginHandler) LauncherPluginService mixin offering transform xaero.hud.minimap.MinimapLogs
[21:58:45] [main/DEBUG] (cpw.mods.modlauncher.LaunchPluginHandler) LauncherPluginService runtimedistcleaner offering transform xaero.hud.minimap.MinimapLogs
[21:58:45] [main/DEBUG] (cpw.mods.modlauncher.LaunchPluginHandler) Final flags state for xaero.hud.minimap.MinimapLogs is 0
[21:58:45] [main/DEBUG] (xaero.hud.minimap.MinimapLogs) Loaded xaero.common.platform.services.NeoForgePlatformHelper@59f1c295 for service interface xaero.common.platform.services.IPlatformHelper
[21:58:45] [main/DEBUG] (cpw.mods.modlauncher.LaunchPluginHandler) LaunchPluginService {AFTER=[net.neoforged.fml.common.asm.RuntimeDistCleaner@474c8d42]}
[21:58:45] [main/DEBUG] (cpw.mods.modlauncher.LaunchPluginHandler) Final flags state for xaero.common.mixin.MixinBufferSource is 0
[21:58:45] [main/DEBUG] (cpw.mods.modlauncher.LaunchPluginHandler) LauncherPluginService runtimedistcleaner offering transform xaero.common.mixin.MixinBufferSource
[21:58:45] [main/DEBUG] (cpw.mods.modlauncher.LaunchPluginHandler) Final flags state for xaero.common.mixin.MixinBufferSource is 0
[21:58:45] [main/DEBUG] (cpw.mods.modlauncher.LaunchPluginHandler) LaunchPluginService {AFTER=[net.neoforged.fml.common.asm.RuntimeDistCleaner@474c8d42]}
[21:58:45] [main/DEBUG] (cpw.mods.modlauncher.LaunchPluginHandler) Final flags state for xaero.common.mixin.MixinChatListener is 0
[21:58:45] [main/DEBUG] (cpw.mods.modlauncher.LaunchPluginHandler) LauncherPluginService runtimedistcleaner offering transform xaero.common.mixin.MixinChatListener
[21:58:45] [main/DEBUG] (cpw.mods.modlauncher.LaunchPluginHandler) Final flags state for xaero.common.mixin.MixinChatListener is 0
[21:58:45] [main/DEBUG] (cpw.mods.modlauncher.LaunchPluginHandler) LaunchPluginService {AFTER=[net.neoforged.fml.common.asm.RuntimeDistCleaner@474c8d42]}
[21:58:45] [main/DEBUG] (cpw.mods.modlauncher.LaunchPluginHandler) Final flags state for xaero.common.mixin.MixinChunkDeltaUpdateS2CPacket is 0
[21:58:45] [main/DEBUG] (cpw.mods.modlauncher.LaunchPluginHandler) LauncherPluginService runtimedistcleaner offering transform xaero.common.mixin.MixinChunkDeltaUpdateS2CPacket
[21:58:45] [main/DEBUG] (cpw.mods.modlauncher.LaunchPluginHandler) Final flags state for xaero.common.mixin.MixinChunkDeltaUpdateS2CPacket is 0
[21:58:45] [main/DEBUG] (cpw.mods.modlauncher.LaunchPluginHandler) LaunchPluginService {AFTER=[net.neoforged.fml.common.asm.RuntimeDistCleaner@474c8d42]}
[21:58:45] [main/DEBUG] (cpw.mods.modlauncher.LaunchPluginHandler) Final flags state for xaero.common.mixin.MixinClientPlayerEntity is 0
[21:58:45] [main/DEBUG] (cpw.mods.modlauncher.LaunchPluginHandler) LauncherPluginService runtimedistcleaner offering transform xaero.common.mixin.MixinClientPlayerEntity
[21:58:45] [main/DEBUG] (cpw.mods.modlauncher.LaunchPluginHandler) Final flags state for xaero.common.mixin.MixinClientPlayerEntity is 0
[21:58:45] [main/DEBUG] (cpw.mods.modlauncher.LaunchPluginHandler) LaunchPluginService {AFTER=[net.neoforged.fml.common.asm.RuntimeDistCleaner@474c8d42]}
[21:58:45] [main/DEBUG] (cpw.mods.modlauncher.LaunchPluginHandler) Final flags state for xaero.common.mixin.MixinClientPlayNetworkHandler is 0
[21:58:45] [main/DEBUG] (cpw.mods.modlauncher.LaunchPluginHandler) LauncherPluginService runtimedistcleaner offering transform xaero.common.mixin.MixinClientPlayNetworkHandler
[21:58:45] [main/DEBUG] (cpw.mods.modlauncher.LaunchPluginHandler) Final flags state for xaero.common.mixin.MixinClientPlayNetworkHandler is 0
[21:58:45] [main/DEBUG] (cpw.mods.modlauncher.LaunchPluginHandler) LaunchPluginService {AFTER=[net.neoforged.fml.common.asm.RuntimeDistCleaner@474c8d42]}
[21:58:45] [main/DEBUG] (cpw.mods.modlauncher.LaunchPluginHandler) Final flags state for xaero.common.mixin.MixinClientWorld is 0
[21:58:45] [main/DEBUG] (cpw.mods.modlauncher.LaunchPluginHandler) LauncherPluginService runtimedistcleaner offering transform xaero.common.mixin.MixinClientWorld
[21:58:45] [main/DEBUG] (cpw.mods.modlauncher.LaunchPluginHandler) Final flags state for xaero.common.mixin.MixinClientWorld is 0
[21:58:45] [main/DEBUG] (cpw.mods.modlauncher.LaunchPluginHandler) LaunchPluginService {AFTER=[net.neoforged.fml.common.asm.RuntimeDistCleaner@474c8d42]}
[21:58:45] [main/DEBUG] (cpw.mods.modlauncher.LaunchPluginHandler) Final flags state for xaero.common.mixin.MixinCompositeEntityModel is 0
[21:58:45] [main/DEBUG] (cpw.mods.modlauncher.LaunchPluginHandler) LauncherPluginService runtimedistcleaner offering transform xaero.common.mixin.MixinCompositeEntityModel
[21:58:45] [main/DEBUG] (cpw.mods.modlauncher.LaunchPluginHandler) Final flags state for xaero.common.mixin.MixinCompositeEntityModel is 0
[21:58:45] [main/DEBUG] (cpw.mods.modlauncher.LaunchPluginHandler) LaunchPluginService {AFTER=[net.neoforged.fml.common.asm.RuntimeDistCleaner@474c8d42]}
[21:58:45] [main/DEBUG] (cpw.mods.modlauncher.LaunchPluginHandler) Final flags state for xaero.common.mixin.MixinCyclingButtonWidget is 0
[21:58:45] [main/DEBUG] (cpw.mods.modlauncher.LaunchPluginHandler) LauncherPluginService runtimedistcleaner offering transform xaero.common.mixin.MixinCyclingButtonWidget
[21:58:45] [main/DEBUG] (cpw.mods.modlauncher.LaunchPluginHandler) Final flags state for xaero.common.mixin.MixinCyclingButtonWidget is 0
[21:58:45] [main/DEBUG] (cpw.mods.modlauncher.LaunchPluginHandler) LaunchPluginService {AFTER=[net.neoforged.fml.common.asm.RuntimeDistCleaner@474c8d42]}
[21:58:45] [main/DEBUG] (cpw.mods.modlauncher.LaunchPluginHandler) Final flags state for xaero.common.mixin.MixinDragonEntityModel is 0
[21:58:45] [main/DEBUG] (cpw.mods.modlauncher.LaunchPluginHandler) LauncherPluginService runtimedistcleaner offering transform xaero.common.mixin.MixinDragonEntityModel
[21:58:45] [main/DEBUG] (cpw.mods.modlauncher.LaunchPluginHandler) Final flags state for xaero.common.mixin.MixinDragonEntityModel is 0
[21:58:45] [main/DEBUG] (cpw.mods.modlauncher.LaunchPluginHandler) LaunchPluginService {AFTER=[net.neoforged.fml.common.asm.RuntimeDistCleaner@474c8d42]}
[21:58:45] [main/DEBUG] (cpw.mods.modlauncher.LaunchPluginHandler) Final flags state for xaero.common.mixin.MixinLevelStorageAccess is 0
[21:58:45] [main/DEBUG] (cpw.mods.modlauncher.LaunchPluginHandler) LauncherPluginService runtimedistcleaner offering transform xaero.common.mixin.MixinLevelStorageAccess
[21:58:45] [main/DEBUG] (cpw.mods.modlauncher.LaunchPluginHandler) Final flags state for xaero.common.mixin.MixinLevelStorageAccess is 0
[21:58:45] [main/DEBUG] (cpw.mods.modlauncher.LaunchPluginHandler) LaunchPluginService {AFTER=[net.neoforged.fml.common.asm.RuntimeDistCleaner@474c8d42]}
[21:58:45] [main/DEBUG] (cpw.mods.modlauncher.LaunchPluginHandler) Final flags state for xaero.common.mixin.MixinLlamaEntityModel is 0
[21:58:45] [main/DEBUG] (cpw.mods.modlauncher.LaunchPluginHandler) LauncherPluginService runtimedistcleaner offering transform xaero.common.mixin.MixinLlamaEntityModel
[21:58:45] [main/DEBUG] (cpw.mods.modlauncher.LaunchPluginHandler) Final flags state for xaero.common.mixin.MixinLlamaEntityModel is 0
[21:58:45] [main/DEBUG] (cpw.mods.modlauncher.LaunchPluginHandler) LaunchPluginService {AFTER=[net.neoforged.fml.common.asm.RuntimeDistCleaner@474c8d42]}
[21:58:45] [main/DEBUG] (cpw.mods.modlauncher.LaunchPluginHandler) Final flags state for xaero.common.mixin.MixinLocalPlayer is 0
[21:58:45] [main/DEBUG] (cpw.mods.modlauncher.LaunchPluginHandler) LauncherPluginService runtimedistcleaner offering transform xaero.common.mixin.MixinLocalPlayer
[21:58:45] [main/DEBUG] (cpw.mods.modlauncher.LaunchPluginHandler) Final flags state for xaero.common.mixin.MixinLocalPlayer is 0
[21:58:45] [main/DEBUG] (cpw.mods.modlauncher.LaunchPluginHandler) LaunchPluginService {AFTER=[net.neoforged.fml.common.asm.RuntimeDistCleaner@474c8d42]}
[21:58:45] [main/DEBUG] (cpw.mods.modlauncher.LaunchPluginHandler) Final flags state for xaero.common.mixin.MixinMinecraftClient is 0
[21:58:45] [main/DEBUG] (cpw.mods.modlauncher.LaunchPluginHandler) LauncherPluginService runtimedistcleaner offering transform xaero.common.mixin.MixinMinecraftClient
[21:58:45] [main/DEBUG] (cpw.mods.modlauncher.LaunchPluginHandler) Final flags state for xaero.common.mixin.MixinMinecraftClient is 0
[21:58:45] [main/DEBUG] (cpw.mods.modlauncher.LaunchPluginHandler) LaunchPluginService {AFTER=[net.neoforged.fml.common.asm.RuntimeDistCleaner@474c8d42]}
[21:58:45] [main/DEBUG] (cpw.mods.modlauncher.LaunchPluginHandler) Final flags state for xaero.common.mixin.MixinModelPart is 0
[21:58:45] [main/DEBUG] (cpw.mods.modlauncher.LaunchPluginHandler) LauncherPluginService runtimedistcleaner offering transform xaero.common.mixin.MixinModelPart
[21:58:45] [main/DEBUG] (cpw.mods.modlauncher.LaunchPluginHandler) Final flags state for xaero.common.mixin.MixinModelPart is 0
[21:58:45] [main/DEBUG] (cpw.mods.modlauncher.LaunchPluginHandler) LaunchPluginService {AFTER=[net.neoforged.fml.common.asm.RuntimeDistCleaner@474c8d42]}
[21:58:45] [main/DEBUG] (cpw.mods.modlauncher.LaunchPluginHandler) Final flags state for xaero.common.mixin.MixinRabbitEntityModel is 0
[21:58:45] [main/DEBUG] (cpw.mods.modlauncher.LaunchPluginHandler) LauncherPluginService runtimedistcleaner offering transform xaero.common.mixin.MixinRabbitEntityModel
[21:58:45] [main/DEBUG] (cpw.mods.modlauncher.LaunchPluginHandler) Final flags state for xaero.common.mixin.MixinRabbitEntityModel is 0
[21:58:45] [main/DEBUG] (cpw.mods.modlauncher.LaunchPluginHandler) LaunchPluginService {AFTER=[net.neoforged.fml.common.asm.RuntimeDistCleaner@474c8d42]}
[21:58:45] [main/DEBUG] (cpw.mods.modlauncher.LaunchPluginHandler) Final flags state for xaero.common.mixin.MixinSinglePartEntityModel is 0
[21:58:45] [main/DEBUG] (cpw.mods.modlauncher.LaunchPluginHandler) LauncherPluginService runtimedistcleaner offering transform xaero.common.mixin.MixinSinglePartEntityModel
[21:58:45] [main/DEBUG] (cpw.mods.modlauncher.LaunchPluginHandler) Final flags state for xaero.common.mixin.MixinSinglePartEntityModel is 0
[21:58:45] [main/DEBUG] (cpw.mods.modlauncher.LaunchPluginHandler) LaunchPluginService {AFTER=[net.neoforged.fml.common.asm.RuntimeDistCleaner@474c8d42]}
[21:58:45] [main/DEBUG] (cpw.mods.modlauncher.LaunchPluginHandler) Final flags state for xaero.common.mixin.MixinWorldChunk is 0
[21:58:45] [main/DEBUG] (cpw.mods.modlauncher.LaunchPluginHandler) LauncherPluginService runtimedistcleaner offering transform xaero.common.mixin.MixinWorldChunk
[21:58:45] [main/DEBUG] (cpw.mods.modlauncher.LaunchPluginHandler) Final flags state for xaero.common.mixin.MixinWorldChunk is 0
[21:58:45] [main/DEBUG] (cpw.mods.modlauncher.LaunchPluginHandler) LaunchPluginService {AFTER=[juuxel.unprotect.UnprotectLaunchPlugin@6bd01b0e, net.neoforged.fml.common.asm.RuntimeDistCleaner@474c8d42]}
[21:58:45] [main/DEBUG] (cpw.mods.modlauncher.LaunchPluginHandler) Final flags state for net.minecraft.client.player.AbstractClientPlayer is 0
[21:58:45] [main/DEBUG] (cpw.mods.modlauncher.LaunchPluginHandler) LauncherPluginService unprotect offering transform net.minecraft.client.player.AbstractClientPlayer
[21:58:45] [main/DEBUG] (cpw.mods.modlauncher.LaunchPluginHandler) LauncherPluginService unprotect transformed net.minecraft.client.player.AbstractClientPlayer with class compute flags 2
[21:58:45] [main/DEBUG] (cpw.mods.modlauncher.LaunchPluginHandler) LauncherPluginService runtimedistcleaner offering transform net.minecraft.client.player.AbstractClientPlayer
[21:58:45] [main/DEBUG] (net.neoforged.fml.common.asm.RuntimeDistCleaner) Removing Class Annotation: net/minecraft/client/player/AbstractClientPlayer @Lnet/neoforged/api/distmarker/OnlyIn;
[21:58:45] [main/DEBUG] (cpw.mods.modlauncher.LaunchPluginHandler) LauncherPluginService runtimedistcleaner transformed net.minecraft.client.player.AbstractClientPlayer with class compute flags 256
[21:58:45] [main/DEBUG] (cpw.mods.modlauncher.LaunchPluginHandler) Final flags state for net.minecraft.client.player.AbstractClientPlayer is 258
[21:58:45] [main/DEBUG] (cpw.mods.modlauncher.LaunchPluginHandler) LaunchPluginService {AFTER=[juuxel.unprotect.UnprotectLaunchPlugin@6bd01b0e, net.neoforged.fml.common.asm.RuntimeDistCleaner@474c8d42]}
[21:58:45] [main/DEBUG] (cpw.mods.modlauncher.LaunchPluginHandler) Final flags state for net.minecraft.client.model.AgeableListModel is 0
[21:58:45] [main/DEBUG] (cpw.mods.modlauncher.LaunchPluginHandler) LauncherPluginService unprotect offering transform net.minecraft.client.model.AgeableListModel
[21:58:45] [main/DEBUG] (cpw.mods.modlauncher.LaunchPluginHandler) LauncherPluginService unprotect transformed net.minecraft.client.model.AgeableListModel with class compute flags 2
[21:58:45] [main/DEBUG] (cpw.mods.modlauncher.LaunchPluginHandler) LauncherPluginService runtimedistcleaner offering transform net.minecraft.client.model.AgeableListModel
[21:58:45] [main/DEBUG] (net.neoforged.fml.common.asm.RuntimeDistCleaner) Removing Class Annotation: net/minecraft/client/model/AgeableListModel @Lnet/neoforged/api/distmarker/OnlyIn;
[21:58:45] [main/DEBUG] (cpw.mods.modlauncher.LaunchPluginHandler) LauncherPluginService runtimedistcleaner transformed net.minecraft.client.model.AgeableListModel with class compute flags 256
[21:58:45] [main/DEBUG] (cpw.mods.modlauncher.LaunchPluginHandler) Final flags state for net.minecraft.client.model.AgeableListModel is 258
[21:58:45] [main/DEBUG] (cpw.mods.modlauncher.LaunchPluginHandler) LaunchPluginService {AFTER=[juuxel.unprotect.UnprotectLaunchPlugin@6bd01b0e, net.neoforged.fml.common.asm.RuntimeDistCleaner@474c8d42]}
[21:58:45] [main/DEBUG] (cpw.mods.modlauncher.LaunchPluginHandler) Final flags state for net.minecraft.client.renderer.MultiBufferSource$BufferSource is 0
[21:58:45] [main/DEBUG] (cpw.mods.modlauncher.LaunchPluginHandler) LauncherPluginService unprotect offering transform net.minecraft.client.renderer.MultiBufferSource$BufferSource
[21:58:45] [main/DEBUG] (cpw.mods.modlauncher.LaunchPluginHandler) LauncherPluginService unprotect transformed net.minecraft.client.renderer.MultiBufferSource$BufferSource with class compute flags 2
[21:58:45] [main/DEBUG] (cpw.mods.modlauncher.LaunchPluginHandler) LauncherPluginService runtimedistcleaner offering transform net.minecraft.client.renderer.MultiBufferSource$BufferSource
[21:58:45] [main/DEBUG] (net.neoforged.fml.common.asm.RuntimeDistCleaner) Removing Class Annotation: net/minecraft/client/renderer/MultiBufferSource$BufferSource @Lnet/neoforged/api/distmarker/OnlyIn;
[21:58:45] [main/DEBUG] (cpw.mods.modlauncher.LaunchPluginHandler) LauncherPluginService runtimedistcleaner transformed net.minecraft.client.renderer.MultiBufferSource$BufferSource with class compute flags 256
[21:58:45] [main/DEBUG] (cpw.mods.modlauncher.LaunchPluginHandler) Final flags state for net.minecraft.client.renderer.MultiBufferSource$BufferSource is 258
[21:58:45] [main/DEBUG] (cpw.mods.modlauncher.LaunchPluginHandler) LaunchPluginService {AFTER=[juuxel.unprotect.UnprotectLaunchPlugin@6bd01b0e, net.neoforged.fml.common.asm.RuntimeDistCleaner@474c8d42]}
[21:58:45] [main/DEBUG] (cpw.mods.modlauncher.LaunchPluginHandler) Final flags state for net.minecraft.client.multiplayer.chat.ChatListener is 0
[21:58:45] [main/DEBUG] (cpw.mods.modlauncher.LaunchPluginHandler) LauncherPluginService unprotect offering transform net.minecraft.client.multiplayer.chat.ChatListener
[21:58:45] [main/DEBUG] (cpw.mods.modlauncher.LaunchPluginHandler) LauncherPluginService unprotect transformed net.minecraft.client.multiplayer.chat.ChatListener with class compute flags 2
[21:58:45] [main/DEBUG] (cpw.mods.modlauncher.LaunchPluginHandler) LauncherPluginService runtimedistcleaner offering transform net.minecraft.client.multiplayer.chat.ChatListener
[21:58:45] [main/DEBUG] (net.neoforged.fml.common.asm.RuntimeDistCleaner) Removing Class Annotation: net/minecraft/client/multiplayer/chat/ChatListener @Lnet/neoforged/api/distmarker/OnlyIn;
[21:58:45] [main/DEBUG] (cpw.mods.modlauncher.LaunchPluginHandler) LauncherPluginService runtimedistcleaner transformed net.minecraft.client.multiplayer.chat.ChatListener with class compute flags 256
[21:58:45] [main/DEBUG] (cpw.mods.modlauncher.LaunchPluginHandler) Final flags state for net.minecraft.client.multiplayer.chat.ChatListener is 258
[21:58:45] [main/DEBUG] (cpw.mods.modlauncher.LaunchPluginHandler) LaunchPluginService {BEFORE=[net.neoforged.accesstransformer.ml.AccessTransformerService@23038621], AFTER=[juuxel.unprotect.UnprotectLaunchPlugin@6bd01b0e, net.neoforged.fml.common.asm.RuntimeDistCleaner@474c8d42]}
[21:58:45] [main/DEBUG] (cpw.mods.modlauncher.LaunchPluginHandler) LauncherPluginService accesstransformer offering transform net.minecraft.network.protocol.game.ClientboundSectionBlocksUpdatePacket
[21:58:45] [main/DEBUG] (net.neoforged.accesstransformer.AccessTransformer) Transforming net.minecraft.network.protocol.game.ClientboundSectionBlocksUpdatePacket FIELD sectionPos to access PUBLIC and LEAVE
[21:58:45] [main/DEBUG] (net.neoforged.accesstransformer.AccessTransformer) Transforming net.minecraft.network.protocol.game.ClientboundSectionBlocksUpdatePacket FIELD positions to access PUBLIC and LEAVE
[21:58:45] [main/DEBUG] (cpw.mods.modlauncher.LaunchPluginHandler) LauncherPluginService accesstransformer transformed net.minecraft.network.protocol.game.ClientboundSectionBlocksUpdatePacket with class compute flags 256
[21:58:45] [main/DEBUG] (cpw.mods.modlauncher.LaunchPluginHandler) Final flags state for net.minecraft.network.protocol.game.ClientboundSectionBlocksUpdatePacket is 256
[21:58:45] [main/DEBUG] (cpw.mods.modlauncher.LaunchPluginHandler) LauncherPluginService unprotect offering transform net.minecraft.network.protocol.game.ClientboundSectionBlocksUpdatePacket
[21:58:45] [main/DEBUG] (cpw.mods.modlauncher.LaunchPluginHandler) LauncherPluginService unprotect transformed net.minecraft.network.protocol.game.ClientboundSectionBlocksUpdatePacket with class compute flags 2
[21:58:45] [main/DEBUG] (cpw.mods.modlauncher.LaunchPluginHandler) LauncherPluginService runtimedistcleaner offering transform net.minecraft.network.protocol.game.ClientboundSectionBlocksUpdatePacket
[21:58:45] [main/DEBUG] (cpw.mods.modlauncher.LaunchPluginHandler) Final flags state for net.minecraft.network.protocol.game.ClientboundSectionBlocksUpdatePacket is 2
[21:58:45] [main/DEBUG] (cpw.mods.modlauncher.LaunchPluginHandler) LaunchPluginService {BEFORE=[net.neoforged.accesstransformer.ml.AccessTransformerService@23038621], AFTER=[juuxel.unprotect.UnprotectLaunchPlugin@6bd01b0e, net.neoforged.fml.common.asm.RuntimeDistCleaner@474c8d42]}
[21:58:45] [main/DEBUG] (cpw.mods.modlauncher.LaunchPluginHandler) LauncherPluginService accesstransformer offering transform net.minecraft.client.player.LocalPlayer
[21:58:45] [main/DEBUG] (net.neoforged.accesstransformer.AccessTransformer) Transforming net.minecraft.client.player.LocalPlayer METHOD getPermissionLevel()I to access PUBLIC and LEAVE
[21:58:45] [main/DEBUG] (cpw.mods.modlauncher.LaunchPluginHandler) LauncherPluginService accesstransformer transformed net.minecraft.client.player.LocalPlayer with class compute flags 256
[21:58:45] [main/DEBUG] (cpw.mods.modlauncher.LaunchPluginHandler) Final flags state for net.minecraft.client.player.LocalPlayer is 256
[21:58:45] [main/DEBUG] (cpw.mods.modlauncher.LaunchPluginHandler) LauncherPluginService unprotect offering transform net.minecraft.client.player.LocalPlayer
[21:58:45] [main/DEBUG] (cpw.mods.modlauncher.LaunchPluginHandler) LauncherPluginService unprotect transformed net.minecraft.client.player.LocalPlayer with class compute flags 2
[21:58:45] [main/DEBUG] (cpw.mods.modlauncher.LaunchPluginHandler) LauncherPluginService runtimedistcleaner offering transform net.minecraft.client.player.LocalPlayer
[21:58:45] [main/DEBUG] (net.neoforged.fml.common.asm.RuntimeDistCleaner) Removing Class Annotation: net/minecraft/client/player/LocalPlayer @Lnet/neoforged/api/distmarker/OnlyIn;
[21:58:45] [main/DEBUG] (cpw.mods.modlauncher.LaunchPluginHandler) LauncherPluginService runtimedistcleaner transformed net.minecraft.client.player.LocalPlayer with class compute flags 256
[21:58:45] [main/DEBUG] (cpw.mods.modlauncher.LaunchPluginHandler) Final flags state for net.minecraft.client.player.LocalPlayer is 258
[21:58:45] [main/DEBUG] (cpw.mods.modlauncher.LaunchPluginHandler) LaunchPluginService {BEFORE=[net.neoforged.accesstransformer.ml.AccessTransformerService@23038621], AFTER=[juuxel.unprotect.UnprotectLaunchPlugin@6bd01b0e, net.neoforged.fml.common.asm.RuntimeDistCleaner@474c8d42]}
[21:58:45] [main/DEBUG] (cpw.mods.modlauncher.LaunchPluginHandler) LauncherPluginService accesstransformer offering transform net.minecraft.client.multiplayer.ClientPacketListener
[21:58:45] [main/DEBUG] (net.neoforged.accesstransformer.AccessTransformer) Transforming net.minecraft.client.multiplayer.ClientPacketListener FIELD commands to access PUBLIC and LEAVE
[21:58:45] [main/DEBUG] (cpw.mods.modlauncher.LaunchPluginHandler) LauncherPluginService accesstransformer transformed net.minecraft.client.multiplayer.ClientPacketListener with class compute flags 256
[21:58:45] [main/DEBUG] (cpw.mods.modlauncher.LaunchPluginHandler) Final flags state for net.minecraft.client.multiplayer.ClientPacketListener is 256
[21:58:45] [main/DEBUG] (cpw.mods.modlauncher.LaunchPluginHandler) LauncherPluginService unprotect offering transform net.minecraft.client.multiplayer.ClientPacketListener
[21:58:45] [main/DEBUG] (cpw.mods.modlauncher.LaunchPluginHandler) LauncherPluginService unprotect transformed net.minecraft.client.multiplayer.ClientPacketListener with class compute flags 2
[21:58:45] [main/DEBUG] (cpw.mods.modlauncher.LaunchPluginHandler) LauncherPluginService runtimedistcleaner offering transform net.minecraft.client.multiplayer.ClientPacketListener
[21:58:45] [main/DEBUG] (net.neoforged.fml.common.asm.RuntimeDistCleaner) Removing Class Annotation: net/minecraft/client/multiplayer/ClientPacketListener @Lnet/neoforged/api/distmarker/OnlyIn;
[21:58:45] [main/DEBUG] (cpw.mods.modlauncher.LaunchPluginHandler) LauncherPluginService runtimedistcleaner transformed net.minecraft.client.multiplayer.ClientPacketListener with class compute flags 256
[21:58:45] [main/DEBUG] (cpw.mods.modlauncher.LaunchPluginHandler) Final flags state for net.minecraft.client.multiplayer.ClientPacketListener is 258
[21:58:45] [main/DEBUG] (cpw.mods.modlauncher.LaunchPluginHandler) LaunchPluginService {AFTER=[org.spongepowered.asm.launch.MixinLaunchPlugin@681f5a1e, juuxel.unprotect.UnprotectLaunchPlugin@6bd01b0e, net.neoforged.fml.common.asm.RuntimeDistCleaner@474c8d42]}
[21:58:45] [main/DEBUG] (cpw.mods.modlauncher.LaunchPluginHandler) Final flags state for net.minecraft.client.multiplayer.ClientCommonPacketListenerImpl is 0
[21:58:45] [main/DEBUG] (cpw.mods.modlauncher.LaunchPluginHandler) LauncherPluginService mixin offering transform net.minecraft.client.multiplayer.ClientCommonPacketListenerImpl
[21:58:45] [main/DEBUG] (cpw.mods.modlauncher.LaunchPluginHandler) LauncherPluginService unprotect offering transform net.minecraft.client.multiplayer.ClientCommonPacketListenerImpl
[21:58:45] [main/DEBUG] (cpw.mods.modlauncher.LaunchPluginHandler) LauncherPluginService unprotect transformed net.minecraft.client.multiplayer.ClientCommonPacketListenerImpl with class compute flags 2
[21:58:45] [main/DEBUG] (cpw.mods.modlauncher.LaunchPluginHandler) LauncherPluginService runtimedistcleaner offering transform net.minecraft.client.multiplayer.ClientCommonPacketListenerImpl
[21:58:45] [main/DEBUG] (net.neoforged.fml.common.asm.RuntimeDistCleaner) Removing Class Annotation: net/minecraft/client/multiplayer/ClientCommonPacketListenerImpl @Lnet/neoforged/api/distmarker/OnlyIn;
[21:58:45] [main/DEBUG] (cpw.mods.modlauncher.LaunchPluginHandler) LauncherPluginService runtimedistcleaner transformed net.minecraft.client.multiplayer.ClientCommonPacketListenerImpl with class compute flags 256
[21:58:45] [main/DEBUG] (cpw.mods.modlauncher.LaunchPluginHandler) Final flags state for net.minecraft.client.multiplayer.ClientCommonPacketListenerImpl is 258
[21:58:45] [main/DEBUG] (cpw.mods.modlauncher.LaunchPluginHandler) LaunchPluginService {AFTER=[org.spongepowered.asm.launch.MixinLaunchPlugin@681f5a1e, juuxel.unprotect.UnprotectLaunchPlugin@6bd01b0e, net.neoforged.fml.common.asm.RuntimeDistCleaner@474c8d42]}
[21:58:45] [main/DEBUG] (cpw.mods.modlauncher.LaunchPluginHandler) Final flags state for net.minecraft.network.protocol.common.ClientCommonPacketListener is 0
[21:58:45] [main/DEBUG] (cpw.mods.modlauncher.LaunchPluginHandler) LauncherPluginService mixin offering transform net.minecraft.network.protocol.common.ClientCommonPacketListener
[21:58:45] [main/DEBUG] (cpw.mods.modlauncher.LaunchPluginHandler) LauncherPluginService unprotect offering transform net.minecraft.network.protocol.common.ClientCommonPacketListener
[21:58:45] [main/DEBUG] (cpw.mods.modlauncher.LaunchPluginHandler) LauncherPluginService runtimedistcleaner offering transform net.minecraft.network.protocol.common.ClientCommonPacketListener
[21:58:45] [main/DEBUG] (cpw.mods.modlauncher.LaunchPluginHandler) Final flags state for net.minecraft.network.protocol.common.ClientCommonPacketListener is 0
[21:58:45] [main/DEBUG] (cpw.mods.modlauncher.LaunchPluginHandler) LaunchPluginService {AFTER=[org.spongepowered.asm.launch.MixinLaunchPlugin@681f5a1e, juuxel.unprotect.UnprotectLaunchPlugin@6bd01b0e, net.neoforged.fml.common.asm.RuntimeDistCleaner@474c8d42]}
[21:58:45] [main/DEBUG] (cpw.mods.modlauncher.LaunchPluginHandler) Final flags state for net.minecraft.network.protocol.cookie.ClientCookiePacketListener is 0
[21:58:45] [main/DEBUG] (cpw.mods.modlauncher.LaunchPluginHandler) LauncherPluginService mixin offering transform net.minecraft.network.protocol.cookie.ClientCookiePacketListener
[21:58:45] [main/DEBUG] (cpw.mods.modlauncher.LaunchPluginHandler) LauncherPluginService unprotect offering transform net.minecraft.network.protocol.cookie.ClientCookiePacketListener
[21:58:45] [main/DEBUG] (cpw.mods.modlauncher.LaunchPluginHandler) LauncherPluginService runtimedistcleaner offering transform net.minecraft.network.protocol.cookie.ClientCookiePacketListener
[21:58:45] [main/DEBUG] (cpw.mods.modlauncher.LaunchPluginHandler) Final flags state for net.minecraft.network.protocol.cookie.ClientCookiePacketListener is 0
[21:58:45] [main/DEBUG] (cpw.mods.modlauncher.LaunchPluginHandler) LaunchPluginService {AFTER=[org.spongepowered.asm.launch.MixinLaunchPlugin@681f5a1e, juuxel.unprotect.UnprotectLaunchPlugin@6bd01b0e, net.neoforged.fml.common.asm.RuntimeDistCleaner@474c8d42]}
[21:58:45] [main/DEBUG] (cpw.mods.modlauncher.LaunchPluginHandler) Final flags state for net.minecraft.network.ClientboundPacketListener is 0
[21:58:45] [main/DEBUG] (cpw.mods.modlauncher.LaunchPluginHandler) LauncherPluginService mixin offering transform net.minecraft.network.ClientboundPacketListener
[21:58:45] [main/DEBUG] (cpw.mods.modlauncher.LaunchPluginHandler) LauncherPluginService unprotect offering transform net.minecraft.network.ClientboundPacketListener
[21:58:45] [main/DEBUG] (cpw.mods.modlauncher.LaunchPluginHandler) LauncherPluginService runtimedistcleaner offering transform net.minecraft.network.ClientboundPacketListener
[21:58:45] [main/DEBUG] (cpw.mods.modlauncher.LaunchPluginHandler) Final flags state for net.minecraft.network.ClientboundPacketListener is 0
[21:58:45] [main/DEBUG] (cpw.mods.modlauncher.LaunchPluginHandler) LaunchPluginService {AFTER=[org.spongepowered.asm.launch.MixinLaunchPlugin@681f5a1e, juuxel.unprotect.UnprotectLaunchPlugin@6bd01b0e, net.neoforged.fml.common.asm.RuntimeDistCleaner@474c8d42]}
[21:58:45] [main/DEBUG] (cpw.mods.modlauncher.LaunchPluginHandler) Final flags state for net.minecraft.network.PacketListener is 0
[21:58:45] [main/DEBUG] (cpw.mods.modlauncher.LaunchPluginHandler) LauncherPluginService mixin offering transform net.minecraft.network.PacketListener
[21:58:45] [main/DEBUG] (cpw.mods.modlauncher.LaunchPluginHandler) LauncherPluginService unprotect offering transform net.minecraft.network.PacketListener
[21:58:45] [main/DEBUG] (cpw.mods.modlauncher.LaunchPluginHandler) LauncherPluginService runtimedistcleaner offering transform net.minecraft.network.PacketListener
[21:58:45] [main/DEBUG] (cpw.mods.modlauncher.LaunchPluginHandler) Final flags state for net.minecraft.network.PacketListener is 0
[21:58:45] [main/DEBUG] (cpw.mods.modlauncher.LaunchPluginHandler) LaunchPluginService {AFTER=[org.spongepowered.asm.launch.MixinLaunchPlugin@681f5a1e, net.neoforged.fml.common.asm.RuntimeDistCleaner@474c8d42]}
[21:58:45] [main/DEBUG] (cpw.mods.modlauncher.LaunchPluginHandler) Final flags state for net.neoforged.neoforge.common.extensions.IClientCommonPacketListenerExtension is 0
[21:58:45] [main/DEBUG] (cpw.mods.modlauncher.LaunchPluginHandler) LauncherPluginService mixin offering transform net.neoforged.neoforge.common.extensions.IClientCommonPacketListenerExtension
[21:58:45] [main/DEBUG] (cpw.mods.modlauncher.LaunchPluginHandler) LauncherPluginService runtimedistcleaner offering transform net.neoforged.neoforge.common.extensions.IClientCommonPacketListenerExtension
[21:58:45] [main/DEBUG] (cpw.mods.modlauncher.LaunchPluginHandler) Final flags state for net.neoforged.neoforge.common.extensions.IClientCommonPacketListenerExtension is 0
[21:58:45] [main/DEBUG] (cpw.mods.modlauncher.LaunchPluginHandler) LaunchPluginService {AFTER=[org.spongepowered.asm.launch.MixinLaunchPlugin@681f5a1e, net.neoforged.fml.common.asm.RuntimeDistCleaner@474c8d42]}
[21:58:45] [main/DEBUG] (cpw.mods.modlauncher.LaunchPluginHandler) Final flags state for net.neoforged.neoforge.common.extensions.ICommonPacketListener is 0
[21:58:45] [main/DEBUG] (cpw.mods.modlauncher.LaunchPluginHandler) LauncherPluginService mixin offering transform net.neoforged.neoforge.common.extensions.ICommonPacketListener
[21:58:45] [main/DEBUG] (cpw.mods.modlauncher.LaunchPluginHandler) LauncherPluginService runtimedistcleaner offering transform net.neoforged.neoforge.common.extensions.ICommonPacketListener
[21:58:45] [main/DEBUG] (cpw.mods.modlauncher.LaunchPluginHandler) Final flags state for net.neoforged.neoforge.common.extensions.ICommonPacketListener is 0
[21:58:45] [main/DEBUG] (cpw.mods.modlauncher.LaunchPluginHandler) LaunchPluginService {AFTER=[org.spongepowered.asm.launch.MixinLaunchPlugin@681f5a1e, juuxel.unprotect.UnprotectLaunchPlugin@6bd01b0e, net.neoforged.fml.common.asm.RuntimeDistCleaner@474c8d42]}
[21:58:45] [main/DEBUG] (cpw.mods.modlauncher.LaunchPluginHandler) Final flags state for net.minecraft.network.protocol.game.ClientGamePacketListener is 0
[21:58:45] [main/DEBUG] (cpw.mods.modlauncher.LaunchPluginHandler) LauncherPluginService mixin offering transform net.minecraft.network.protocol.game.ClientGamePacketListener
[21:58:45] [main/DEBUG] (cpw.mods.modlauncher.LaunchPluginHandler) LauncherPluginService unprotect offering transform net.minecraft.network.protocol.game.ClientGamePacketListener
[21:58:45] [main/DEBUG] (cpw.mods.modlauncher.LaunchPluginHandler) LauncherPluginService runtimedistcleaner offering transform net.minecraft.network.protocol.game.ClientGamePacketListener
[21:58:45] [main/DEBUG] (cpw.mods.modlauncher.LaunchPluginHandler) Final flags state for net.minecraft.network.protocol.game.ClientGamePacketListener is 0
[21:58:45] [main/DEBUG] (cpw.mods.modlauncher.LaunchPluginHandler) LaunchPluginService {AFTER=[org.spongepowered.asm.launch.MixinLaunchPlugin@681f5a1e, juuxel.unprotect.UnprotectLaunchPlugin@6bd01b0e, net.neoforged.fml.common.asm.RuntimeDistCleaner@474c8d42]}
[21:58:45] [main/DEBUG] (cpw.mods.modlauncher.LaunchPluginHandler) Final flags state for net.minecraft.network.protocol.ping.ClientPongPacketListener is 0
[21:58:45] [main/DEBUG] (cpw.mods.modlauncher.LaunchPluginHandler) LauncherPluginService mixin offering transform net.minecraft.network.protocol.ping.ClientPongPacketListener
[21:58:45] [main/DEBUG] (cpw.mods.modlauncher.LaunchPluginHandler) LauncherPluginService unprotect offering transform net.minecraft.network.protocol.ping.ClientPongPacketListener
[21:58:45] [main/DEBUG] (cpw.mods.modlauncher.LaunchPluginHandler) LauncherPluginService runtimedistcleaner offering transform net.minecraft.network.protocol.ping.ClientPongPacketListener
[21:58:45] [main/DEBUG] (cpw.mods.modlauncher.LaunchPluginHandler) Final flags state for net.minecraft.network.protocol.ping.ClientPongPacketListener is 0
[21:58:45] [main/DEBUG] (cpw.mods.modlauncher.LaunchPluginHandler) LaunchPluginService {AFTER=[org.spongepowered.asm.launch.MixinLaunchPlugin@681f5a1e, juuxel.unprotect.UnprotectLaunchPlugin@6bd01b0e, net.neoforged.fml.common.asm.RuntimeDistCleaner@474c8d42]}
[21:58:45] [main/DEBUG] (cpw.mods.modlauncher.LaunchPluginHandler) Final flags state for net.minecraft.network.TickablePacketListener is 0
[21:58:45] [main/DEBUG] (cpw.mods.modlauncher.LaunchPluginHandler) LauncherPluginService mixin offering transform net.minecraft.network.TickablePacketListener
[21:58:45] [main/DEBUG] (cpw.mods.modlauncher.LaunchPluginHandler) LauncherPluginService unprotect offering transform net.minecraft.network.TickablePacketListener
[21:58:45] [main/DEBUG] (cpw.mods.modlauncher.LaunchPluginHandler) LauncherPluginService runtimedistcleaner offering transform net.minecraft.network.TickablePacketListener
[21:58:45] [main/DEBUG] (cpw.mods.modlauncher.LaunchPluginHandler) Final flags state for net.minecraft.network.TickablePacketListener is 0
[21:58:45] [main/DEBUG] (cpw.mods.modlauncher.LaunchPluginHandler) LaunchPluginService {AFTER=[org.spongepowered.asm.launch.MixinLaunchPlugin@681f5a1e, juuxel.unprotect.UnprotectLaunchPlugin@6bd01b0e, net.neoforged.fml.common.asm.RuntimeDistCleaner@474c8d42]}
[21:58:45] [main/DEBUG] (cpw.mods.modlauncher.LaunchPluginHandler) Final flags state for net.minecraft.client.resources.sounds.BeeFlyingSoundInstance is 0
[21:58:45] [main/DEBUG] (cpw.mods.modlauncher.LaunchPluginHandler) LauncherPluginService mixin offering transform net.minecraft.client.resources.sounds.BeeFlyingSoundInstance
[21:58:45] [main/DEBUG] (cpw.mods.modlauncher.LaunchPluginHandler) LauncherPluginService unprotect offering transform net.minecraft.client.resources.sounds.BeeFlyingSoundInstance
[21:58:45] [main/DEBUG] (cpw.mods.modlauncher.LaunchPluginHandler) LauncherPluginService unprotect transformed net.minecraft.client.resources.sounds.BeeFlyingSoundInstance with class compute flags 2
[21:58:45] [main/DEBUG] (cpw.mods.modlauncher.LaunchPluginHandler) LauncherPluginService runtimedistcleaner offering transform net.minecraft.client.resources.sounds.BeeFlyingSoundInstance
[21:58:45] [main/DEBUG] (net.neoforged.fml.common.asm.RuntimeDistCleaner) Removing Class Annotation: net/minecraft/client/resources/sounds/BeeFlyingSoundInstance @Lnet/neoforged/api/distmarker/OnlyIn;
[21:58:45] [main/DEBUG] (cpw.mods.modlauncher.LaunchPluginHandler) LauncherPluginService runtimedistcleaner transformed net.minecraft.client.resources.sounds.BeeFlyingSoundInstance with class compute flags 256
[21:58:45] [main/DEBUG] (cpw.mods.modlauncher.LaunchPluginHandler) Final flags state for net.minecraft.client.resources.sounds.BeeFlyingSoundInstance is 258
[21:58:45] [main/DEBUG] (cpw.mods.modlauncher.LaunchPluginHandler) LaunchPluginService {AFTER=[org.spongepowered.asm.launch.MixinLaunchPlugin@681f5a1e, juuxel.unprotect.UnprotectLaunchPlugin@6bd01b0e, net.neoforged.fml.common.asm.RuntimeDistCleaner@474c8d42]}
[21:58:45] [main/DEBUG] (cpw.mods.modlauncher.LaunchPluginHandler) Final flags state for net.minecraft.client.resources.sounds.BeeSoundInstance is 0
[21:58:45] [main/DEBUG] (cpw.mods.modlauncher.LaunchPluginHandler) LauncherPluginService mixin offering transform net.minecraft.client.resources.sounds.BeeSoundInstance
[21:58:45] [main/DEBUG] (cpw.mods.modlauncher.LaunchPluginHandler) LauncherPluginService unprotect offering transform net.minecraft.client.resources.sounds.BeeSoundInstance
[21:58:45] [main/DEBUG] (cpw.mods.modlauncher.LaunchPluginHandler) LauncherPluginService unprotect transformed net.minecraft.client.resources.sounds.BeeSoundInstance with class compute flags 2
[21:58:45] [main/DEBUG] (cpw.mods.modlauncher.LaunchPluginHandler) LauncherPluginService runtimedistcleaner offering transform net.minecraft.client.resources.sounds.BeeSoundInstance
[21:58:45] [main/DEBUG] (net.neoforged.fml.common.asm.RuntimeDistCleaner) Removing Class Annotation: net/minecraft/client/resources/sounds/BeeSoundInstance @Lnet/neoforged/api/distmarker/OnlyIn;
[21:58:45] [main/DEBUG] (cpw.mods.modlauncher.LaunchPluginHandler) LauncherPluginService runtimedistcleaner transformed net.minecraft.client.resources.sounds.BeeSoundInstance with class compute flags 256
[21:58:45] [main/DEBUG] (cpw.mods.modlauncher.LaunchPluginHandler) Final flags state for net.minecraft.client.resources.sounds.BeeSoundInstance is 258
[21:58:45] [main/DEBUG] (cpw.mods.modlauncher.LaunchPluginHandler) LaunchPluginService {AFTER=[org.spongepowered.asm.launch.MixinLaunchPlugin@681f5a1e, juuxel.unprotect.UnprotectLaunchPlugin@6bd01b0e, net.neoforged.fml.common.asm.RuntimeDistCleaner@474c8d42]}
[21:58:45] [main/DEBUG] (cpw.mods.modlauncher.LaunchPluginHandler) Final flags state for net.minecraft.client.resources.sounds.AbstractTickableSoundInstance is 0
[21:58:45] [main/DEBUG] (cpw.mods.modlauncher.LaunchPluginHandler) LauncherPluginService mixin offering transform net.minecraft.client.resources.sounds.AbstractTickableSoundInstance
[21:58:45] [main/DEBUG] (cpw.mods.modlauncher.LaunchPluginHandler) LauncherPluginService unprotect offering transform net.minecraft.client.resources.sounds.AbstractTickableSoundInstance
[21:58:45] [main/DEBUG] (cpw.mods.modlauncher.LaunchPluginHandler) LauncherPluginService unprotect transformed net.minecraft.client.resources.sounds.AbstractTickableSoundInstance with class compute flags 2
[21:58:45] [main/DEBUG] (cpw.mods.modlauncher.LaunchPluginHandler) LauncherPluginService runtimedistcleaner offering transform net.minecraft.client.resources.sounds.AbstractTickableSoundInstance
[21:58:45] [main/DEBUG] (net.neoforged.fml.common.asm.RuntimeDistCleaner) Removing Class Annotation: net/minecraft/client/resources/sounds/AbstractTickableSoundInstance @Lnet/neoforged/api/distmarker/OnlyIn;
[21:58:45] [main/DEBUG] (cpw.mods.modlauncher.LaunchPluginHandler) LauncherPluginService runtimedistcleaner transformed net.minecraft.client.resources.sounds.AbstractTickableSoundInstance with class compute flags 256
[21:58:45] [main/DEBUG] (cpw.mods.modlauncher.LaunchPluginHandler) Final flags state for net.minecraft.client.resources.sounds.AbstractTickableSoundInstance is 258
[21:58:45] [main/DEBUG] (cpw.mods.modlauncher.LaunchPluginHandler) LaunchPluginService {AFTER=[org.spongepowered.asm.launch.MixinLaunchPlugin@681f5a1e, juuxel.unprotect.UnprotectLaunchPlugin@6bd01b0e, net.neoforged.fml.common.asm.RuntimeDistCleaner@474c8d42]}
[21:58:45] [main/DEBUG] (cpw.mods.modlauncher.LaunchPluginHandler) Final flags state for net.minecraft.client.resources.sounds.AbstractSoundInstance is 0
[21:58:45] [main/DEBUG] (cpw.mods.modlauncher.LaunchPluginHandler) LauncherPluginService mixin offering transform net.minecraft.client.resources.sounds.AbstractSoundInstance
[21:58:45] [main/DEBUG] (cpw.mods.modlauncher.LaunchPluginHandler) LauncherPluginService unprotect offering transform net.minecraft.client.resources.sounds.AbstractSoundInstance
[21:58:45] [main/DEBUG] (cpw.mods.modlauncher.LaunchPluginHandler) LauncherPluginService unprotect transformed net.minecraft.client.resources.sounds.AbstractSoundInstance with class compute flags 2
[21:58:45] [main/DEBUG] (cpw.mods.modlauncher.LaunchPluginHandler) LauncherPluginService runtimedistcleaner offering transform net.minecraft.client.resources.sounds.AbstractSoundInstance
[21:58:45] [main/DEBUG] (net.neoforged.fml.common.asm.RuntimeDistCleaner) Removing Class Annotation: net/minecraft/client/resources/sounds/AbstractSoundInstance @Lnet/neoforged/api/distmarker/OnlyIn;
[21:58:45] [main/DEBUG] (cpw.mods.modlauncher.LaunchPluginHandler) LauncherPluginService runtimedistcleaner transformed net.minecraft.client.resources.sounds.AbstractSoundInstance with class compute flags 256
[21:58:45] [main/DEBUG] (cpw.mods.modlauncher.LaunchPluginHandler) Final flags state for net.minecraft.client.resources.sounds.AbstractSoundInstance is 258
[21:58:45] [main/DEBUG] (cpw.mods.modlauncher.LaunchPluginHandler) LaunchPluginService {AFTER=[org.spongepowered.asm.launch.MixinLaunchPlugin@681f5a1e, juuxel.unprotect.UnprotectLaunchPlugin@6bd01b0e, net.neoforged.fml.common.asm.RuntimeDistCleaner@474c8d42]}
[21:58:45] [main/DEBUG] (cpw.mods.modlauncher.LaunchPluginHandler) Final flags state for net.minecraft.client.resources.sounds.SoundInstance is 0
[21:58:45] [main/DEBUG] (cpw.mods.modlauncher.LaunchPluginHandler) LauncherPluginService mixin offering transform net.minecraft.client.resources.sounds.SoundInstance
[21:58:45] [main/DEBUG] (cpw.mods.modlauncher.LaunchPluginHandler) LauncherPluginService unprotect offering transform net.minecraft.client.resources.sounds.SoundInstance
[21:58:45] [main/DEBUG] (cpw.mods.modlauncher.LaunchPluginHandler) LauncherPluginService runtimedistcleaner offering transform net.minecraft.client.resources.sounds.SoundInstance
[21:58:45] [main/DEBUG] (net.neoforged.fml.common.asm.RuntimeDistCleaner) Removing Class Annotation: net/minecraft/client/resources/sounds/SoundInstance @Lnet/neoforged/api/distmarker/OnlyIn;
[21:58:45] [main/DEBUG] (cpw.mods.modlauncher.LaunchPluginHandler) LauncherPluginService runtimedistcleaner transformed net.minecraft.client.resources.sounds.SoundInstance with class compute flags 256
[21:58:45] [main/DEBUG] (cpw.mods.modlauncher.LaunchPluginHandler) Final flags state for net.minecraft.client.resources.sounds.SoundInstance is 256
[21:58:45] [main/DEBUG] (cpw.mods.modlauncher.LaunchPluginHandler) LaunchPluginService {AFTER=[org.spongepowered.asm.launch.MixinLaunchPlugin@681f5a1e, juuxel.unprotect.UnprotectLaunchPlugin@6bd01b0e, net.neoforged.fml.common.asm.RuntimeDistCleaner@474c8d42]}
[21:58:45] [main/DEBUG] (cpw.mods.modlauncher.LaunchPluginHandler) Final flags state for net.minecraft.client.resources.sounds.TickableSoundInstance is 0
[21:58:45] [main/DEBUG] (cpw.mods.modlauncher.LaunchPluginHandler) LauncherPluginService mixin offering transform net.minecraft.client.resources.sounds.TickableSoundInstance
[21:58:45] [main/DEBUG] (cpw.mods.modlauncher.LaunchPluginHandler) LauncherPluginService unprotect offering transform net.minecraft.client.resources.sounds.TickableSoundInstance
[21:58:45] [main/DEBUG] (cpw.mods.modlauncher.LaunchPluginHandler) LauncherPluginService runtimedistcleaner offering transform net.minecraft.client.resources.sounds.TickableSoundInstance
[21:58:45] [main/DEBUG] (net.neoforged.fml.common.asm.RuntimeDistCleaner) Removing Class Annotation: net/minecraft/client/resources/sounds/TickableSoundInstance @Lnet/neoforged/api/distmarker/OnlyIn;
[21:58:45] [main/DEBUG] (cpw.mods.modlauncher.LaunchPluginHandler) LauncherPluginService runtimedistcleaner transformed net.minecraft.client.resources.sounds.TickableSoundInstance with class compute flags 256
[21:58:45] [main/DEBUG] (cpw.mods.modlauncher.LaunchPluginHandler) Final flags state for net.minecraft.client.resources.sounds.TickableSoundInstance is 256
[21:58:45] [main/DEBUG] (cpw.mods.modlauncher.LaunchPluginHandler) LaunchPluginService {AFTER=[org.spongepowered.asm.launch.MixinLaunchPlugin@681f5a1e, juuxel.unprotect.UnprotectLaunchPlugin@6bd01b0e, net.neoforged.fml.common.asm.RuntimeDistCleaner@474c8d42]}
[21:58:45] [main/DEBUG] (cpw.mods.modlauncher.LaunchPluginHandler) Final flags state for net.minecraft.client.resources.sounds.BeeAggressiveSoundInstance is 0
[21:58:45] [main/DEBUG] (cpw.mods.modlauncher.LaunchPluginHandler) LauncherPluginService mixin offering transform net.minecraft.client.resources.sounds.BeeAggressiveSoundInstance
[21:58:45] [main/DEBUG] (cpw.mods.modlauncher.LaunchPluginHandler) LauncherPluginService unprotect offering transform net.minecraft.client.resources.sounds.BeeAggressiveSoundInstance
[21:58:45] [main/DEBUG] (cpw.mods.modlauncher.LaunchPluginHandler) LauncherPluginService unprotect transformed net.minecraft.client.resources.sounds.BeeAggressiveSoundInstance with class compute flags 2
[21:58:45] [main/DEBUG] (cpw.mods.modlauncher.LaunchPluginHandler) LauncherPluginService runtimedistcleaner offering transform net.minecraft.client.resources.sounds.BeeAggressiveSoundInstance
[21:58:45] [main/DEBUG] (net.neoforged.fml.common.asm.RuntimeDistCleaner) Removing Class Annotation: net/minecraft/client/resources/sounds/BeeAggressiveSoundInstance @Lnet/neoforged/api/distmarker/OnlyIn;
[21:58:45] [main/DEBUG] (cpw.mods.modlauncher.LaunchPluginHandler) LauncherPluginService runtimedistcleaner transformed net.minecraft.client.resources.sounds.BeeAggressiveSoundInstance with class compute flags 256
[21:58:45] [main/DEBUG] (cpw.mods.modlauncher.LaunchPluginHandler) Final flags state for net.minecraft.client.resources.sounds.BeeAggressiveSoundInstance is 258
[21:58:45] [main/DEBUG] (cpw.mods.modlauncher.LaunchPluginHandler) LaunchPluginService {BEFORE=[net.neoforged.accesstransformer.ml.AccessTransformerService@23038621], AFTER=[org.spongepowered.asm.launch.MixinLaunchPlugin@681f5a1e, juuxel.unprotect.UnprotectLaunchPlugin@6bd01b0e, net.neoforged.fml.common.asm.RuntimeDistCleaner@474c8d42]}
[21:58:45] [main/DEBUG] (cpw.mods.modlauncher.LaunchPluginHandler) LauncherPluginService accesstransformer offering transform net.minecraft.client.player.LocalPlayer
[21:58:45] [main/DEBUG] (net.neoforged.accesstransformer.AccessTransformer) Transforming net.minecraft.client.player.LocalPlayer METHOD getPermissionLevel()I to access PUBLIC and LEAVE
[21:58:45] [main/DEBUG] (cpw.mods.modlauncher.LaunchPluginHandler) LauncherPluginService accesstransformer transformed net.minecraft.client.player.LocalPlayer with class compute flags 256
[21:58:45] [main/DEBUG] (cpw.mods.modlauncher.LaunchPluginHandler) Final flags state for net.minecraft.client.player.LocalPlayer is 256
[21:58:45] [main/DEBUG] (cpw.mods.modlauncher.LaunchPluginHandler) LauncherPluginService mixin offering transform net.minecraft.client.player.LocalPlayer
[21:58:45] [main/DEBUG] (cpw.mods.modlauncher.LaunchPluginHandler) LauncherPluginService unprotect offering transform net.minecraft.client.player.LocalPlayer
[21:58:45] [main/DEBUG] (cpw.mods.modlauncher.LaunchPluginHandler) LauncherPluginService unprotect transformed net.minecraft.client.player.LocalPlayer with class compute flags 2
[21:58:45] [main/DEBUG] (cpw.mods.modlauncher.LaunchPluginHandler) LauncherPluginService runtimedistcleaner offering transform net.minecraft.client.player.LocalPlayer
[21:58:45] [main/DEBUG] (net.neoforged.fml.common.asm.RuntimeDistCleaner) Removing Class Annotation: net/minecraft/client/player/LocalPlayer @Lnet/neoforged/api/distmarker/OnlyIn;
[21:58:45] [main/DEBUG] (cpw.mods.modlauncher.LaunchPluginHandler) LauncherPluginService runtimedistcleaner transformed net.minecraft.client.player.LocalPlayer with class compute flags 256
[21:58:45] [main/DEBUG] (cpw.mods.modlauncher.LaunchPluginHandler) Final flags state for net.minecraft.client.player.LocalPlayer is 258
[21:58:45] [main/DEBUG] (cpw.mods.modlauncher.LaunchPluginHandler) LaunchPluginService {AFTER=[org.spongepowered.asm.launch.MixinLaunchPlugin@681f5a1e, juuxel.unprotect.UnprotectLaunchPlugin@6bd01b0e, net.neoforged.fml.common.asm.RuntimeDistCleaner@474c8d42]}
[21:58:45] [main/DEBUG] (cpw.mods.modlauncher.LaunchPluginHandler) Final flags state for net.minecraft.client.player.AbstractClientPlayer is 0
[21:58:45] [main/DEBUG] (cpw.mods.modlauncher.LaunchPluginHandler) LauncherPluginService mixin offering transform net.minecraft.client.player.AbstractClientPlayer
[21:58:45] [main/DEBUG] (cpw.mods.modlauncher.LaunchPluginHandler) LauncherPluginService unprotect offering transform net.minecraft.client.player.AbstractClientPlayer
[21:58:45] [main/DEBUG] (cpw.mods.modlauncher.LaunchPluginHandler) LauncherPluginService unprotect transformed net.minecraft.client.player.AbstractClientPlayer with class compute flags 2
[21:58:45] [main/DEBUG] (cpw.mods.modlauncher.LaunchPluginHandler) LauncherPluginService runtimedistcleaner offering transform net.minecraft.client.player.AbstractClientPlayer
[21:58:45] [main/DEBUG] (net.neoforged.fml.common.asm.RuntimeDistCleaner) Removing Class Annotation: net/minecraft/client/player/AbstractClientPlayer @Lnet/neoforged/api/distmarker/OnlyIn;
[21:58:45] [main/DEBUG] (cpw.mods.modlauncher.LaunchPluginHandler) LauncherPluginService runtimedistcleaner transformed net.minecraft.client.player.AbstractClientPlayer with class compute flags 256
[21:58:45] [main/DEBUG] (cpw.mods.modlauncher.LaunchPluginHandler) Final flags state for net.minecraft.client.player.AbstractClientPlayer is 258
[21:58:45] [main/DEBUG] (cpw.mods.modlauncher.LaunchPluginHandler) LaunchPluginService {AFTER=[org.spongepowered.asm.launch.MixinLaunchPlugin@681f5a1e, juuxel.unprotect.UnprotectLaunchPlugin@6bd01b0e, net.neoforged.fml.common.asm.RuntimeDistCleaner@474c8d42]}
[21:58:45] [main/DEBUG] (cpw.mods.modlauncher.LaunchPluginHandler) Final flags state for net.minecraft.world.level.block.state.BlockState is 0
[21:58:45] [main/DEBUG] (cpw.mods.modlauncher.LaunchPluginHandler) LauncherPluginService mixin offering transform net.minecraft.world.level.block.state.BlockState
[21:58:45] [main/DEBUG] (cpw.mods.modlauncher.LaunchPluginHandler) LauncherPluginService unprotect offering transform net.minecraft.world.level.block.state.BlockState
[21:58:45] [main/DEBUG] (cpw.mods.modlauncher.LaunchPluginHandler) LauncherPluginService unprotect transformed net.minecraft.world.level.block.state.BlockState with class compute flags 2
[21:58:45] [main/DEBUG] (cpw.mods.modlauncher.LaunchPluginHandler) LauncherPluginService runtimedistcleaner offering transform net.minecraft.world.level.block.state.BlockState
[21:58:45] [main/DEBUG] (cpw.mods.modlauncher.LaunchPluginHandler) Final flags state for net.minecraft.world.level.block.state.BlockState is 2
[21:58:45] [main/DEBUG] (cpw.mods.modlauncher.LaunchPluginHandler) LaunchPluginService {AFTER=[org.spongepowered.asm.launch.MixinLaunchPlugin@681f5a1e, juuxel.unprotect.UnprotectLaunchPlugin@6bd01b0e, net.neoforged.fml.common.asm.RuntimeDistCleaner@474c8d42]}
[21:58:45] [main/DEBUG] (cpw.mods.modlauncher.LaunchPluginHandler) Final flags state for net.minecraft.world.level.block.state.BlockBehaviour$BlockStateBase is 0
[21:58:45] [main/DEBUG] (cpw.mods.modlauncher.LaunchPluginHandler) LauncherPluginService mixin offering transform net.minecraft.world.level.block.state.BlockBehaviour$BlockStateBase
[21:58:45] [main/DEBUG] (cpw.mods.modlauncher.LaunchPluginHandler) LauncherPluginService unprotect offering transform net.minecraft.world.level.block.state.BlockBehaviour$BlockStateBase
[21:58:45] [main/DEBUG] (cpw.mods.modlauncher.LaunchPluginHandler) LauncherPluginService unprotect transformed net.minecraft.world.level.block.state.BlockBehaviour$BlockStateBase with class compute flags 2
[21:58:45] [main/DEBUG] (cpw.mods.modlauncher.LaunchPluginHandler) LauncherPluginService runtimedistcleaner offering transform net.minecraft.world.level.block.state.BlockBehaviour$BlockStateBase
[21:58:45] [main/DEBUG] (cpw.mods.modlauncher.LaunchPluginHandler) Final flags state for net.minecraft.world.level.block.state.BlockBehaviour$BlockStateBase is 2
[21:58:45] [main/DEBUG] (cpw.mods.modlauncher.LaunchPluginHandler) LaunchPluginService {AFTER=[org.spongepowered.asm.launch.MixinLaunchPlugin@681f5a1e, juuxel.unprotect.UnprotectLaunchPlugin@6bd01b0e, net.neoforged.fml.common.asm.RuntimeDistCleaner@474c8d42]}
[21:58:45] [main/DEBUG] (cpw.mods.modlauncher.LaunchPluginHandler) Final flags state for net.minecraft.world.level.block.state.StateHolder is 0
[21:58:45] [main/DEBUG] (cpw.mods.modlauncher.LaunchPluginHandler) LauncherPluginService mixin offering transform net.minecraft.world.level.block.state.StateHolder
[21:58:45] [main/DEBUG] (cpw.mods.modlauncher.LaunchPluginHandler) LauncherPluginService unprotect offering transform net.minecraft.world.level.block.state.StateHolder
[21:58:45] [main/DEBUG] (cpw.mods.modlauncher.LaunchPluginHandler) LauncherPluginService unprotect transformed net.minecraft.world.level.block.state.StateHolder with class compute flags 2
[21:58:45] [main/DEBUG] (cpw.mods.modlauncher.LaunchPluginHandler) LauncherPluginService runtimedistcleaner offering transform net.minecraft.world.level.block.state.StateHolder
[21:58:45] [main/DEBUG] (cpw.mods.modlauncher.LaunchPluginHandler) Final flags state for net.minecraft.world.level.block.state.StateHolder is 2
[21:58:45] [main/DEBUG] (cpw.mods.modlauncher.LaunchPluginHandler) LaunchPluginService {AFTER=[org.spongepowered.asm.launch.MixinLaunchPlugin@681f5a1e, net.neoforged.fml.common.asm.RuntimeDistCleaner@474c8d42]}
[21:58:45] [main/DEBUG] (cpw.mods.modlauncher.LaunchPluginHandler) Final flags state for net.neoforged.neoforge.common.extensions.IBlockStateExtension is 0
[21:58:45] [main/DEBUG] (cpw.mods.modlauncher.LaunchPluginHandler) LauncherPluginService mixin offering transform net.neoforged.neoforge.common.extensions.IBlockStateExtension
[21:58:45] [main/DEBUG] (cpw.mods.modlauncher.LaunchPluginHandler) LauncherPluginService runtimedistcleaner offering transform net.neoforged.neoforge.common.extensions.IBlockStateExtension
[21:58:45] [main/DEBUG] (cpw.mods.modlauncher.LaunchPluginHandler) Final flags state for net.neoforged.neoforge.common.extensions.IBlockStateExtension is 0
[21:58:45] [main/DEBUG] (cpw.mods.modlauncher.LaunchPluginHandler) LaunchPluginService {AFTER=[org.spongepowered.asm.launch.MixinLaunchPlugin@681f5a1e, juuxel.unprotect.UnprotectLaunchPlugin@6bd01b0e, net.neoforged.fml.common.asm.RuntimeDistCleaner@474c8d42]}
[21:58:45] [main/DEBUG] (cpw.mods.modlauncher.LaunchPluginHandler) Final flags state for net.minecraft.world.level.block.entity.BlockEntity is 0
[21:58:45] [main/DEBUG] (cpw.mods.modlauncher.LaunchPluginHandler) LauncherPluginService mixin offering transform net.minecraft.world.level.block.entity.BlockEntity
[21:58:45] [main/DEBUG] (cpw.mods.modlauncher.LaunchPluginHandler) LauncherPluginService unprotect offering transform net.minecraft.world.level.block.entity.BlockEntity
[21:58:45] [main/DEBUG] (cpw.mods.modlauncher.LaunchPluginHandler) LauncherPluginService unprotect transformed net.minecraft.world.level.block.entity.BlockEntity with class compute flags 2
[21:58:45] [main/DEBUG] (cpw.mods.modlauncher.LaunchPluginHandler) LauncherPluginService runtimedistcleaner offering transform net.minecraft.world.level.block.entity.BlockEntity
[21:58:45] [main/DEBUG] (cpw.mods.modlauncher.LaunchPluginHandler) Final flags state for net.minecraft.world.level.block.entity.BlockEntity is 2
[21:58:45] [main/DEBUG] (cpw.mods.modlauncher.LaunchPluginHandler) LaunchPluginService {AFTER=[org.spongepowered.asm.launch.MixinLaunchPlugin@681f5a1e, net.neoforged.fml.common.asm.RuntimeDistCleaner@474c8d42]}
[21:58:45] [main/DEBUG] (cpw.mods.modlauncher.LaunchPluginHandler) Final flags state for net.neoforged.neoforge.common.extensions.IBlockEntityExtension is 0
[21:58:45] [main/DEBUG] (cpw.mods.modlauncher.LaunchPluginHandler) LauncherPluginService mixin offering transform net.neoforged.neoforge.common.extensions.IBlockEntityExtension
[21:58:45] [main/DEBUG] (cpw.mods.modlauncher.LaunchPluginHandler) LauncherPluginService runtimedistcleaner offering transform net.neoforged.neoforge.common.extensions.IBlockEntityExtension
[21:58:45] [main/DEBUG] (cpw.mods.modlauncher.LaunchPluginHandler) Final flags state for net.neoforged.neoforge.common.extensions.IBlockEntityExtension is 0
[21:58:45] [main/DEBUG] (cpw.mods.modlauncher.LaunchPluginHandler) LaunchPluginService {AFTER=[org.spongepowered.asm.launch.MixinLaunchPlugin@681f5a1e, net.neoforged.fml.common.asm.RuntimeDistCleaner@474c8d42]}
[21:58:45] [main/DEBUG] (cpw.mods.modlauncher.LaunchPluginHandler) Final flags state for it.unimi.dsi.fastutil.objects.ObjectIterator is 0
[21:58:45] [main/DEBUG] (cpw.mods.modlauncher.LaunchPluginHandler) LauncherPluginService mixin offering transform it.unimi.dsi.fastutil.objects.ObjectIterator
[21:58:45] [main/DEBUG] (cpw.mods.modlauncher.LaunchPluginHandler) LauncherPluginService runtimedistcleaner offering transform it.unimi.dsi.fastutil.objects.ObjectIterator
[21:58:45] [main/DEBUG] (cpw.mods.modlauncher.LaunchPluginHandler) Final flags state for it.unimi.dsi.fastutil.objects.ObjectIterator is 0
[21:58:45] [main/DEBUG] (cpw.mods.modlauncher.LaunchPluginHandler) LaunchPluginService {AFTER=[org.spongepowered.asm.launch.MixinLaunchPlugin@681f5a1e, juuxel.unprotect.UnprotectLaunchPlugin@6bd01b0e, net.neoforged.fml.common.asm.RuntimeDistCleaner@474c8d42]}
[21:58:45] [main/DEBUG] (cpw.mods.modlauncher.LaunchPluginHandler) Final flags state for net.minecraft.client.gui.screens.achievement.StatsScreen is 0
[21:58:45] [main/DEBUG] (cpw.mods.modlauncher.LaunchPluginHandler) LauncherPluginService mixin offering transform net.minecraft.client.gui.screens.achievement.StatsScreen
[21:58:45] [main/DEBUG] (cpw.mods.modlauncher.LaunchPluginHandler) LauncherPluginService unprotect offering transform net.minecraft.client.gui.screens.achievement.StatsScreen
[21:58:45] [main/DEBUG] (cpw.mods.modlauncher.LaunchPluginHandler) LauncherPluginService unprotect transformed net.minecraft.client.gui.screens.achievement.StatsScreen with class compute flags 2
[21:58:45] [main/DEBUG] (cpw.mods.modlauncher.LaunchPluginHandler) LauncherPluginService runtimedistcleaner offering transform net.minecraft.client.gui.screens.achievement.StatsScreen
[21:58:45] [main/DEBUG] (net.neoforged.fml.common.asm.RuntimeDistCleaner) Removing Class Annotation: net/minecraft/client/gui/screens/achievement/StatsScreen @Lnet/neoforged/api/distmarker/OnlyIn;
[21:58:45] [main/DEBUG] (cpw.mods.modlauncher.LaunchPluginHandler) LauncherPluginService runtimedistcleaner transformed net.minecraft.client.gui.screens.achievement.StatsScreen with class compute flags 256
[21:58:45] [main/DEBUG] (cpw.mods.modlauncher.LaunchPluginHandler) Final flags state for net.minecraft.client.gui.screens.achievement.StatsScreen is 258
[21:58:45] [main/DEBUG] (cpw.mods.modlauncher.LaunchPluginHandler) LaunchPluginService {AFTER=[juuxel.unprotect.UnprotectLaunchPlugin@6bd01b0e, net.neoforged.fml.common.asm.RuntimeDistCleaner@474c8d42]}
[21:58:45] [main/DEBUG] (cpw.mods.modlauncher.LaunchPluginHandler) Final flags state for net.minecraft.client.multiplayer.ClientLevel is 0
[21:58:45] [main/DEBUG] (cpw.mods.modlauncher.LaunchPluginHandler) LauncherPluginService unprotect offering transform net.minecraft.client.multiplayer.ClientLevel
[21:58:45] [main/DEBUG] (cpw.mods.modlauncher.LaunchPluginHandler) LauncherPluginService unprotect transformed net.minecraft.client.multiplayer.ClientLevel with class compute flags 2
[21:58:45] [main/DEBUG] (cpw.mods.modlauncher.LaunchPluginHandler) LauncherPluginService runtimedistcleaner offering transform net.minecraft.client.multiplayer.ClientLevel
[21:58:45] [main/DEBUG] (net.neoforged.fml.common.asm.RuntimeDistCleaner) Removing Class Annotation: net/minecraft/client/multiplayer/ClientLevel @Lnet/neoforged/api/distmarker/OnlyIn;
[21:58:45] [main/DEBUG] (cpw.mods.modlauncher.LaunchPluginHandler) LauncherPluginService runtimedistcleaner transformed net.minecraft.client.multiplayer.ClientLevel with class compute flags 256
[21:58:45] [main/DEBUG] (cpw.mods.modlauncher.LaunchPluginHandler) Final flags state for net.minecraft.client.multiplayer.ClientLevel is 258
[21:58:45] [main/DEBUG] (cpw.mods.modlauncher.LaunchPluginHandler) LaunchPluginService {AFTER=[juuxel.unprotect.UnprotectLaunchPlugin@6bd01b0e, net.neoforged.fml.common.asm.RuntimeDistCleaner@474c8d42]}
[21:58:45] [main/DEBUG] (cpw.mods.modlauncher.LaunchPluginHandler) Final flags state for net.minecraft.client.model.ListModel is 0
[21:58:45] [main/DEBUG] (cpw.mods.modlauncher.LaunchPluginHandler) LauncherPluginService unprotect offering transform net.minecraft.client.model.ListModel
[21:58:45] [main/DEBUG] (cpw.mods.modlauncher.LaunchPluginHandler) LauncherPluginService runtimedistcleaner offering transform net.minecraft.client.model.ListModel
[21:58:45] [main/DEBUG] (net.neoforged.fml.common.asm.RuntimeDistCleaner) Removing Class Annotation: net/minecraft/client/model/ListModel @Lnet/neoforged/api/distmarker/OnlyIn;
[21:58:45] [main/DEBUG] (cpw.mods.modlauncher.LaunchPluginHandler) LauncherPluginService runtimedistcleaner transformed net.minecraft.client.model.ListModel with class compute flags 256
[21:58:45] [main/DEBUG] (cpw.mods.modlauncher.LaunchPluginHandler) Final flags state for net.minecraft.client.model.ListModel is 256
[21:58:45] [main/DEBUG] (cpw.mods.modlauncher.LaunchPluginHandler) LaunchPluginService {AFTER=[juuxel.unprotect.UnprotectLaunchPlugin@6bd01b0e, net.neoforged.fml.common.asm.RuntimeDistCleaner@474c8d42]}
[21:58:45] [main/DEBUG] (cpw.mods.modlauncher.LaunchPluginHandler) Final flags state for net.minecraft.client.gui.components.CycleButton is 0
[21:58:45] [main/DEBUG] (cpw.mods.modlauncher.LaunchPluginHandler) LauncherPluginService unprotect offering transform net.minecraft.client.gui.components.CycleButton
[21:58:45] [main/DEBUG] (cpw.mods.modlauncher.LaunchPluginHandler) LauncherPluginService unprotect transformed net.minecraft.client.gui.components.CycleButton with class compute flags 2
[21:58:45] [main/DEBUG] (cpw.mods.modlauncher.LaunchPluginHandler) LauncherPluginService runtimedistcleaner offering transform net.minecraft.client.gui.components.CycleButton
[21:58:45] [main/DEBUG] (net.neoforged.fml.common.asm.RuntimeDistCleaner) Removing Class Annotation: net/minecraft/client/gui/components/CycleButton @Lnet/neoforged/api/distmarker/OnlyIn;
[21:58:45] [main/DEBUG] (cpw.mods.modlauncher.LaunchPluginHandler) LauncherPluginService runtimedistcleaner transformed net.minecraft.client.gui.components.CycleButton with class compute flags 256
[21:58:45] [main/DEBUG] (cpw.mods.modlauncher.LaunchPluginHandler) Final flags state for net.minecraft.client.gui.components.CycleButton is 258
[21:58:45] [main/DEBUG] (cpw.mods.modlauncher.LaunchPluginHandler) LaunchPluginService {BEFORE=[net.neoforged.accesstransformer.ml.AccessTransformerService@23038621], AFTER=[org.spongepowered.asm.launch.MixinLaunchPlugin@681f5a1e, juuxel.unprotect.UnprotectLaunchPlugin@6bd01b0e, net.neoforged.fml.common.asm.RuntimeDistCleaner@474c8d42]}
[21:58:45] [main/DEBUG] (cpw.mods.modlauncher.LaunchPluginHandler) LauncherPluginService accesstransformer offering transform net.minecraft.client.gui.components.AbstractButton
[21:58:45] [main/DEBUG] (net.neoforged.accesstransformer.AccessTransformer) Transforming net.minecraft.client.gui.components.AbstractButton FIELD SPRITES to access PROTECTED and LEAVE
[21:58:45] [main/DEBUG] (cpw.mods.modlauncher.LaunchPluginHandler) LauncherPluginService accesstransformer transformed net.minecraft.client.gui.components.AbstractButton with class compute flags 256
[21:58:45] [main/DEBUG] (cpw.mods.modlauncher.LaunchPluginHandler) Final flags state for net.minecraft.client.gui.components.AbstractButton is 256
[21:58:45] [main/DEBUG] (cpw.mods.modlauncher.LaunchPluginHandler) LauncherPluginService mixin offering transform net.minecraft.client.gui.components.AbstractButton
[21:58:45] [main/DEBUG] (cpw.mods.modlauncher.LaunchPluginHandler) LauncherPluginService unprotect offering transform net.minecraft.client.gui.components.AbstractButton
[21:58:45] [main/DEBUG] (cpw.mods.modlauncher.LaunchPluginHandler) LauncherPluginService unprotect transformed net.minecraft.client.gui.components.AbstractButton with class compute flags 2
[21:58:45] [main/DEBUG] (cpw.mods.modlauncher.LaunchPluginHandler) LauncherPluginService runtimedistcleaner offering transform net.minecraft.client.gui.components.AbstractButton
[21:58:45] [main/DEBUG] (net.neoforged.fml.common.asm.RuntimeDistCleaner) Removing Class Annotation: net/minecraft/client/gui/components/AbstractButton @Lnet/neoforged/api/distmarker/OnlyIn;
[21:58:45] [main/DEBUG] (cpw.mods.modlauncher.LaunchPluginHandler) LauncherPluginService runtimedistcleaner transformed net.minecraft.client.gui.components.AbstractButton with class compute flags 256
[21:58:45] [main/DEBUG] (cpw.mods.modlauncher.LaunchPluginHandler) Final flags state for net.minecraft.client.gui.components.AbstractButton is 258
[21:58:45] [main/DEBUG] (cpw.mods.modlauncher.LaunchPluginHandler) LaunchPluginService {BEFORE=[net.neoforged.accesstransformer.ml.AccessTransformerService@23038621], AFTER=[org.spongepowered.asm.launch.MixinLaunchPlugin@681f5a1e, juuxel.unprotect.UnprotectLaunchPlugin@6bd01b0e, net.neoforged.fml.common.asm.RuntimeDistCleaner@474c8d42]}
[21:58:45] [main/DEBUG] (cpw.mods.modlauncher.LaunchPluginHandler) LauncherPluginService accesstransformer offering transform net.minecraft.client.gui.components.AbstractWidget
[21:58:45] [main/DEBUG] (net.neoforged.accesstransformer.AccessTransformer) Transforming net.minecraft.client.gui.components.AbstractWidget FIELD x to access PUBLIC and LEAVE
[21:58:45] [main/DEBUG] (net.neoforged.accesstransformer.AccessTransformer) Transforming net.minecraft.client.gui.components.AbstractWidget FIELD y to access PUBLIC and LEAVE
[21:58:45] [main/DEBUG] (net.neoforged.accesstransformer.AccessTransformer) Transforming net.minecraft.client.gui.components.AbstractWidget METHOD renderScrollingString(Lnet/minecraft/client/gui/GuiGraphics;Lnet/minecraft/client/gui/Font;Lnet/minecraft/network/chat/Component;IIIII)V to access PUBLIC and LEAVE
[21:58:45] [main/DEBUG] (net.neoforged.accesstransformer.AccessTransformer) Transforming net.minecraft.client.gui.components.AbstractWidget METHOD renderScrollingString(Lnet/minecraft/client/gui/GuiGraphics;Lnet/minecraft/client/gui/Font;Lnet/minecraft/network/chat/Component;IIIIII)V to access PUBLIC and LEAVE
[21:58:45] [main/DEBUG] (cpw.mods.modlauncher.LaunchPluginHandler) LauncherPluginService accesstransformer transformed net.minecraft.client.gui.components.AbstractWidget with class compute flags 256
[21:58:45] [main/DEBUG] (cpw.mods.modlauncher.LaunchPluginHandler) Final flags state for net.minecraft.client.gui.components.AbstractWidget is 256
[21:58:45] [main/DEBUG] (cpw.mods.modlauncher.LaunchPluginHandler) LauncherPluginService mixin offering transform net.minecraft.client.gui.components.AbstractWidget
[21:58:45] [main/DEBUG] (cpw.mods.modlauncher.LaunchPluginHandler) LauncherPluginService unprotect offering transform net.minecraft.client.gui.components.AbstractWidget
[21:58:45] [main/DEBUG] (cpw.mods.modlauncher.LaunchPluginHandler) LauncherPluginService unprotect transformed net.minecraft.client.gui.components.AbstractWidget with class compute flags 2
[21:58:45] [main/DEBUG] (cpw.mods.modlauncher.LaunchPluginHandler) LauncherPluginService runtimedistcleaner offering transform net.minecraft.client.gui.components.AbstractWidget
[21:58:45] [main/DEBUG] (net.neoforged.fml.common.asm.RuntimeDistCleaner) Removing Class Annotation: net/minecraft/client/gui/components/AbstractWidget @Lnet/neoforged/api/distmarker/OnlyIn;
[21:58:45] [main/DEBUG] (cpw.mods.modlauncher.LaunchPluginHandler) LauncherPluginService runtimedistcleaner transformed net.minecraft.client.gui.components.AbstractWidget with class compute flags 256
[21:58:45] [main/DEBUG] (cpw.mods.modlauncher.LaunchPluginHandler) Final flags state for net.minecraft.client.gui.components.AbstractWidget is 258
[21:58:45] [main/DEBUG] (cpw.mods.modlauncher.LaunchPluginHandler) LaunchPluginService {AFTER=[org.spongepowered.asm.launch.MixinLaunchPlugin@681f5a1e, juuxel.unprotect.UnprotectLaunchPlugin@6bd01b0e, net.neoforged.fml.common.asm.RuntimeDistCleaner@474c8d42]}
[21:58:45] [main/DEBUG] (cpw.mods.modlauncher.LaunchPluginHandler) Final flags state for net.minecraft.client.gui.layouts.LayoutElement is 0
[21:58:45] [main/DEBUG] (cpw.mods.modlauncher.LaunchPluginHandler) LauncherPluginService mixin offering transform net.minecraft.client.gui.layouts.LayoutElement
[21:58:45] [main/DEBUG] (cpw.mods.modlauncher.LaunchPluginHandler) LauncherPluginService unprotect offering transform net.minecraft.client.gui.layouts.LayoutElement
[21:58:45] [main/DEBUG] (cpw.mods.modlauncher.LaunchPluginHandler) LauncherPluginService runtimedistcleaner offering transform net.minecraft.client.gui.layouts.LayoutElement
[21:58:45] [main/DEBUG] (net.neoforged.fml.common.asm.RuntimeDistCleaner) Removing Class Annotation: net/minecraft/client/gui/layouts/LayoutElement @Lnet/neoforged/api/distmarker/OnlyIn;
[21:58:45] [main/DEBUG] (cpw.mods.modlauncher.LaunchPluginHandler) LauncherPluginService runtimedistcleaner transformed net.minecraft.client.gui.layouts.LayoutElement with class compute flags 256
[21:58:45] [main/DEBUG] (cpw.mods.modlauncher.LaunchPluginHandler) Final flags state for net.minecraft.client.gui.layouts.LayoutElement is 256
[21:58:45] [main/DEBUG] (cpw.mods.modlauncher.LaunchPluginHandler) LaunchPluginService {AFTER=[org.spongepowered.asm.launch.MixinLaunchPlugin@681f5a1e, juuxel.unprotect.UnprotectLaunchPlugin@6bd01b0e, net.neoforged.fml.common.asm.RuntimeDistCleaner@474c8d42]}
[21:58:45] [main/DEBUG] (cpw.mods.modlauncher.LaunchPluginHandler) Final flags state for net.minecraft.client.gui.narration.NarratableEntry is 0
[21:58:45] [main/DEBUG] (cpw.mods.modlauncher.LaunchPluginHandler) LauncherPluginService mixin offering transform net.minecraft.client.gui.narration.NarratableEntry
[21:58:45] [main/DEBUG] (cpw.mods.modlauncher.LaunchPluginHandler) LauncherPluginService unprotect offering transform net.minecraft.client.gui.narration.NarratableEntry
[21:58:45] [main/DEBUG] (cpw.mods.modlauncher.LaunchPluginHandler) LauncherPluginService runtimedistcleaner offering transform net.minecraft.client.gui.narration.NarratableEntry
[21:58:45] [main/DEBUG] (net.neoforged.fml.common.asm.RuntimeDistCleaner) Removing Class Annotation: net/minecraft/client/gui/narration/NarratableEntry @Lnet/neoforged/api/distmarker/OnlyIn;
[21:58:45] [main/DEBUG] (cpw.mods.modlauncher.LaunchPluginHandler) LauncherPluginService runtimedistcleaner transformed net.minecraft.client.gui.narration.NarratableEntry with class compute flags 256
[21:58:45] [main/DEBUG] (cpw.mods.modlauncher.LaunchPluginHandler) Final flags state for net.minecraft.client.gui.narration.NarratableEntry is 256
[21:58:45] [main/DEBUG] (cpw.mods.modlauncher.LaunchPluginHandler) LaunchPluginService {AFTER=[org.spongepowered.asm.launch.MixinLaunchPlugin@681f5a1e, juuxel.unprotect.UnprotectLaunchPlugin@6bd01b0e, net.neoforged.fml.common.asm.RuntimeDistCleaner@474c8d42]}
[21:58:45] [main/DEBUG] (cpw.mods.modlauncher.LaunchPluginHandler) Final flags state for net.minecraft.client.gui.narration.NarrationSupplier is 0
[21:58:45] [main/DEBUG] (cpw.mods.modlauncher.LaunchPluginHandler) LauncherPluginService mixin offering transform net.minecraft.client.gui.narration.NarrationSupplier
[21:58:45] [main/DEBUG] (cpw.mods.modlauncher.LaunchPluginHandler) LauncherPluginService unprotect offering transform net.minecraft.client.gui.narration.NarrationSupplier
[21:58:45] [main/DEBUG] (cpw.mods.modlauncher.LaunchPluginHandler) LauncherPluginService runtimedistcleaner offering transform net.minecraft.client.gui.narration.NarrationSupplier
[21:58:45] [main/DEBUG] (net.neoforged.fml.common.asm.RuntimeDistCleaner) Removing Class Annotation: net/minecraft/client/gui/narration/NarrationSupplier @Lnet/neoforged/api/distmarker/OnlyIn;
[21:58:45] [main/DEBUG] (cpw.mods.modlauncher.LaunchPluginHandler) LauncherPluginService runtimedistcleaner transformed net.minecraft.client.gui.narration.NarrationSupplier with class compute flags 256
[21:58:45] [main/DEBUG] (cpw.mods.modlauncher.LaunchPluginHandler) Final flags state for net.minecraft.client.gui.narration.NarrationSupplier is 256
[21:58:45] [main/DEBUG] (cpw.mods.modlauncher.LaunchPluginHandler) LaunchPluginService {AFTER=[org.spongepowered.asm.launch.MixinLaunchPlugin@681f5a1e, net.neoforged.fml.common.asm.RuntimeDistCleaner@474c8d42]}
[21:58:45] [main/DEBUG] (cpw.mods.modlauncher.LaunchPluginHandler) Final flags state for net.neoforged.neoforge.client.extensions.IAbstractWidgetExtension is 0
[21:58:45] [main/DEBUG] (cpw.mods.modlauncher.LaunchPluginHandler) LauncherPluginService mixin offering transform net.neoforged.neoforge.client.extensions.IAbstractWidgetExtension
[21:58:45] [main/DEBUG] (cpw.mods.modlauncher.LaunchPluginHandler) LauncherPluginService runtimedistcleaner offering transform net.neoforged.neoforge.client.extensions.IAbstractWidgetExtension
[21:58:45] [main/DEBUG] (cpw.mods.modlauncher.LaunchPluginHandler) Final flags state for net.neoforged.neoforge.client.extensions.IAbstractWidgetExtension is 0
[21:58:45] [main/DEBUG] (cpw.mods.modlauncher.LaunchPluginHandler) LaunchPluginService {AFTER=[juuxel.unprotect.UnprotectLaunchPlugin@6bd01b0e, net.neoforged.fml.common.asm.RuntimeDistCleaner@474c8d42]}
[21:58:45] [main/DEBUG] (cpw.mods.modlauncher.LaunchPluginHandler) Final flags state for net.minecraft.client.renderer.entity.EnderDragonRenderer$DragonModel is 0
[21:58:45] [main/DEBUG] (cpw.mods.modlauncher.LaunchPluginHandler) LauncherPluginService unprotect offering transform net.minecraft.client.renderer.entity.EnderDragonRenderer$DragonModel
[21:58:45] [main/DEBUG] (cpw.mods.modlauncher.LaunchPluginHandler) LauncherPluginService runtimedistcleaner offering transform net.minecraft.client.renderer.entity.EnderDragonRenderer$DragonModel
[21:58:45] [main/DEBUG] (net.neoforged.fml.common.asm.RuntimeDistCleaner) Removing Class Annotation: net/minecraft/client/renderer/entity/EnderDragonRenderer$DragonModel @Lnet/neoforged/api/distmarker/OnlyIn;
[21:58:45] [main/DEBUG] (cpw.mods.modlauncher.LaunchPluginHandler) LauncherPluginService runtimedistcleaner transformed net.minecraft.client.renderer.entity.EnderDragonRenderer$DragonModel with class compute flags 256
[21:58:45] [main/DEBUG] (cpw.mods.modlauncher.LaunchPluginHandler) Final flags state for net.minecraft.client.renderer.entity.EnderDragonRenderer$DragonModel is 256
[21:58:45] [main/DEBUG] (cpw.mods.modlauncher.LaunchPluginHandler) LaunchPluginService {AFTER=[juuxel.unprotect.UnprotectLaunchPlugin@6bd01b0e, net.neoforged.fml.common.asm.RuntimeDistCleaner@474c8d42]}
[21:58:45] [main/DEBUG] (cpw.mods.modlauncher.LaunchPluginHandler) Final flags state for net.minecraft.world.level.storage.LevelStorageSource$LevelStorageAccess is 0
[21:58:45] [main/DEBUG] (cpw.mods.modlauncher.LaunchPluginHandler) LauncherPluginService unprotect offering transform net.minecraft.world.level.storage.LevelStorageSource$LevelStorageAccess
[21:58:45] [main/DEBUG] (cpw.mods.modlauncher.LaunchPluginHandler) LauncherPluginService unprotect transformed net.minecraft.world.level.storage.LevelStorageSource$LevelStorageAccess with class compute flags 2
[21:58:45] [main/DEBUG] (cpw.mods.modlauncher.LaunchPluginHandler) LauncherPluginService runtimedistcleaner offering transform net.minecraft.world.level.storage.LevelStorageSource$LevelStorageAccess
[21:58:45] [main/DEBUG] (cpw.mods.modlauncher.LaunchPluginHandler) Final flags state for net.minecraft.world.level.storage.LevelStorageSource$LevelStorageAccess is 2
[21:58:45] [main/DEBUG] (cpw.mods.modlauncher.LaunchPluginHandler) LaunchPluginService {AFTER=[juuxel.unprotect.UnprotectLaunchPlugin@6bd01b0e, net.neoforged.fml.common.asm.RuntimeDistCleaner@474c8d42]}
[21:58:45] [main/DEBUG] (cpw.mods.modlauncher.LaunchPluginHandler) Final flags state for net.minecraft.client.model.LlamaModel is 0
[21:58:45] [main/DEBUG] (cpw.mods.modlauncher.LaunchPluginHandler) LauncherPluginService unprotect offering transform net.minecraft.client.model.LlamaModel
[21:58:45] [main/DEBUG] (cpw.mods.modlauncher.LaunchPluginHandler) LauncherPluginService runtimedistcleaner offering transform net.minecraft.client.model.LlamaModel
[21:58:45] [main/DEBUG] (net.neoforged.fml.common.asm.RuntimeDistCleaner) Removing Class Annotation: net/minecraft/client/model/LlamaModel @Lnet/neoforged/api/distmarker/OnlyIn;
[21:58:45] [main/DEBUG] (cpw.mods.modlauncher.LaunchPluginHandler) LauncherPluginService runtimedistcleaner transformed net.minecraft.client.model.LlamaModel with class compute flags 256
[21:58:45] [main/DEBUG] (cpw.mods.modlauncher.LaunchPluginHandler) Final flags state for net.minecraft.client.model.LlamaModel is 256
[21:58:45] [main/DEBUG] (cpw.mods.modlauncher.LaunchPluginHandler) LaunchPluginService {AFTER=[juuxel.unprotect.UnprotectLaunchPlugin@6bd01b0e, net.neoforged.fml.common.asm.RuntimeDistCleaner@474c8d42]}
[21:58:45] [main/DEBUG] (cpw.mods.modlauncher.LaunchPluginHandler) Final flags state for net.minecraft.client.model.geom.ModelPart is 0
[21:58:45] [main/DEBUG] (cpw.mods.modlauncher.LaunchPluginHandler) LauncherPluginService unprotect offering transform net.minecraft.client.model.geom.ModelPart
[21:58:45] [main/DEBUG] (cpw.mods.modlauncher.LaunchPluginHandler) LauncherPluginService runtimedistcleaner offering transform net.minecraft.client.model.geom.ModelPart
[21:58:45] [main/DEBUG] (net.neoforged.fml.common.asm.RuntimeDistCleaner) Removing Class Annotation: net/minecraft/client/model/geom/ModelPart @Lnet/neoforged/api/distmarker/OnlyIn;
[21:58:45] [main/DEBUG] (cpw.mods.modlauncher.LaunchPluginHandler) LauncherPluginService runtimedistcleaner transformed net.minecraft.client.model.geom.ModelPart with class compute flags 256
[21:58:45] [main/DEBUG] (cpw.mods.modlauncher.LaunchPluginHandler) Final flags state for net.minecraft.client.model.geom.ModelPart is 256
[21:58:45] [main/DEBUG] (cpw.mods.modlauncher.LaunchPluginHandler) LaunchPluginService {AFTER=[juuxel.unprotect.UnprotectLaunchPlugin@6bd01b0e, net.neoforged.fml.common.asm.RuntimeDistCleaner@474c8d42]}
[21:58:45] [main/DEBUG] (cpw.mods.modlauncher.LaunchPluginHandler) Final flags state for net.minecraft.client.model.RabbitModel is 0
[21:58:45] [main/DEBUG] (cpw.mods.modlauncher.LaunchPluginHandler) LauncherPluginService unprotect offering transform net.minecraft.client.model.RabbitModel
[21:58:45] [main/DEBUG] (cpw.mods.modlauncher.LaunchPluginHandler) LauncherPluginService runtimedistcleaner offering transform net.minecraft.client.model.RabbitModel
[21:58:45] [main/DEBUG] (net.neoforged.fml.common.asm.RuntimeDistCleaner) Removing Class Annotation: net/minecraft/client/model/RabbitModel @Lnet/neoforged/api/distmarker/OnlyIn;
[21:58:45] [main/DEBUG] (cpw.mods.modlauncher.LaunchPluginHandler) LauncherPluginService runtimedistcleaner transformed net.minecraft.client.model.RabbitModel with class compute flags 256
[21:58:45] [main/DEBUG] (cpw.mods.modlauncher.LaunchPluginHandler) Final flags state for net.minecraft.client.model.RabbitModel is 256
[21:58:45] [main/DEBUG] (cpw.mods.modlauncher.LaunchPluginHandler) LaunchPluginService {AFTER=[juuxel.unprotect.UnprotectLaunchPlugin@6bd01b0e, net.neoforged.fml.common.asm.RuntimeDistCleaner@474c8d42]}
[21:58:45] [main/DEBUG] (cpw.mods.modlauncher.LaunchPluginHandler) Final flags state for net.minecraft.client.model.HierarchicalModel is 0
[21:58:45] [main/DEBUG] (cpw.mods.modlauncher.LaunchPluginHandler) LauncherPluginService unprotect offering transform net.minecraft.client.model.HierarchicalModel
[21:58:45] [main/DEBUG] (cpw.mods.modlauncher.LaunchPluginHandler) LauncherPluginService unprotect transformed net.minecraft.client.model.HierarchicalModel with class compute flags 2
[21:58:45] [main/DEBUG] (cpw.mods.modlauncher.LaunchPluginHandler) LauncherPluginService runtimedistcleaner offering transform net.minecraft.client.model.HierarchicalModel
[21:58:45] [main/DEBUG] (net.neoforged.fml.common.asm.RuntimeDistCleaner) Removing Class Annotation: net/minecraft/client/model/HierarchicalModel @Lnet/neoforged/api/distmarker/OnlyIn;
[21:58:45] [main/DEBUG] (cpw.mods.modlauncher.LaunchPluginHandler) LauncherPluginService runtimedistcleaner transformed net.minecraft.client.model.HierarchicalModel with class compute flags 256
[21:58:45] [main/DEBUG] (cpw.mods.modlauncher.LaunchPluginHandler) Final flags state for net.minecraft.client.model.HierarchicalModel is 258
[21:58:45] [main/DEBUG] (cpw.mods.modlauncher.LaunchPluginHandler) LaunchPluginService {AFTER=[juuxel.unprotect.UnprotectLaunchPlugin@6bd01b0e, net.neoforged.fml.common.asm.RuntimeDistCleaner@474c8d42]}
[21:58:45] [main/DEBUG] (cpw.mods.modlauncher.LaunchPluginHandler) Final flags state for net.minecraft.world.level.chunk.LevelChunk is 0
[21:58:45] [main/DEBUG] (cpw.mods.modlauncher.LaunchPluginHandler) LauncherPluginService unprotect offering transform net.minecraft.world.level.chunk.LevelChunk
[21:58:45] [main/DEBUG] (cpw.mods.modlauncher.LaunchPluginHandler) LauncherPluginService unprotect transformed net.minecraft.world.level.chunk.LevelChunk with class compute flags 2
[21:58:45] [main/DEBUG] (cpw.mods.modlauncher.LaunchPluginHandler) LauncherPluginService runtimedistcleaner offering transform net.minecraft.world.level.chunk.LevelChunk
[21:58:45] [main/DEBUG] (cpw.mods.modlauncher.LaunchPluginHandler) Final flags state for net.minecraft.world.level.chunk.LevelChunk is 2
[21:58:45] [main/DEBUG] (mixin) Preparing xaerohud.neoforge.mixins.json (1)
[21:58:45] [main/DEBUG] (cpw.mods.modlauncher.LaunchPluginHandler) LaunchPluginService {AFTER=[net.neoforged.fml.common.asm.RuntimeDistCleaner@474c8d42]}
[21:58:45] [main/DEBUG] (cpw.mods.modlauncher.LaunchPluginHandler) Final flags state for xaero.common.mixin.MixinNeoforgeToggleKeyMapping is 0
[21:58:45] [main/DEBUG] (cpw.mods.modlauncher.LaunchPluginHandler) LauncherPluginService runtimedistcleaner offering transform xaero.common.mixin.MixinNeoforgeToggleKeyMapping
[21:58:45] [main/DEBUG] (cpw.mods.modlauncher.LaunchPluginHandler) Final flags state for xaero.common.mixin.MixinNeoforgeToggleKeyMapping is 0
[21:58:45] [main/DEBUG] (cpw.mods.modlauncher.LaunchPluginHandler) LaunchPluginService {AFTER=[juuxel.unprotect.UnprotectLaunchPlugin@6bd01b0e, net.neoforged.fml.common.asm.RuntimeDistCleaner@474c8d42]}
[21:58:45] [main/DEBUG] (cpw.mods.modlauncher.LaunchPluginHandler) Final flags state for net.minecraft.client.ToggleKeyMapping is 0
[21:58:45] [main/DEBUG] (cpw.mods.modlauncher.LaunchPluginHandler) LauncherPluginService unprotect offering transform net.minecraft.client.ToggleKeyMapping
[21:58:45] [main/DEBUG] (cpw.mods.modlauncher.LaunchPluginHandler) LauncherPluginService unprotect transformed net.minecraft.client.ToggleKeyMapping with class compute flags 2
[21:58:45] [main/DEBUG] (cpw.mods.modlauncher.LaunchPluginHandler) LauncherPluginService runtimedistcleaner offering transform net.minecraft.client.ToggleKeyMapping
[21:58:45] [main/DEBUG] (net.neoforged.fml.common.asm.RuntimeDistCleaner) Removing Class Annotation: net/minecraft/client/ToggleKeyMapping @Lnet/neoforged/api/distmarker/OnlyIn;
[21:58:45] [main/DEBUG] (cpw.mods.modlauncher.LaunchPluginHandler) LauncherPluginService runtimedistcleaner transformed net.minecraft.client.ToggleKeyMapping with class compute flags 256
[21:58:45] [main/DEBUG] (cpw.mods.modlauncher.LaunchPluginHandler) Final flags state for net.minecraft.client.ToggleKeyMapping is 258
[21:58:45] [main/DEBUG] (mixin) Preparing xaerominimap.mixins.json (0)
[21:58:45] [main/DEBUG] (mixin) Preparing xaerominimap.neoforge.mixins.json (0)
[21:58:45] [main/DEBUG] (mixin) Preparing architectury.mixins.json (11)
[21:58:45] [main/DEBUG] (cpw.mods.modlauncher.LaunchPluginHandler) LaunchPluginService {AFTER=[net.neoforged.fml.common.asm.RuntimeDistCleaner@474c8d42]}
[21:58:45] [main/DEBUG] (cpw.mods.modlauncher.LaunchPluginHandler) Final flags state for dev.architectury.mixin.forge.neoforge.MixinBucketItem is 0
[21:58:45] [main/DEBUG] (cpw.mods.modlauncher.LaunchPluginHandler) LauncherPluginService runtimedistcleaner offering transform dev.architectury.mixin.forge.neoforge.MixinBucketItem
[21:58:45] [main/DEBUG] (cpw.mods.modlauncher.LaunchPluginHandler) Final flags state for dev.architectury.mixin.forge.neoforge.MixinBucketItem is 0
[21:58:45] [main/DEBUG] (cpw.mods.modlauncher.LaunchPluginHandler) LaunchPluginService {AFTER=[net.neoforged.fml.common.asm.RuntimeDistCleaner@474c8d42]}
[21:58:45] [main/DEBUG] (cpw.mods.modlauncher.LaunchPluginHandler) Final flags state for dev.architectury.mixin.forge.neoforge.BucketItemAccessor is 0
[21:58:45] [main/DEBUG] (cpw.mods.modlauncher.LaunchPluginHandler) LauncherPluginService runtimedistcleaner offering transform dev.architectury.mixin.forge.neoforge.BucketItemAccessor
[21:58:45] [main/DEBUG] (cpw.mods.modlauncher.LaunchPluginHandler) Final flags state for dev.architectury.mixin.forge.neoforge.BucketItemAccessor is 0
[21:58:45] [main/DEBUG] (cpw.mods.modlauncher.LaunchPluginHandler) LaunchPluginService {AFTER=[net.neoforged.fml.common.asm.RuntimeDistCleaner@474c8d42]}
[21:58:45] [main/DEBUG] (cpw.mods.modlauncher.LaunchPluginHandler) Final flags state for dev.architectury.mixin.forge.neoforge.LiquidBlockAccessor is 0
[21:58:45] [main/DEBUG] (cpw.mods.modlauncher.LaunchPluginHandler) LauncherPluginService runtimedistcleaner offering transform dev.architectury.mixin.forge.neoforge.LiquidBlockAccessor
[21:58:45] [main/DEBUG] (cpw.mods.modlauncher.LaunchPluginHandler) Final flags state for dev.architectury.mixin.forge.neoforge.LiquidBlockAccessor is 0
[21:58:45] [main/DEBUG] (cpw.mods.modlauncher.LaunchPluginHandler) LaunchPluginService {AFTER=[net.neoforged.fml.common.asm.RuntimeDistCleaner@474c8d42]}
[21:58:45] [main/DEBUG] (cpw.mods.modlauncher.LaunchPluginHandler) Final flags state for dev.architectury.mixin.forge.neoforge.MixinChunkSerializer is 0
[21:58:45] [main/DEBUG] (cpw.mods.modlauncher.LaunchPluginHandler) LauncherPluginService runtimedistcleaner offering transform dev.architectury.mixin.forge.neoforge.MixinChunkSerializer
[21:58:45] [main/DEBUG] (cpw.mods.modlauncher.LaunchPluginHandler) Final flags state for dev.architectury.mixin.forge.neoforge.MixinChunkSerializer is 0
[21:58:45] [main/DEBUG] (cpw.mods.modlauncher.LaunchPluginHandler) LaunchPluginService {AFTER=[net.neoforged.fml.common.asm.RuntimeDistCleaner@474c8d42]}
[21:58:45] [main/DEBUG] (cpw.mods.modlauncher.LaunchPluginHandler) Final flags state for dev.architectury.mixin.forge.MixinFallingBlockEntity is 0
[21:58:45] [main/DEBUG] (cpw.mods.modlauncher.LaunchPluginHandler) LauncherPluginService runtimedistcleaner offering transform dev.architectury.mixin.forge.MixinFallingBlockEntity
[21:58:45] [main/DEBUG] (cpw.mods.modlauncher.LaunchPluginHandler) Final flags state for dev.architectury.mixin.forge.MixinFallingBlockEntity is 0
[21:58:45] [main/DEBUG] (cpw.mods.modlauncher.LaunchPluginHandler) LaunchPluginService {AFTER=[net.neoforged.fml.common.asm.RuntimeDistCleaner@474c8d42]}
[21:58:45] [main/DEBUG] (cpw.mods.modlauncher.LaunchPluginHandler) Final flags state for dev.architectury.mixin.forge.MixinInventory is 0
[21:58:45] [main/DEBUG] (cpw.mods.modlauncher.LaunchPluginHandler) LauncherPluginService runtimedistcleaner offering transform dev.architectury.mixin.forge.MixinInventory
[21:58:45] [main/DEBUG] (cpw.mods.modlauncher.LaunchPluginHandler) Final flags state for dev.architectury.mixin.forge.MixinInventory is 0
[21:58:45] [main/DEBUG] (cpw.mods.modlauncher.LaunchPluginHandler) LaunchPluginService {AFTER=[net.neoforged.fml.common.asm.RuntimeDistCleaner@474c8d42]}
[21:58:45] [main/DEBUG] (cpw.mods.modlauncher.LaunchPluginHandler) Final flags state for dev.architectury.mixin.forge.MixinItemExtension is 0
[21:58:45] [main/DEBUG] (cpw.mods.modlauncher.LaunchPluginHandler) LauncherPluginService runtimedistcleaner offering transform dev.architectury.mixin.forge.MixinItemExtension
[21:58:45] [main/DEBUG] (cpw.mods.modlauncher.LaunchPluginHandler) Final flags state for dev.architectury.mixin.forge.MixinItemExtension is 0
[21:58:45] [main/DEBUG] (cpw.mods.modlauncher.LaunchPluginHandler) LaunchPluginService {AFTER=[net.neoforged.fml.common.asm.RuntimeDistCleaner@474c8d42]}
[21:58:45] [main/DEBUG] (cpw.mods.modlauncher.LaunchPluginHandler) Final flags state for dev.architectury.mixin.forge.MixinLevelEvent is 0
[21:58:45] [main/DEBUG] (cpw.mods.modlauncher.LaunchPluginHandler) LauncherPluginService runtimedistcleaner offering transform dev.architectury.mixin.forge.MixinLevelEvent
[21:58:45] [main/DEBUG] (cpw.mods.modlauncher.LaunchPluginHandler) Final flags state for dev.architectury.mixin.forge.MixinLevelEvent is 0
[21:58:45] [main/DEBUG] (cpw.mods.modlauncher.LaunchPluginHandler) LaunchPluginService {BEFORE=[net.neoforged.accesstransformer.ml.AccessTransformerService@23038621], AFTER=[juuxel.unprotect.UnprotectLaunchPlugin@6bd01b0e, net.neoforged.fml.common.asm.RuntimeDistCleaner@474c8d42]}
[21:58:45] [main/DEBUG] (cpw.mods.modlauncher.LaunchPluginHandler) LauncherPluginService accesstransformer offering transform net.minecraft.world.item.BucketItem
[21:58:45] [main/DEBUG] (net.neoforged.accesstransformer.AccessTransformer) Transforming net.minecraft.world.item.BucketItem FIELD content to access PUBLIC and LEAVE
[21:58:45] [main/DEBUG] (cpw.mods.modlauncher.LaunchPluginHandler) LauncherPluginService accesstransformer transformed net.minecraft.world.item.BucketItem with class compute flags 256
[21:58:45] [main/DEBUG] (cpw.mods.modlauncher.LaunchPluginHandler) Final flags state for net.minecraft.world.item.BucketItem is 256
[21:58:45] [main/DEBUG] (cpw.mods.modlauncher.LaunchPluginHandler) LauncherPluginService unprotect offering transform net.minecraft.world.item.BucketItem
[21:58:45] [main/DEBUG] (cpw.mods.modlauncher.LaunchPluginHandler) LauncherPluginService unprotect transformed net.minecraft.world.item.BucketItem with class compute flags 2
[21:58:45] [main/DEBUG] (cpw.mods.modlauncher.LaunchPluginHandler) LauncherPluginService runtimedistcleaner offering transform net.minecraft.world.item.BucketItem
[21:58:45] [main/DEBUG] (cpw.mods.modlauncher.LaunchPluginHandler) Final flags state for net.minecraft.world.item.BucketItem is 2
[21:58:45] [main/DEBUG] (cpw.mods.modlauncher.LaunchPluginHandler) LaunchPluginService {BEFORE=[net.neoforged.accesstransformer.ml.AccessTransformerService@23038621], AFTER=[org.spongepowered.asm.launch.MixinLaunchPlugin@681f5a1e, juuxel.unprotect.UnprotectLaunchPlugin@6bd01b0e, net.neoforged.fml.common.asm.RuntimeDistCleaner@474c8d42]}
[21:58:45] [main/DEBUG] (cpw.mods.modlauncher.LaunchPluginHandler) LauncherPluginService accesstransformer offering transform net.minecraft.world.item.Item
[21:58:45] [main/DEBUG] (net.neoforged.accesstransformer.AccessTransformer) Transforming net.minecraft.world.item.Item FIELD components to access PRIVATE and REMOVEFINAL
[21:58:45] [main/DEBUG] (net.neoforged.accesstransformer.AccessTransformer) Transforming net.minecraft.world.item.Item METHOD getPlayerPOVHitResult(Lnet/minecraft/world/level/Level;Lnet/minecraft/world/entity/player/Player;Lnet/minecraft/world/level/ClipContext$Fluid;)Lnet/minecraft/world/phys/BlockHitResult; to access PUBLIC and LEAVE
[21:58:45] [main/DEBUG] (cpw.mods.modlauncher.LaunchPluginHandler) LauncherPluginService accesstransformer transformed net.minecraft.world.item.Item with class compute flags 256
[21:58:45] [main/DEBUG] (cpw.mods.modlauncher.LaunchPluginHandler) Final flags state for net.minecraft.world.item.Item is 256
[21:58:45] [main/DEBUG] (cpw.mods.modlauncher.LaunchPluginHandler) LauncherPluginService mixin offering transform net.minecraft.world.item.Item
[21:58:45] [main/DEBUG] (cpw.mods.modlauncher.LaunchPluginHandler) LauncherPluginService unprotect offering transform net.minecraft.world.item.Item
[21:58:45] [main/DEBUG] (cpw.mods.modlauncher.LaunchPluginHandler) LauncherPluginService unprotect transformed net.minecraft.world.item.Item with class compute flags 2
[21:58:45] [main/DEBUG] (cpw.mods.modlauncher.LaunchPluginHandler) LauncherPluginService runtimedistcleaner offering transform net.minecraft.world.item.Item
[21:58:45] [main/DEBUG] (cpw.mods.modlauncher.LaunchPluginHandler) Final flags state for net.minecraft.world.item.Item is 2
[21:58:45] [main/DEBUG] (cpw.mods.modlauncher.LaunchPluginHandler) LaunchPluginService {AFTER=[org.spongepowered.asm.launch.MixinLaunchPlugin@681f5a1e, juuxel.unprotect.UnprotectLaunchPlugin@6bd01b0e, net.neoforged.fml.common.asm.RuntimeDistCleaner@474c8d42]}
[21:58:45] [main/DEBUG] (cpw.mods.modlauncher.LaunchPluginHandler) Final flags state for net.minecraft.world.flag.FeatureElement is 0
[21:58:45] [main/DEBUG] (cpw.mods.modlauncher.LaunchPluginHandler) LauncherPluginService mixin offering transform net.minecraft.world.flag.FeatureElement
[21:58:45] [main/DEBUG] (cpw.mods.modlauncher.LaunchPluginHandler) LauncherPluginService unprotect offering transform net.minecraft.world.flag.FeatureElement
[21:58:45] [main/DEBUG] (cpw.mods.modlauncher.LaunchPluginHandler) LauncherPluginService unprotect transformed net.minecraft.world.flag.FeatureElement with class compute flags 2
[21:58:45] [main/DEBUG] (cpw.mods.modlauncher.LaunchPluginHandler) LauncherPluginService runtimedistcleaner offering transform net.minecraft.world.flag.FeatureElement
[21:58:45] [main/DEBUG] (cpw.mods.modlauncher.LaunchPluginHandler) Final flags state for net.minecraft.world.flag.FeatureElement is 2
[21:58:45] [main/DEBUG] (cpw.mods.modlauncher.LaunchPluginHandler) LaunchPluginService {AFTER=[org.spongepowered.asm.launch.MixinLaunchPlugin@681f5a1e, juuxel.unprotect.UnprotectLaunchPlugin@6bd01b0e, net.neoforged.fml.common.asm.RuntimeDistCleaner@474c8d42]}
[21:58:45] [main/DEBUG] (cpw.mods.modlauncher.LaunchPluginHandler) Final flags state for net.minecraft.world.level.ItemLike is 0
[21:58:45] [main/DEBUG] (cpw.mods.modlauncher.LaunchPluginHandler) LauncherPluginService mixin offering transform net.minecraft.world.level.ItemLike
[21:58:45] [main/DEBUG] (cpw.mods.modlauncher.LaunchPluginHandler) LauncherPluginService unprotect offering transform net.minecraft.world.level.ItemLike
[21:58:45] [main/DEBUG] (cpw.mods.modlauncher.LaunchPluginHandler) LauncherPluginService runtimedistcleaner offering transform net.minecraft.world.level.ItemLike
[21:58:45] [main/DEBUG] (cpw.mods.modlauncher.LaunchPluginHandler) Final flags state for net.minecraft.world.level.ItemLike is 0
[21:58:45] [main/DEBUG] (cpw.mods.modlauncher.LaunchPluginHandler) LaunchPluginService {AFTER=[org.spongepowered.asm.launch.MixinLaunchPlugin@681f5a1e, net.neoforged.fml.common.asm.RuntimeDistCleaner@474c8d42]}
[21:58:45] [main/DEBUG] (cpw.mods.modlauncher.LaunchPluginHandler) Final flags state for net.neoforged.neoforge.common.extensions.IItemExtension is 0
[21:58:45] [main/DEBUG] (cpw.mods.modlauncher.LaunchPluginHandler) LauncherPluginService mixin offering transform net.neoforged.neoforge.common.extensions.IItemExtension
[21:58:45] [main/DEBUG] (cpw.mods.modlauncher.LaunchPluginHandler) LauncherPluginService runtimedistcleaner offering transform net.neoforged.neoforge.common.extensions.IItemExtension
[21:58:45] [main/DEBUG] (cpw.mods.modlauncher.LaunchPluginHandler) Final flags state for net.neoforged.neoforge.common.extensions.IItemExtension is 0
[21:58:45] [main/DEBUG] (cpw.mods.modlauncher.LaunchPluginHandler) LaunchPluginService {AFTER=[org.spongepowered.asm.launch.MixinLaunchPlugin@681f5a1e, juuxel.unprotect.UnprotectLaunchPlugin@6bd01b0e, net.neoforged.fml.common.asm.RuntimeDistCleaner@474c8d42]}
[21:58:45] [main/DEBUG] (cpw.mods.modlauncher.LaunchPluginHandler) Final flags state for net.minecraft.world.item.DispensibleContainerItem is 0
[21:58:45] [main/DEBUG] (cpw.mods.modlauncher.LaunchPluginHandler) LauncherPluginService mixin offering transform net.minecraft.world.item.DispensibleContainerItem
[21:58:45] [main/DEBUG] (cpw.mods.modlauncher.LaunchPluginHandler) LauncherPluginService unprotect offering transform net.minecraft.world.item.DispensibleContainerItem
[21:58:45] [main/DEBUG] (cpw.mods.modlauncher.LaunchPluginHandler) LauncherPluginService runtimedistcleaner offering transform net.minecraft.world.item.DispensibleContainerItem
[21:58:45] [main/DEBUG] (cpw.mods.modlauncher.LaunchPluginHandler) Final flags state for net.minecraft.world.item.DispensibleContainerItem is 0
[21:58:45] [main/DEBUG] (cpw.mods.modlauncher.LaunchPluginHandler) LaunchPluginService {AFTER=[org.spongepowered.asm.launch.MixinLaunchPlugin@681f5a1e, net.neoforged.fml.common.asm.RuntimeDistCleaner@474c8d42]}
[21:58:45] [main/DEBUG] (cpw.mods.modlauncher.LaunchPluginHandler) Final flags state for net.neoforged.neoforge.common.extensions.IDispensibleContainerItemExtension is 0
[21:58:45] [main/DEBUG] (cpw.mods.modlauncher.LaunchPluginHandler) LauncherPluginService mixin offering transform net.neoforged.neoforge.common.extensions.IDispensibleContainerItemExtension
[21:58:45] [main/DEBUG] (cpw.mods.modlauncher.LaunchPluginHandler) LauncherPluginService runtimedistcleaner offering transform net.neoforged.neoforge.common.extensions.IDispensibleContainerItemExtension
[21:58:45] [main/DEBUG] (cpw.mods.modlauncher.LaunchPluginHandler) Final flags state for net.neoforged.neoforge.common.extensions.IDispensibleContainerItemExtension is 0
[21:58:45] [main/DEBUG] (cpw.mods.modlauncher.LaunchPluginHandler) LaunchPluginService {BEFORE=[net.neoforged.accesstransformer.ml.AccessTransformerService@23038621], AFTER=[org.spongepowered.asm.launch.MixinLaunchPlugin@681f5a1e, juuxel.unprotect.UnprotectLaunchPlugin@6bd01b0e, net.neoforged.fml.common.asm.RuntimeDistCleaner@474c8d42]}
[21:58:45] [main/DEBUG] (cpw.mods.modlauncher.LaunchPluginHandler) LauncherPluginService accesstransformer offering transform net.minecraft.world.level.block.Block
[21:58:45] [main/DEBUG] (net.neoforged.accesstransformer.AccessTransformer) Transforming net.minecraft.world.level.block.Block METHOD popExperience(Lnet/minecraft/server/level/ServerLevel;Lnet/minecraft/core/BlockPos;I)V to access PUBLIC and LEAVE
[21:58:45] [main/DEBUG] (cpw.mods.modlauncher.LaunchPluginHandler) LauncherPluginService accesstransformer transformed net.minecraft.world.level.block.Block with class compute flags 256
[21:58:45] [main/DEBUG] (cpw.mods.modlauncher.LaunchPluginHandler) Final flags state for net.minecraft.world.level.block.Block is 256
[21:58:45] [main/DEBUG] (cpw.mods.modlauncher.LaunchPluginHandler) LauncherPluginService mixin offering transform net.minecraft.world.level.block.Block
[21:58:45] [main/DEBUG] (cpw.mods.modlauncher.LaunchPluginHandler) LauncherPluginService unprotect offering transform net.minecraft.world.level.block.Block
[21:58:45] [main/DEBUG] (cpw.mods.modlauncher.LaunchPluginHandler) LauncherPluginService unprotect transformed net.minecraft.world.level.block.Block with class compute flags 2
[21:58:45] [main/DEBUG] (cpw.mods.modlauncher.LaunchPluginHandler) LauncherPluginService runtimedistcleaner offering transform net.minecraft.world.level.block.Block
[21:58:45] [main/DEBUG] (cpw.mods.modlauncher.LaunchPluginHandler) Final flags state for net.minecraft.world.level.block.Block is 2
[21:58:45] [main/DEBUG] (cpw.mods.modlauncher.LaunchPluginHandler) LaunchPluginService {BEFORE=[net.neoforged.accesstransformer.ml.AccessTransformerService@23038621], AFTER=[org.spongepowered.asm.launch.MixinLaunchPlugin@681f5a1e, juuxel.unprotect.UnprotectLaunchPlugin@6bd01b0e, net.neoforged.fml.common.asm.RuntimeDistCleaner@474c8d42]}
[21:58:45] [main/DEBUG] (cpw.mods.modlauncher.LaunchPluginHandler) LauncherPluginService accesstransformer offering transform net.minecraft.world.level.block.state.BlockBehaviour
[21:58:45] [main/DEBUG] (net.neoforged.accesstransformer.AccessTransformer) Transforming net.minecraft.world.level.block.state.BlockBehaviour FIELD properties to access PUBLIC and LEAVE
[21:58:45] [main/DEBUG] (net.neoforged.accesstransformer.AccessTransformer) Transforming net.minecraft.world.level.block.state.BlockBehaviour METHOD propertiesCodec()Lcom/mojang/serialization/codecs/RecordCodecBuilder; to access PUBLIC and LEAVE
[21:58:45] [main/DEBUG] (cpw.mods.modlauncher.LaunchPluginHandler) LauncherPluginService accesstransformer transformed net.minecraft.world.level.block.state.BlockBehaviour with class compute flags 256
[21:58:45] [main/DEBUG] (cpw.mods.modlauncher.LaunchPluginHandler) Final flags state for net.minecraft.world.level.block.state.BlockBehaviour is 256
[21:58:45] [main/DEBUG] (cpw.mods.modlauncher.LaunchPluginHandler) LauncherPluginService mixin offering transform net.minecraft.world.level.block.state.BlockBehaviour
[21:58:45] [main/DEBUG] (cpw.mods.modlauncher.LaunchPluginHandler) LauncherPluginService unprotect offering transform net.minecraft.world.level.block.state.BlockBehaviour
[21:58:45] [main/DEBUG] (cpw.mods.modlauncher.LaunchPluginHandler) LauncherPluginService unprotect transformed net.minecraft.world.level.block.state.BlockBehaviour with class compute flags 2
[21:58:45] [main/DEBUG] (cpw.mods.modlauncher.LaunchPluginHandler) LauncherPluginService runtimedistcleaner offering transform net.minecraft.world.level.block.state.BlockBehaviour
[21:58:45] [main/DEBUG] (cpw.mods.modlauncher.LaunchPluginHandler) Final flags state for net.minecraft.world.level.block.state.BlockBehaviour is 2
[21:58:45] [main/DEBUG] (cpw.mods.modlauncher.LaunchPluginHandler) LaunchPluginService {AFTER=[org.spongepowered.asm.launch.MixinLaunchPlugin@681f5a1e, net.neoforged.fml.common.asm.RuntimeDistCleaner@474c8d42]}
[21:58:45] [main/DEBUG] (cpw.mods.modlauncher.LaunchPluginHandler) Final flags state for net.neoforged.neoforge.common.extensions.IBlockExtension is 0
[21:58:45] [main/DEBUG] (cpw.mods.modlauncher.LaunchPluginHandler) LauncherPluginService mixin offering transform net.neoforged.neoforge.common.extensions.IBlockExtension
[21:58:45] [main/DEBUG] (cpw.mods.modlauncher.LaunchPluginHandler) LauncherPluginService runtimedistcleaner offering transform net.neoforged.neoforge.common.extensions.IBlockExtension
[21:58:45] [main/DEBUG] (cpw.mods.modlauncher.LaunchPluginHandler) Final flags state for net.neoforged.neoforge.common.extensions.IBlockExtension is 0
[21:58:45] [main/DEBUG] (cpw.mods.modlauncher.LaunchPluginHandler) LaunchPluginService {BEFORE=[net.neoforged.accesstransformer.ml.AccessTransformerService@23038621], AFTER=[juuxel.unprotect.UnprotectLaunchPlugin@6bd01b0e, net.neoforged.fml.common.asm.RuntimeDistCleaner@474c8d42]}
[21:58:45] [main/DEBUG] (cpw.mods.modlauncher.LaunchPluginHandler) LauncherPluginService accesstransformer offering transform net.minecraft.world.level.block.LiquidBlock
[21:58:45] [main/DEBUG] (net.neoforged.accesstransformer.AccessTransformer) Transforming net.minecraft.world.level.block.LiquidBlock FIELD fluid to access PUBLIC and LEAVE
[21:58:45] [main/DEBUG] (net.neoforged.accesstransformer.AccessTransformer) Transforming net.minecraft.world.level.block.LiquidBlock METHOD <init>(Lnet/minecraft/world/level/material/FlowingFluid;Lnet/minecraft/world/level/block/state/BlockBehaviour$Properties;)V to access PUBLIC and LEAVE
[21:58:45] [main/DEBUG] (cpw.mods.modlauncher.LaunchPluginHandler) LauncherPluginService accesstransformer transformed net.minecraft.world.level.block.LiquidBlock with class compute flags 256
[21:58:45] [main/DEBUG] (cpw.mods.modlauncher.LaunchPluginHandler) Final flags state for net.minecraft.world.level.block.LiquidBlock is 256
[21:58:45] [main/DEBUG] (cpw.mods.modlauncher.LaunchPluginHandler) LauncherPluginService unprotect offering transform net.minecraft.world.level.block.LiquidBlock
[21:58:45] [main/DEBUG] (cpw.mods.modlauncher.LaunchPluginHandler) LauncherPluginService unprotect transformed net.minecraft.world.level.block.LiquidBlock with class compute flags 2
[21:58:45] [main/DEBUG] (cpw.mods.modlauncher.LaunchPluginHandler) LauncherPluginService runtimedistcleaner offering transform net.minecraft.world.level.block.LiquidBlock
[21:58:45] [main/DEBUG] (cpw.mods.modlauncher.LaunchPluginHandler) Final flags state for net.minecraft.world.level.block.LiquidBlock is 2
[21:58:45] [main/DEBUG] (cpw.mods.modlauncher.LaunchPluginHandler) LaunchPluginService {AFTER=[juuxel.unprotect.UnprotectLaunchPlugin@6bd01b0e, net.neoforged.fml.common.asm.RuntimeDistCleaner@474c8d42]}
[21:58:45] [main/DEBUG] (cpw.mods.modlauncher.LaunchPluginHandler) Final flags state for net.minecraft.world.level.chunk.storage.ChunkSerializer is 0
[21:58:45] [main/DEBUG] (cpw.mods.modlauncher.LaunchPluginHandler) LauncherPluginService unprotect offering transform net.minecraft.world.level.chunk.storage.ChunkSerializer
[21:58:45] [main/DEBUG] (cpw.mods.modlauncher.LaunchPluginHandler) LauncherPluginService unprotect transformed net.minecraft.world.level.chunk.storage.ChunkSerializer with class compute flags 2
[21:58:45] [main/DEBUG] (cpw.mods.modlauncher.LaunchPluginHandler) LauncherPluginService runtimedistcleaner offering transform net.minecraft.world.level.chunk.storage.ChunkSerializer
[21:58:45] [main/DEBUG] (cpw.mods.modlauncher.LaunchPluginHandler) Final flags state for net.minecraft.world.level.chunk.storage.ChunkSerializer is 2
[21:58:45] [main/DEBUG] (cpw.mods.modlauncher.LaunchPluginHandler) LaunchPluginService {AFTER=[org.spongepowered.asm.launch.MixinLaunchPlugin@681f5a1e, juuxel.unprotect.UnprotectLaunchPlugin@6bd01b0e, net.neoforged.fml.common.asm.RuntimeDistCleaner@474c8d42]}
[21:58:45] [main/DEBUG] (cpw.mods.modlauncher.LaunchPluginHandler) Final flags state for net.minecraft.world.level.chunk.status.ChunkStatus is 0
[21:58:45] [main/DEBUG] (cpw.mods.modlauncher.LaunchPluginHandler) LauncherPluginService mixin offering transform net.minecraft.world.level.chunk.status.ChunkStatus
[21:58:45] [main/DEBUG] (cpw.mods.modlauncher.LaunchPluginHandler) LauncherPluginService unprotect offering transform net.minecraft.world.level.chunk.status.ChunkStatus
[21:58:45] [main/DEBUG] (cpw.mods.modlauncher.LaunchPluginHandler) LauncherPluginService unprotect transformed net.minecraft.world.level.chunk.status.ChunkStatus with class compute flags 2
[21:58:45] [main/DEBUG] (cpw.mods.modlauncher.LaunchPluginHandler) LauncherPluginService runtimedistcleaner offering transform net.minecraft.world.level.chunk.status.ChunkStatus
[21:58:45] [main/DEBUG] (cpw.mods.modlauncher.LaunchPluginHandler) Final flags state for net.minecraft.world.level.chunk.status.ChunkStatus is 2
[21:58:45] [main/DEBUG] (cpw.mods.modlauncher.LaunchPluginHandler) LaunchPluginService {AFTER=[org.spongepowered.asm.launch.MixinLaunchPlugin@681f5a1e, juuxel.unprotect.UnprotectLaunchPlugin@6bd01b0e, net.neoforged.fml.common.asm.RuntimeDistCleaner@474c8d42]}
[21:58:45] [main/DEBUG] (cpw.mods.modlauncher.LaunchPluginHandler) Final flags state for net.minecraft.world.level.levelgen.Heightmap$Types is 0
[21:58:45] [main/DEBUG] (cpw.mods.modlauncher.LaunchPluginHandler) LauncherPluginService mixin offering transform net.minecraft.world.level.levelgen.Heightmap$Types
[21:58:45] [main/DEBUG] (cpw.mods.modlauncher.LaunchPluginHandler) LauncherPluginService unprotect offering transform net.minecraft.world.level.levelgen.Heightmap$Types
[21:58:45] [main/DEBUG] (cpw.mods.modlauncher.LaunchPluginHandler) LauncherPluginService unprotect transformed net.minecraft.world.level.levelgen.Heightmap$Types with class compute flags 2
[21:58:45] [main/DEBUG] (cpw.mods.modlauncher.LaunchPluginHandler) LauncherPluginService runtimedistcleaner offering transform net.minecraft.world.level.levelgen.Heightmap$Types
[21:58:45] [main/DEBUG] (cpw.mods.modlauncher.LaunchPluginHandler) Final flags state for net.minecraft.world.level.levelgen.Heightmap$Types is 2
[21:58:45] [main/DEBUG] (cpw.mods.modlauncher.LaunchPluginHandler) LaunchPluginService {AFTER=[org.spongepowered.asm.launch.MixinLaunchPlugin@681f5a1e, juuxel.unprotect.UnprotectLaunchPlugin@6bd01b0e, net.neoforged.fml.common.asm.RuntimeDistCleaner@474c8d42]}
[21:58:45] [main/DEBUG] (cpw.mods.modlauncher.LaunchPluginHandler) Final flags state for net.minecraft.util.StringRepresentable is 0
[21:58:45] [main/DEBUG] (cpw.mods.modlauncher.LaunchPluginHandler) LauncherPluginService mixin offering transform net.minecraft.util.StringRepresentable
[21:58:45] [main/DEBUG] (cpw.mods.modlauncher.LaunchPluginHandler) LauncherPluginService unprotect offering transform net.minecraft.util.StringRepresentable
[21:58:45] [main/DEBUG] (cpw.mods.modlauncher.LaunchPluginHandler) LauncherPluginService unprotect transformed net.minecraft.util.StringRepresentable with class compute flags 2
[21:58:45] [main/DEBUG] (cpw.mods.modlauncher.LaunchPluginHandler) LauncherPluginService runtimedistcleaner offering transform net.minecraft.util.StringRepresentable
[21:58:45] [main/DEBUG] (cpw.mods.modlauncher.LaunchPluginHandler) Final flags state for net.minecraft.util.StringRepresentable is 2
[21:58:45] [main/DEBUG] (cpw.mods.modlauncher.LaunchPluginHandler) LaunchPluginService {AFTER=[org.spongepowered.asm.launch.MixinLaunchPlugin@681f5a1e, juuxel.unprotect.UnprotectLaunchPlugin@6bd01b0e, net.neoforged.fml.common.asm.RuntimeDistCleaner@474c8d42]}
[21:58:45] [main/DEBUG] (cpw.mods.modlauncher.LaunchPluginHandler) Final flags state for net.minecraft.world.level.chunk.ProtoChunk is 0
[21:58:45] [main/DEBUG] (cpw.mods.modlauncher.LaunchPluginHandler) LauncherPluginService mixin offering transform net.minecraft.world.level.chunk.ProtoChunk
[21:58:45] [main/DEBUG] (cpw.mods.modlauncher.LaunchPluginHandler) LauncherPluginService unprotect offering transform net.minecraft.world.level.chunk.ProtoChunk
[21:58:45] [main/DEBUG] (cpw.mods.modlauncher.LaunchPluginHandler) LauncherPluginService runtimedistcleaner offering transform net.minecraft.world.level.chunk.ProtoChunk
[21:58:45] [main/DEBUG] (cpw.mods.modlauncher.LaunchPluginHandler) Final flags state for net.minecraft.world.level.chunk.ProtoChunk is 0
[21:58:45] [main/DEBUG] (cpw.mods.modlauncher.LaunchPluginHandler) LaunchPluginService {AFTER=[org.spongepowered.asm.launch.MixinLaunchPlugin@681f5a1e, juuxel.unprotect.UnprotectLaunchPlugin@6bd01b0e, net.neoforged.fml.common.asm.RuntimeDistCleaner@474c8d42]}
[21:58:45] [main/DEBUG] (cpw.mods.modlauncher.LaunchPluginHandler) Final flags state for net.minecraft.world.level.chunk.ChunkAccess is 0
[21:58:45] [main/DEBUG] (cpw.mods.modlauncher.LaunchPluginHandler) LauncherPluginService mixin offering transform net.minecraft.world.level.chunk.ChunkAccess
[21:58:45] [main/DEBUG] (cpw.mods.modlauncher.LaunchPluginHandler) LauncherPluginService unprotect offering transform net.minecraft.world.level.chunk.ChunkAccess
[21:58:45] [main/DEBUG] (cpw.mods.modlauncher.LaunchPluginHandler) LauncherPluginService unprotect transformed net.minecraft.world.level.chunk.ChunkAccess with class compute flags 2
[21:58:45] [main/DEBUG] (cpw.mods.modlauncher.LaunchPluginHandler) LauncherPluginService runtimedistcleaner offering transform net.minecraft.world.level.chunk.ChunkAccess
[21:58:45] [main/DEBUG] (cpw.mods.modlauncher.LaunchPluginHandler) Final flags state for net.minecraft.world.level.chunk.ChunkAccess is 2
[21:58:45] [main/DEBUG] (cpw.mods.modlauncher.LaunchPluginHandler) LaunchPluginService {AFTER=[org.spongepowered.asm.launch.MixinLaunchPlugin@681f5a1e, juuxel.unprotect.UnprotectLaunchPlugin@6bd01b0e, net.neoforged.fml.common.asm.RuntimeDistCleaner@474c8d42]}
[21:58:45] [main/DEBUG] (cpw.mods.modlauncher.LaunchPluginHandler) Final flags state for net.minecraft.world.level.chunk.LightChunk is 0
[21:58:45] [main/DEBUG] (cpw.mods.modlauncher.LaunchPluginHandler) LauncherPluginService mixin offering transform net.minecraft.world.level.chunk.LightChunk
[21:58:45] [main/DEBUG] (cpw.mods.modlauncher.LaunchPluginHandler) LauncherPluginService unprotect offering transform net.minecraft.world.level.chunk.LightChunk
[21:58:45] [main/DEBUG] (cpw.mods.modlauncher.LaunchPluginHandler) LauncherPluginService runtimedistcleaner offering transform net.minecraft.world.level.chunk.LightChunk
[21:58:45] [main/DEBUG] (cpw.mods.modlauncher.LaunchPluginHandler) Final flags state for net.minecraft.world.level.chunk.LightChunk is 0
[21:58:45] [main/DEBUG] (cpw.mods.modlauncher.LaunchPluginHandler) LaunchPluginService {AFTER=[org.spongepowered.asm.launch.MixinLaunchPlugin@681f5a1e, juuxel.unprotect.UnprotectLaunchPlugin@6bd01b0e, net.neoforged.fml.common.asm.RuntimeDistCleaner@474c8d42]}
[21:58:45] [main/DEBUG] (cpw.mods.modlauncher.LaunchPluginHandler) Final flags state for net.minecraft.world.level.chunk.StructureAccess is 0
[21:58:45] [main/DEBUG] (cpw.mods.modlauncher.LaunchPluginHandler) LauncherPluginService mixin offering transform net.minecraft.world.level.chunk.StructureAccess
[21:58:45] [main/DEBUG] (cpw.mods.modlauncher.LaunchPluginHandler) LauncherPluginService unprotect offering transform net.minecraft.world.level.chunk.StructureAccess
[21:58:45] [main/DEBUG] (cpw.mods.modlauncher.LaunchPluginHandler) LauncherPluginService runtimedistcleaner offering transform net.minecraft.world.level.chunk.StructureAccess
[21:58:45] [main/DEBUG] (cpw.mods.modlauncher.LaunchPluginHandler) Final flags state for net.minecraft.world.level.chunk.StructureAccess is 0
[21:58:45] [main/DEBUG] (cpw.mods.modlauncher.LaunchPluginHandler) LaunchPluginService {AFTER=[org.spongepowered.asm.launch.MixinLaunchPlugin@681f5a1e, juuxel.unprotect.UnprotectLaunchPlugin@6bd01b0e, net.neoforged.fml.common.asm.RuntimeDistCleaner@474c8d42]}
[21:58:45] [main/DEBUG] (cpw.mods.modlauncher.LaunchPluginHandler) Final flags state for net.minecraft.world.level.chunk.LevelChunk is 0
[21:58:45] [main/DEBUG] (cpw.mods.modlauncher.LaunchPluginHandler) LauncherPluginService mixin offering transform net.minecraft.world.level.chunk.LevelChunk
[21:58:45] [main/DEBUG] (cpw.mods.modlauncher.LaunchPluginHandler) LauncherPluginService unprotect offering transform net.minecraft.world.level.chunk.LevelChunk
[21:58:45] [main/DEBUG] (cpw.mods.modlauncher.LaunchPluginHandler) LauncherPluginService unprotect transformed net.minecraft.world.level.chunk.LevelChunk with class compute flags 2
[21:58:45] [main/DEBUG] (cpw.mods.modlauncher.LaunchPluginHandler) LauncherPluginService runtimedistcleaner offering transform net.minecraft.world.level.chunk.LevelChunk
[21:58:45] [main/DEBUG] (cpw.mods.modlauncher.LaunchPluginHandler) Final flags state for net.minecraft.world.level.chunk.LevelChunk is 2
[21:58:45] [main/DEBUG] (cpw.mods.modlauncher.LaunchPluginHandler) LaunchPluginService {AFTER=[org.spongepowered.asm.launch.MixinLaunchPlugin@681f5a1e, juuxel.unprotect.UnprotectLaunchPlugin@6bd01b0e, net.neoforged.fml.common.asm.RuntimeDistCleaner@474c8d42]}
[21:58:45] [main/DEBUG] (cpw.mods.modlauncher.LaunchPluginHandler) Final flags state for net.minecraft.world.ticks.ProtoChunkTicks is 0
[21:58:45] [main/DEBUG] (cpw.mods.modlauncher.LaunchPluginHandler) LauncherPluginService mixin offering transform net.minecraft.world.ticks.ProtoChunkTicks
[21:58:45] [main/DEBUG] (cpw.mods.modlauncher.LaunchPluginHandler) LauncherPluginService unprotect offering transform net.minecraft.world.ticks.ProtoChunkTicks
[21:58:45] [main/DEBUG] (cpw.mods.modlauncher.LaunchPluginHandler) LauncherPluginService runtimedistcleaner offering transform net.minecraft.world.ticks.ProtoChunkTicks
[21:58:45] [main/DEBUG] (cpw.mods.modlauncher.LaunchPluginHandler) Final flags state for net.minecraft.world.ticks.ProtoChunkTicks is 0
[21:58:45] [main/DEBUG] (cpw.mods.modlauncher.LaunchPluginHandler) LaunchPluginService {AFTER=[org.spongepowered.asm.launch.MixinLaunchPlugin@681f5a1e, juuxel.unprotect.UnprotectLaunchPlugin@6bd01b0e, net.neoforged.fml.common.asm.RuntimeDistCleaner@474c8d42]}
[21:58:45] [main/DEBUG] (cpw.mods.modlauncher.LaunchPluginHandler) Final flags state for net.minecraft.world.ticks.SerializableTickContainer is 0
[21:58:45] [main/DEBUG] (cpw.mods.modlauncher.LaunchPluginHandler) LauncherPluginService mixin offering transform net.minecraft.world.ticks.SerializableTickContainer
[21:58:45] [main/DEBUG] (cpw.mods.modlauncher.LaunchPluginHandler) LauncherPluginService unprotect offering transform net.minecraft.world.ticks.SerializableTickContainer
[21:58:45] [main/DEBUG] (cpw.mods.modlauncher.LaunchPluginHandler) LauncherPluginService runtimedistcleaner offering transform net.minecraft.world.ticks.SerializableTickContainer
[21:58:45] [main/DEBUG] (cpw.mods.modlauncher.LaunchPluginHandler) Final flags state for net.minecraft.world.ticks.SerializableTickContainer is 0
[21:58:45] [main/DEBUG] (cpw.mods.modlauncher.LaunchPluginHandler) LaunchPluginService {AFTER=[org.spongepowered.asm.launch.MixinLaunchPlugin@681f5a1e, juuxel.unprotect.UnprotectLaunchPlugin@6bd01b0e, net.neoforged.fml.common.asm.RuntimeDistCleaner@474c8d42]}
[21:58:45] [main/DEBUG] (cpw.mods.modlauncher.LaunchPluginHandler) Final flags state for net.minecraft.world.ticks.TickContainerAccess is 0
[21:58:45] [main/DEBUG] (cpw.mods.modlauncher.LaunchPluginHandler) LauncherPluginService mixin offering transform net.minecraft.world.ticks.TickContainerAccess
[21:58:45] [main/DEBUG] (cpw.mods.modlauncher.LaunchPluginHandler) LauncherPluginService unprotect offering transform net.minecraft.world.ticks.TickContainerAccess
[21:58:45] [main/DEBUG] (cpw.mods.modlauncher.LaunchPluginHandler) LauncherPluginService runtimedistcleaner offering transform net.minecraft.world.ticks.TickContainerAccess
[21:58:45] [main/DEBUG] (cpw.mods.modlauncher.LaunchPluginHandler) Final flags state for net.minecraft.world.ticks.TickContainerAccess is 0
[21:58:45] [main/DEBUG] (cpw.mods.modlauncher.LaunchPluginHandler) LaunchPluginService {AFTER=[org.spongepowered.asm.launch.MixinLaunchPlugin@681f5a1e, juuxel.unprotect.UnprotectLaunchPlugin@6bd01b0e, net.neoforged.fml.common.asm.RuntimeDistCleaner@474c8d42]}
[21:58:45] [main/DEBUG] (cpw.mods.modlauncher.LaunchPluginHandler) Final flags state for net.minecraft.world.ticks.TickAccess is 0
[21:58:45] [main/DEBUG] (cpw.mods.modlauncher.LaunchPluginHandler) LauncherPluginService mixin offering transform net.minecraft.world.ticks.TickAccess
[21:58:45] [main/DEBUG] (cpw.mods.modlauncher.LaunchPluginHandler) LauncherPluginService unprotect offering transform net.minecraft.world.ticks.TickAccess
[21:58:45] [main/DEBUG] (cpw.mods.modlauncher.LaunchPluginHandler) LauncherPluginService runtimedistcleaner offering transform net.minecraft.world.ticks.TickAccess
[21:58:45] [main/DEBUG] (cpw.mods.modlauncher.LaunchPluginHandler) Final flags state for net.minecraft.world.ticks.TickAccess is 0
[21:58:45] [main/DEBUG] (cpw.mods.modlauncher.LaunchPluginHandler) LaunchPluginService {AFTER=[org.spongepowered.asm.launch.MixinLaunchPlugin@681f5a1e, juuxel.unprotect.UnprotectLaunchPlugin@6bd01b0e, net.neoforged.fml.common.asm.RuntimeDistCleaner@474c8d42]}
[21:58:45] [main/DEBUG] (cpw.mods.modlauncher.LaunchPluginHandler) Final flags state for net.minecraft.world.ticks.LevelChunkTicks is 0
[21:58:45] [main/DEBUG] (cpw.mods.modlauncher.LaunchPluginHandler) LauncherPluginService mixin offering transform net.minecraft.world.ticks.LevelChunkTicks
[21:58:45] [main/DEBUG] (cpw.mods.modlauncher.LaunchPluginHandler) LauncherPluginService unprotect offering transform net.minecraft.world.ticks.LevelChunkTicks
[21:58:45] [main/DEBUG] (cpw.mods.modlauncher.LaunchPluginHandler) LauncherPluginService runtimedistcleaner offering transform net.minecraft.world.ticks.LevelChunkTicks
[21:58:45] [main/DEBUG] (cpw.mods.modlauncher.LaunchPluginHandler) Final flags state for net.minecraft.world.ticks.LevelChunkTicks is 0
[21:58:45] [main/DEBUG] (cpw.mods.modlauncher.LaunchPluginHandler) LaunchPluginService {AFTER=[org.spongepowered.asm.launch.MixinLaunchPlugin@681f5a1e, juuxel.unprotect.UnprotectLaunchPlugin@6bd01b0e, net.neoforged.fml.common.asm.RuntimeDistCleaner@474c8d42]}
[21:58:45] [main/DEBUG] (cpw.mods.modlauncher.LaunchPluginHandler) Final flags state for net.minecraft.world.level.chunk.PalettedContainer is 0
[21:58:45] [main/DEBUG] (cpw.mods.modlauncher.LaunchPluginHandler) LauncherPluginService mixin offering transform net.minecraft.world.level.chunk.PalettedContainer
[21:58:45] [main/DEBUG] (cpw.mods.modlauncher.LaunchPluginHandler) LauncherPluginService unprotect offering transform net.minecraft.world.level.chunk.PalettedContainer
[21:58:45] [main/DEBUG] (cpw.mods.modlauncher.LaunchPluginHandler) LauncherPluginService unprotect transformed net.minecraft.world.level.chunk.PalettedContainer with class compute flags 2
[21:58:45] [main/DEBUG] (cpw.mods.modlauncher.LaunchPluginHandler) LauncherPluginService runtimedistcleaner offering transform net.minecraft.world.level.chunk.PalettedContainer
[21:58:45] [main/DEBUG] (cpw.mods.modlauncher.LaunchPluginHandler) Final flags state for net.minecraft.world.level.chunk.PalettedContainer is 2
[21:58:45] [main/DEBUG] (cpw.mods.modlauncher.LaunchPluginHandler) LaunchPluginService {AFTER=[org.spongepowered.asm.launch.MixinLaunchPlugin@681f5a1e, juuxel.unprotect.UnprotectLaunchPlugin@6bd01b0e, net.neoforged.fml.common.asm.RuntimeDistCleaner@474c8d42]}
[21:58:45] [main/DEBUG] (cpw.mods.modlauncher.LaunchPluginHandler) Final flags state for net.minecraft.world.level.chunk.PaletteResize is 0
[21:58:45] [main/DEBUG] (cpw.mods.modlauncher.LaunchPluginHandler) LauncherPluginService mixin offering transform net.minecraft.world.level.chunk.PaletteResize
[21:58:45] [main/DEBUG] (cpw.mods.modlauncher.LaunchPluginHandler) LauncherPluginService unprotect offering transform net.minecraft.world.level.chunk.PaletteResize
[21:58:45] [main/DEBUG] (cpw.mods.modlauncher.LaunchPluginHandler) LauncherPluginService unprotect transformed net.minecraft.world.level.chunk.PaletteResize with class compute flags 2
[21:58:45] [main/DEBUG] (cpw.mods.modlauncher.LaunchPluginHandler) LauncherPluginService runtimedistcleaner offering transform net.minecraft.world.level.chunk.PaletteResize
[21:58:45] [main/DEBUG] (cpw.mods.modlauncher.LaunchPluginHandler) Final flags state for net.minecraft.world.level.chunk.PaletteResize is 2
[21:58:45] [main/DEBUG] (cpw.mods.modlauncher.LaunchPluginHandler) LaunchPluginService {AFTER=[org.spongepowered.asm.launch.MixinLaunchPlugin@681f5a1e, juuxel.unprotect.UnprotectLaunchPlugin@6bd01b0e, net.neoforged.fml.common.asm.RuntimeDistCleaner@474c8d42]}
[21:58:45] [main/DEBUG] (cpw.mods.modlauncher.LaunchPluginHandler) Final flags state for net.minecraft.world.level.chunk.PalettedContainerRO is 0
[21:58:45] [main/DEBUG] (cpw.mods.modlauncher.LaunchPluginHandler) LauncherPluginService mixin offering transform net.minecraft.world.level.chunk.PalettedContainerRO
[21:58:45] [main/DEBUG] (cpw.mods.modlauncher.LaunchPluginHandler) LauncherPluginService unprotect offering transform net.minecraft.world.level.chunk.PalettedContainerRO
[21:58:45] [main/DEBUG] (cpw.mods.modlauncher.LaunchPluginHandler) LauncherPluginService runtimedistcleaner offering transform net.minecraft.world.level.chunk.PalettedContainerRO
[21:58:45] [main/DEBUG] (cpw.mods.modlauncher.LaunchPluginHandler) Final flags state for net.minecraft.world.level.chunk.PalettedContainerRO is 0
[21:58:45] [main/DEBUG] (cpw.mods.modlauncher.LaunchPluginHandler) LaunchPluginService {AFTER=[juuxel.unprotect.UnprotectLaunchPlugin@6bd01b0e, net.neoforged.fml.common.asm.RuntimeDistCleaner@474c8d42]}
[21:58:45] [main/DEBUG] (cpw.mods.modlauncher.LaunchPluginHandler) Final flags state for net.minecraft.world.entity.item.FallingBlockEntity is 0
[21:58:45] [main/DEBUG] (cpw.mods.modlauncher.LaunchPluginHandler) LauncherPluginService unprotect offering transform net.minecraft.world.entity.item.FallingBlockEntity
[21:58:45] [main/DEBUG] (cpw.mods.modlauncher.LaunchPluginHandler) LauncherPluginService unprotect transformed net.minecraft.world.entity.item.FallingBlockEntity with class compute flags 2
[21:58:45] [main/DEBUG] (cpw.mods.modlauncher.LaunchPluginHandler) LauncherPluginService runtimedistcleaner offering transform net.minecraft.world.entity.item.FallingBlockEntity
[21:58:45] [main/DEBUG] (cpw.mods.modlauncher.LaunchPluginHandler) Final flags state for net.minecraft.world.entity.item.FallingBlockEntity is 2
[21:58:45] [main/DEBUG] (cpw.mods.modlauncher.LaunchPluginHandler) LaunchPluginService {AFTER=[juuxel.unprotect.UnprotectLaunchPlugin@6bd01b0e, net.neoforged.fml.common.asm.RuntimeDistCleaner@474c8d42]}
[21:58:45] [main/DEBUG] (cpw.mods.modlauncher.LaunchPluginHandler) Final flags state for net.minecraft.world.entity.player.Inventory is 0
[21:58:45] [main/DEBUG] (cpw.mods.modlauncher.LaunchPluginHandler) LauncherPluginService unprotect offering transform net.minecraft.world.entity.player.Inventory
[21:58:45] [main/DEBUG] (cpw.mods.modlauncher.LaunchPluginHandler) LauncherPluginService unprotect transformed net.minecraft.world.entity.player.Inventory with class compute flags 2
[21:58:45] [main/DEBUG] (cpw.mods.modlauncher.LaunchPluginHandler) LauncherPluginService runtimedistcleaner offering transform net.minecraft.world.entity.player.Inventory
[21:58:45] [main/DEBUG] (cpw.mods.modlauncher.LaunchPluginHandler) Final flags state for net.minecraft.world.entity.player.Inventory is 2
[21:58:45] [main/DEBUG] (cpw.mods.modlauncher.LaunchPluginHandler) LaunchPluginService {AFTER=[net.neoforged.fml.common.asm.RuntimeDistCleaner@474c8d42]}
[21:58:45] [main/DEBUG] (cpw.mods.modlauncher.LaunchPluginHandler) Final flags state for dev.architectury.extensions.ItemExtension is 0
[21:58:45] [main/DEBUG] (cpw.mods.modlauncher.LaunchPluginHandler) LauncherPluginService runtimedistcleaner offering transform dev.architectury.extensions.ItemExtension
[21:58:45] [main/DEBUG] (cpw.mods.modlauncher.LaunchPluginHandler) Final flags state for dev.architectury.extensions.ItemExtension is 0
[21:58:45] [main/DEBUG] (cpw.mods.modlauncher.LaunchPluginHandler) LaunchPluginService {AFTER=[net.neoforged.fml.common.asm.RuntimeDistCleaner@474c8d42]}
[21:58:45] [main/DEBUG] (cpw.mods.modlauncher.LaunchPluginHandler) Final flags state for net.neoforged.neoforge.event.level.LevelEvent is 0
[21:58:45] [main/DEBUG] (cpw.mods.modlauncher.LaunchPluginHandler) LauncherPluginService runtimedistcleaner offering transform net.neoforged.neoforge.event.level.LevelEvent
[21:58:45] [main/DEBUG] (cpw.mods.modlauncher.LaunchPluginHandler) Final flags state for net.neoforged.neoforge.event.level.LevelEvent is 0
[21:58:45] [main/DEBUG] (cpw.mods.modlauncher.LaunchPluginHandler) LaunchPluginService {AFTER=[net.neoforged.fml.common.asm.RuntimeDistCleaner@474c8d42]}
[21:58:45] [main/DEBUG] (cpw.mods.modlauncher.LaunchPluginHandler) Final flags state for dev.architectury.mixin.forge.client.MixinCommandSourceStack is 0
[21:58:45] [main/DEBUG] (cpw.mods.modlauncher.LaunchPluginHandler) LauncherPluginService runtimedistcleaner offering transform dev.architectury.mixin.forge.client.MixinCommandSourceStack
[21:58:45] [main/DEBUG] (cpw.mods.modlauncher.LaunchPluginHandler) Final flags state for dev.architectury.mixin.forge.client.MixinCommandSourceStack is 0
[21:58:45] [main/DEBUG] (cpw.mods.modlauncher.LaunchPluginHandler) LaunchPluginService {AFTER=[net.neoforged.fml.common.asm.RuntimeDistCleaner@474c8d42]}
[21:58:45] [main/DEBUG] (cpw.mods.modlauncher.LaunchPluginHandler) Final flags state for dev.architectury.mixin.forge.MixinClientLevel is 0
[21:58:45] [main/DEBUG] (cpw.mods.modlauncher.LaunchPluginHandler) LauncherPluginService runtimedistcleaner offering transform dev.architectury.mixin.forge.MixinClientLevel
[21:58:45] [main/DEBUG] (cpw.mods.modlauncher.LaunchPluginHandler) Final flags state for dev.architectury.mixin.forge.MixinClientLevel is 0
[21:58:45] [main/DEBUG] (cpw.mods.modlauncher.LaunchPluginHandler) LaunchPluginService {AFTER=[net.neoforged.fml.common.asm.RuntimeDistCleaner@474c8d42]}
[21:58:45] [main/DEBUG] (cpw.mods.modlauncher.LaunchPluginHandler) Final flags state for dev.architectury.mixin.forge.MixinMinecraft is 0
[21:58:45] [main/DEBUG] (cpw.mods.modlauncher.LaunchPluginHandler) LauncherPluginService runtimedistcleaner offering transform dev.architectury.mixin.forge.MixinMinecraft
[21:58:45] [main/DEBUG] (cpw.mods.modlauncher.LaunchPluginHandler) Final flags state for dev.architectury.mixin.forge.MixinMinecraft is 0
[21:58:45] [main/DEBUG] (cpw.mods.modlauncher.LaunchPluginHandler) LaunchPluginService {BEFORE=[net.neoforged.accesstransformer.ml.AccessTransformerService@23038621], AFTER=[juuxel.unprotect.UnprotectLaunchPlugin@6bd01b0e, net.neoforged.fml.common.asm.RuntimeDistCleaner@474c8d42]}
[21:58:45] [main/DEBUG] (cpw.mods.modlauncher.LaunchPluginHandler) LauncherPluginService accesstransformer offering transform net.minecraft.commands.CommandSourceStack
[21:58:45] [main/DEBUG] (net.neoforged.accesstransformer.AccessTransformer) Transforming net.minecraft.commands.CommandSourceStack FIELD source to access PUBLIC and LEAVE
[21:58:45] [main/DEBUG] (cpw.mods.modlauncher.LaunchPluginHandler) LauncherPluginService accesstransformer transformed net.minecraft.commands.CommandSourceStack with class compute flags 256
[21:58:45] [main/DEBUG] (cpw.mods.modlauncher.LaunchPluginHandler) Final flags state for net.minecraft.commands.CommandSourceStack is 256
[21:58:45] [main/DEBUG] (cpw.mods.modlauncher.LaunchPluginHandler) LauncherPluginService unprotect offering transform net.minecraft.commands.CommandSourceStack
[21:58:45] [main/DEBUG] (cpw.mods.modlauncher.LaunchPluginHandler) LauncherPluginService unprotect transformed net.minecraft.commands.CommandSourceStack with class compute flags 2
[21:58:45] [main/DEBUG] (cpw.mods.modlauncher.LaunchPluginHandler) LauncherPluginService runtimedistcleaner offering transform net.minecraft.commands.CommandSourceStack
[21:58:45] [main/DEBUG] (cpw.mods.modlauncher.LaunchPluginHandler) Final flags state for net.minecraft.commands.CommandSourceStack is 2
[21:58:45] [main/DEBUG] (mixin) Preparing architectury-common.mixins.json (9)
[21:58:45] [main/DEBUG] (cpw.mods.modlauncher.LaunchPluginHandler) LaunchPluginService {AFTER=[net.neoforged.fml.common.asm.RuntimeDistCleaner@474c8d42]}
[21:58:45] [main/DEBUG] (cpw.mods.modlauncher.LaunchPluginHandler) Final flags state for dev.architectury.mixin.inject.MixinBlock is 0
[21:58:45] [main/DEBUG] (cpw.mods.modlauncher.LaunchPluginHandler) LauncherPluginService runtimedistcleaner offering transform dev.architectury.mixin.inject.MixinBlock
[21:58:45] [main/DEBUG] (cpw.mods.modlauncher.LaunchPluginHandler) Final flags state for dev.architectury.mixin.inject.MixinBlock is 0
[21:58:45] [main/DEBUG] (cpw.mods.modlauncher.LaunchPluginHandler) LaunchPluginService {AFTER=[net.neoforged.fml.common.asm.RuntimeDistCleaner@474c8d42]}
[21:58:45] [main/DEBUG] (cpw.mods.modlauncher.LaunchPluginHandler) Final flags state for dev.architectury.mixin.inject.MixinBucketItem is 0
[21:58:45] [main/DEBUG] (cpw.mods.modlauncher.LaunchPluginHandler) LauncherPluginService runtimedistcleaner offering transform dev.architectury.mixin.inject.MixinBucketItem
[21:58:45] [main/DEBUG] (cpw.mods.modlauncher.LaunchPluginHandler) Final flags state for dev.architectury.mixin.inject.MixinBucketItem is 0
[21:58:45] [main/DEBUG] (cpw.mods.modlauncher.LaunchPluginHandler) LaunchPluginService {AFTER=[net.neoforged.fml.common.asm.RuntimeDistCleaner@474c8d42]}
[21:58:45] [main/DEBUG] (cpw.mods.modlauncher.LaunchPluginHandler) Final flags state for dev.architectury.mixin.inject.MixinEntityType is 0
[21:58:45] [main/DEBUG] (cpw.mods.modlauncher.LaunchPluginHandler) LauncherPluginService runtimedistcleaner offering transform dev.architectury.mixin.inject.MixinEntityType
[21:58:45] [main/DEBUG] (cpw.mods.modlauncher.LaunchPluginHandler) Final flags state for dev.architectury.mixin.inject.MixinEntityType is 0
[21:58:45] [main/DEBUG] (cpw.mods.modlauncher.LaunchPluginHandler) LaunchPluginService {AFTER=[net.neoforged.fml.common.asm.RuntimeDistCleaner@474c8d42]}
[21:58:45] [main/DEBUG] (cpw.mods.modlauncher.LaunchPluginHandler) Final flags state for dev.architectury.mixin.inject.MixinFluid is 0
[21:58:45] [main/DEBUG] (cpw.mods.modlauncher.LaunchPluginHandler) LauncherPluginService runtimedistcleaner offering transform dev.architectury.mixin.inject.MixinFluid
[21:58:45] [main/DEBUG] (cpw.mods.modlauncher.LaunchPluginHandler) Final flags state for dev.architectury.mixin.inject.MixinFluid is 0
[21:58:45] [main/DEBUG] (cpw.mods.modlauncher.LaunchPluginHandler) LaunchPluginService {AFTER=[net.neoforged.fml.common.asm.RuntimeDistCleaner@474c8d42]}
[21:58:45] [main/DEBUG] (cpw.mods.modlauncher.LaunchPluginHandler) Final flags state for dev.architectury.mixin.inject.MixinFoodPropertiesBuilder is 0
[21:58:45] [main/DEBUG] (cpw.mods.modlauncher.LaunchPluginHandler) LauncherPluginService runtimedistcleaner offering transform dev.architectury.mixin.inject.MixinFoodPropertiesBuilder
[21:58:45] [main/DEBUG] (cpw.mods.modlauncher.LaunchPluginHandler) Final flags state for dev.architectury.mixin.inject.MixinFoodPropertiesBuilder is 0
[21:58:45] [main/DEBUG] (cpw.mods.modlauncher.LaunchPluginHandler) LaunchPluginService {AFTER=[net.neoforged.fml.common.asm.RuntimeDistCleaner@474c8d42]}
[21:58:45] [main/DEBUG] (cpw.mods.modlauncher.LaunchPluginHandler) Final flags state for dev.architectury.mixin.inject.MixinItem is 0
[21:58:45] [main/DEBUG] (cpw.mods.modlauncher.LaunchPluginHandler) LauncherPluginService runtimedistcleaner offering transform dev.architectury.mixin.inject.MixinItem
[21:58:45] [main/DEBUG] (cpw.mods.modlauncher.LaunchPluginHandler) Final flags state for dev.architectury.mixin.inject.MixinItem is 0
[21:58:45] [main/DEBUG] (cpw.mods.modlauncher.LaunchPluginHandler) LaunchPluginService {AFTER=[net.neoforged.fml.common.asm.RuntimeDistCleaner@474c8d42]}
[21:58:45] [main/DEBUG] (cpw.mods.modlauncher.LaunchPluginHandler) Final flags state for dev.architectury.mixin.inject.MixinItemProperties is 0
[21:58:45] [main/DEBUG] (cpw.mods.modlauncher.LaunchPluginHandler) LauncherPluginService runtimedistcleaner offering transform dev.architectury.mixin.inject.MixinItemProperties
[21:58:45] [main/DEBUG] (cpw.mods.modlauncher.LaunchPluginHandler) Final flags state for dev.architectury.mixin.inject.MixinItemProperties is 0
[21:58:45] [main/DEBUG] (cpw.mods.modlauncher.LaunchPluginHandler) LaunchPluginService {AFTER=[net.neoforged.fml.common.asm.RuntimeDistCleaner@474c8d42]}
[21:58:45] [main/DEBUG] (cpw.mods.modlauncher.LaunchPluginHandler) Final flags state for dev.architectury.mixin.inject.MixinLiquidBlock is 0
[21:58:45] [main/DEBUG] (cpw.mods.modlauncher.LaunchPluginHandler) LauncherPluginService runtimedistcleaner offering transform dev.architectury.mixin.inject.MixinLiquidBlock
[21:58:45] [main/DEBUG] (cpw.mods.modlauncher.LaunchPluginHandler) Final flags state for dev.architectury.mixin.inject.MixinLiquidBlock is 0
[21:58:45] [main/DEBUG] (cpw.mods.modlauncher.LaunchPluginHandler) LaunchPluginService {AFTER=[net.neoforged.fml.common.asm.RuntimeDistCleaner@474c8d42]}
[21:58:45] [main/DEBUG] (cpw.mods.modlauncher.LaunchPluginHandler) Final flags state for dev.architectury.mixin.MixinLightningBolt is 0
[21:58:45] [main/DEBUG] (cpw.mods.modlauncher.LaunchPluginHandler) LauncherPluginService runtimedistcleaner offering transform dev.architectury.mixin.MixinLightningBolt
[21:58:45] [main/DEBUG] (cpw.mods.modlauncher.LaunchPluginHandler) Final flags state for dev.architectury.mixin.MixinLightningBolt is 0
[21:58:45] [main/DEBUG] (cpw.mods.modlauncher.LaunchPluginHandler) LaunchPluginService {BEFORE=[net.neoforged.accesstransformer.ml.AccessTransformerService@23038621], AFTER=[juuxel.unprotect.UnprotectLaunchPlugin@6bd01b0e, net.neoforged.fml.common.asm.RuntimeDistCleaner@474c8d42]}
[21:58:45] [main/DEBUG] (cpw.mods.modlauncher.LaunchPluginHandler) LauncherPluginService accesstransformer offering transform net.minecraft.world.level.block.Block
[21:58:45] [main/DEBUG] (net.neoforged.accesstransformer.AccessTransformer) Transforming net.minecraft.world.level.block.Block METHOD popExperience(Lnet/minecraft/server/level/ServerLevel;Lnet/minecraft/core/BlockPos;I)V to access PUBLIC and LEAVE
[21:58:45] [main/DEBUG] (cpw.mods.modlauncher.LaunchPluginHandler) LauncherPluginService accesstransformer transformed net.minecraft.world.level.block.Block with class compute flags 256
[21:58:45] [main/DEBUG] (cpw.mods.modlauncher.LaunchPluginHandler) Final flags state for net.minecraft.world.level.block.Block is 256
[21:58:45] [main/DEBUG] (cpw.mods.modlauncher.LaunchPluginHandler) LauncherPluginService unprotect offering transform net.minecraft.world.level.block.Block
[21:58:45] [main/DEBUG] (cpw.mods.modlauncher.LaunchPluginHandler) LauncherPluginService unprotect transformed net.minecraft.world.level.block.Block with class compute flags 2
[21:58:45] [main/DEBUG] (cpw.mods.modlauncher.LaunchPluginHandler) LauncherPluginService runtimedistcleaner offering transform net.minecraft.world.level.block.Block
[21:58:45] [main/DEBUG] (cpw.mods.modlauncher.LaunchPluginHandler) Final flags state for net.minecraft.world.level.block.Block is 2
[21:58:45] [main/DEBUG] (cpw.mods.modlauncher.LaunchPluginHandler) LaunchPluginService {AFTER=[juuxel.unprotect.UnprotectLaunchPlugin@6bd01b0e, net.neoforged.fml.common.asm.RuntimeDistCleaner@474c8d42]}
[21:58:45] [main/DEBUG] (cpw.mods.modlauncher.LaunchPluginHandler) Final flags state for net.minecraft.world.entity.EntityType is 0
[21:58:45] [main/DEBUG] (cpw.mods.modlauncher.LaunchPluginHandler) LauncherPluginService unprotect offering transform net.minecraft.world.entity.EntityType
[21:58:45] [main/DEBUG] (cpw.mods.modlauncher.LaunchPluginHandler) LauncherPluginService unprotect transformed net.minecraft.world.entity.EntityType with class compute flags 2
[21:58:45] [main/DEBUG] (cpw.mods.modlauncher.LaunchPluginHandler) LauncherPluginService runtimedistcleaner offering transform net.minecraft.world.entity.EntityType
[21:58:45] [main/DEBUG] (cpw.mods.modlauncher.LaunchPluginHandler) Final flags state for net.minecraft.world.entity.EntityType is 2
[21:58:45] [main/DEBUG] (cpw.mods.modlauncher.LaunchPluginHandler) LaunchPluginService {AFTER=[juuxel.unprotect.UnprotectLaunchPlugin@6bd01b0e, net.neoforged.fml.common.asm.RuntimeDistCleaner@474c8d42]}
[21:58:45] [main/DEBUG] (cpw.mods.modlauncher.LaunchPluginHandler) Final flags state for net.minecraft.world.level.material.Fluid is 0
[21:58:45] [main/DEBUG] (cpw.mods.modlauncher.LaunchPluginHandler) LauncherPluginService unprotect offering transform net.minecraft.world.level.material.Fluid
[21:58:45] [main/DEBUG] (cpw.mods.modlauncher.LaunchPluginHandler) LauncherPluginService unprotect transformed net.minecraft.world.level.material.Fluid with class compute flags 2
[21:58:45] [main/DEBUG] (cpw.mods.modlauncher.LaunchPluginHandler) LauncherPluginService runtimedistcleaner offering transform net.minecraft.world.level.material.Fluid
[21:58:45] [main/DEBUG] (cpw.mods.modlauncher.LaunchPluginHandler) Final flags state for net.minecraft.world.level.material.Fluid is 2
[21:58:45] [main/DEBUG] (cpw.mods.modlauncher.LaunchPluginHandler) LaunchPluginService {AFTER=[juuxel.unprotect.UnprotectLaunchPlugin@6bd01b0e, net.neoforged.fml.common.asm.RuntimeDistCleaner@474c8d42]}
[21:58:45] [main/DEBUG] (cpw.mods.modlauncher.LaunchPluginHandler) Final flags state for net.minecraft.world.food.FoodProperties$Builder is 0
[21:58:45] [main/DEBUG] (cpw.mods.modlauncher.LaunchPluginHandler) LauncherPluginService unprotect offering transform net.minecraft.world.food.FoodProperties$Builder
[21:58:45] [main/DEBUG] (cpw.mods.modlauncher.LaunchPluginHandler) LauncherPluginService runtimedistcleaner offering transform net.minecraft.world.food.FoodProperties$Builder
[21:58:45] [main/DEBUG] (cpw.mods.modlauncher.LaunchPluginHandler) Final flags state for net.minecraft.world.food.FoodProperties$Builder is 0
[21:58:45] [main/DEBUG] (cpw.mods.modlauncher.LaunchPluginHandler) LaunchPluginService {BEFORE=[net.neoforged.accesstransformer.ml.AccessTransformerService@23038621], AFTER=[juuxel.unprotect.UnprotectLaunchPlugin@6bd01b0e, net.neoforged.fml.common.asm.RuntimeDistCleaner@474c8d42]}
[21:58:45] [main/DEBUG] (cpw.mods.modlauncher.LaunchPluginHandler) LauncherPluginService accesstransformer offering transform net.minecraft.world.item.Item
[21:58:45] [main/DEBUG] (net.neoforged.accesstransformer.AccessTransformer) Transforming net.minecraft.world.item.Item FIELD components to access PRIVATE and REMOVEFINAL
[21:58:45] [main/DEBUG] (net.neoforged.accesstransformer.AccessTransformer) Transforming net.minecraft.world.item.Item METHOD getPlayerPOVHitResult(Lnet/minecraft/world/level/Level;Lnet/minecraft/world/entity/player/Player;Lnet/minecraft/world/level/ClipContext$Fluid;)Lnet/minecraft/world/phys/BlockHitResult; to access PUBLIC and LEAVE
[21:58:45] [main/DEBUG] (cpw.mods.modlauncher.LaunchPluginHandler) LauncherPluginService accesstransformer transformed net.minecraft.world.item.Item with class compute flags 256
[21:58:45] [main/DEBUG] (cpw.mods.modlauncher.LaunchPluginHandler) Final flags state for net.minecraft.world.item.Item is 256
[21:58:45] [main/DEBUG] (cpw.mods.modlauncher.LaunchPluginHandler) LauncherPluginService unprotect offering transform net.minecraft.world.item.Item
[21:58:45] [main/DEBUG] (cpw.mods.modlauncher.LaunchPluginHandler) LauncherPluginService unprotect transformed net.minecraft.world.item.Item with class compute flags 2
[21:58:45] [main/DEBUG] (cpw.mods.modlauncher.LaunchPluginHandler) LauncherPluginService runtimedistcleaner offering transform net.minecraft.world.item.Item
[21:58:45] [main/DEBUG] (cpw.mods.modlauncher.LaunchPluginHandler) Final flags state for net.minecraft.world.item.Item is 2
[21:58:45] [main/DEBUG] (cpw.mods.modlauncher.LaunchPluginHandler) LaunchPluginService {AFTER=[juuxel.unprotect.UnprotectLaunchPlugin@6bd01b0e, net.neoforged.fml.common.asm.RuntimeDistCleaner@474c8d42]}
[21:58:45] [main/DEBUG] (cpw.mods.modlauncher.LaunchPluginHandler) Final flags state for net.minecraft.world.item.Item$Properties is 0
[21:58:45] [main/DEBUG] (cpw.mods.modlauncher.LaunchPluginHandler) LauncherPluginService unprotect offering transform net.minecraft.world.item.Item$Properties
[21:58:45] [main/DEBUG] (cpw.mods.modlauncher.LaunchPluginHandler) LauncherPluginService unprotect transformed net.minecraft.world.item.Item$Properties with class compute flags 2
[21:58:45] [main/DEBUG] (cpw.mods.modlauncher.LaunchPluginHandler) LauncherPluginService runtimedistcleaner offering transform net.minecraft.world.item.Item$Properties
[21:58:45] [main/DEBUG] (cpw.mods.modlauncher.LaunchPluginHandler) Final flags state for net.minecraft.world.item.Item$Properties is 2
[21:58:45] [main/DEBUG] (cpw.mods.modlauncher.LaunchPluginHandler) LaunchPluginService {AFTER=[juuxel.unprotect.UnprotectLaunchPlugin@6bd01b0e, net.neoforged.fml.common.asm.RuntimeDistCleaner@474c8d42]}
[21:58:45] [main/DEBUG] (cpw.mods.modlauncher.LaunchPluginHandler) Final flags state for net.minecraft.world.entity.LightningBolt is 0
[21:58:45] [main/DEBUG] (cpw.mods.modlauncher.LaunchPluginHandler) LauncherPluginService unprotect offering transform net.minecraft.world.entity.LightningBolt
[21:58:45] [main/DEBUG] (cpw.mods.modlauncher.LaunchPluginHandler) LauncherPluginService unprotect transformed net.minecraft.world.entity.LightningBolt with class compute flags 2
[21:58:45] [main/DEBUG] (cpw.mods.modlauncher.LaunchPluginHandler) LauncherPluginService runtimedistcleaner offering transform net.minecraft.world.entity.LightningBolt
[21:58:45] [main/DEBUG] (cpw.mods.modlauncher.LaunchPluginHandler) Final flags state for net.minecraft.world.entity.LightningBolt is 2
[21:58:45] [main/DEBUG] (mixin) Preparing ftblibrary-common.mixins.json (4)
[21:58:45] [main/DEBUG] (cpw.mods.modlauncher.LaunchPluginHandler) LaunchPluginService {AFTER=[net.neoforged.fml.common.asm.RuntimeDistCleaner@474c8d42]}
[21:58:45] [main/DEBUG] (cpw.mods.modlauncher.LaunchPluginHandler) Final flags state for dev.ftb.mods.ftblibrary.core.mixin.common.CompoundContainerMixin is 0
[21:58:45] [main/DEBUG] (cpw.mods.modlauncher.LaunchPluginHandler) LauncherPluginService runtimedistcleaner offering transform dev.ftb.mods.ftblibrary.core.mixin.common.CompoundContainerMixin
[21:58:45] [main/DEBUG] (cpw.mods.modlauncher.LaunchPluginHandler) Final flags state for dev.ftb.mods.ftblibrary.core.mixin.common.CompoundContainerMixin is 0
[21:58:45] [main/DEBUG] (cpw.mods.modlauncher.LaunchPluginHandler) LaunchPluginService {AFTER=[net.neoforged.fml.common.asm.RuntimeDistCleaner@474c8d42]}
[21:58:45] [main/DEBUG] (cpw.mods.modlauncher.LaunchPluginHandler) Final flags state for dev.ftb.mods.ftblibrary.core.mixin.common.ItemMixin is 0
[21:58:45] [main/DEBUG] (cpw.mods.modlauncher.LaunchPluginHandler) LauncherPluginService runtimedistcleaner offering transform dev.ftb.mods.ftblibrary.core.mixin.common.ItemMixin
[21:58:45] [main/DEBUG] (cpw.mods.modlauncher.LaunchPluginHandler) Final flags state for dev.ftb.mods.ftblibrary.core.mixin.common.ItemMixin is 0
[21:58:45] [main/DEBUG] (cpw.mods.modlauncher.LaunchPluginHandler) LaunchPluginService {AFTER=[net.neoforged.fml.common.asm.RuntimeDistCleaner@474c8d42]}
[21:58:45] [main/DEBUG] (cpw.mods.modlauncher.LaunchPluginHandler) Final flags state for dev.ftb.mods.ftblibrary.core.mixin.common.ResourceLocationMixin is 0
[21:58:45] [main/DEBUG] (cpw.mods.modlauncher.LaunchPluginHandler) LauncherPluginService runtimedistcleaner offering transform dev.ftb.mods.ftblibrary.core.mixin.common.ResourceLocationMixin
[21:58:45] [main/DEBUG] (cpw.mods.modlauncher.LaunchPluginHandler) Final flags state for dev.ftb.mods.ftblibrary.core.mixin.common.ResourceLocationMixin is 0
[21:58:45] [main/DEBUG] (cpw.mods.modlauncher.LaunchPluginHandler) LaunchPluginService {AFTER=[juuxel.unprotect.UnprotectLaunchPlugin@6bd01b0e, net.neoforged.fml.common.asm.RuntimeDistCleaner@474c8d42]}
[21:58:45] [main/DEBUG] (cpw.mods.modlauncher.LaunchPluginHandler) Final flags state for net.minecraft.world.CompoundContainer is 0
[21:58:45] [main/DEBUG] (cpw.mods.modlauncher.LaunchPluginHandler) LauncherPluginService unprotect offering transform net.minecraft.world.CompoundContainer
[21:58:45] [main/DEBUG] (cpw.mods.modlauncher.LaunchPluginHandler) LauncherPluginService runtimedistcleaner offering transform net.minecraft.world.CompoundContainer
[21:58:45] [main/DEBUG] (cpw.mods.modlauncher.LaunchPluginHandler) Final flags state for net.minecraft.world.CompoundContainer is 0
[21:58:45] [main/DEBUG] (cpw.mods.modlauncher.LaunchPluginHandler) LaunchPluginService {BEFORE=[net.neoforged.accesstransformer.ml.AccessTransformerService@23038621], AFTER=[juuxel.unprotect.UnprotectLaunchPlugin@6bd01b0e, net.neoforged.fml.common.asm.RuntimeDistCleaner@474c8d42]}
[21:58:45] [main/DEBUG] (cpw.mods.modlauncher.LaunchPluginHandler) LauncherPluginService accesstransformer offering transform net.minecraft.resources.ResourceLocation
[21:58:45] [main/DEBUG] (net.neoforged.accesstransformer.AccessTransformer) Transforming net.minecraft.resources.ResourceLocation METHOD validNamespaceChar(C)Z to access PUBLIC and LEAVE
[21:58:45] [main/DEBUG] (cpw.mods.modlauncher.LaunchPluginHandler) LauncherPluginService accesstransformer transformed net.minecraft.resources.ResourceLocation with class compute flags 256
[21:58:45] [main/DEBUG] (cpw.mods.modlauncher.LaunchPluginHandler) Final flags state for net.minecraft.resources.ResourceLocation is 256
[21:58:45] [main/DEBUG] (cpw.mods.modlauncher.LaunchPluginHandler) LauncherPluginService unprotect offering transform net.minecraft.resources.ResourceLocation
[21:58:45] [main/DEBUG] (cpw.mods.modlauncher.LaunchPluginHandler) LauncherPluginService unprotect transformed net.minecraft.resources.ResourceLocation with class compute flags 2
[21:58:45] [main/DEBUG] (cpw.mods.modlauncher.LaunchPluginHandler) LauncherPluginService runtimedistcleaner offering transform net.minecraft.resources.ResourceLocation
[21:58:45] [main/DEBUG] (cpw.mods.modlauncher.LaunchPluginHandler) Final flags state for net.minecraft.resources.ResourceLocation is 2
[21:58:45] [main/DEBUG] (cpw.mods.modlauncher.LaunchPluginHandler) LaunchPluginService {AFTER=[net.neoforged.fml.common.asm.RuntimeDistCleaner@474c8d42]}
[21:58:45] [main/DEBUG] (cpw.mods.modlauncher.LaunchPluginHandler) Final flags state for dev.ftb.mods.ftblibrary.core.mixin.common.MultilineTextFieldAccess is 0
[21:58:45] [main/DEBUG] (cpw.mods.modlauncher.LaunchPluginHandler) LauncherPluginService runtimedistcleaner offering transform dev.ftb.mods.ftblibrary.core.mixin.common.MultilineTextFieldAccess
[21:58:45] [main/DEBUG] (cpw.mods.modlauncher.LaunchPluginHandler) Final flags state for dev.ftb.mods.ftblibrary.core.mixin.common.MultilineTextFieldAccess is 0
[21:58:45] [main/DEBUG] (cpw.mods.modlauncher.LaunchPluginHandler) LaunchPluginService {BEFORE=[net.neoforged.accesstransformer.ml.AccessTransformerService@23038621], AFTER=[juuxel.unprotect.UnprotectLaunchPlugin@6bd01b0e, net.neoforged.fml.common.asm.RuntimeDistCleaner@474c8d42]}
[21:58:45] [main/DEBUG] (cpw.mods.modlauncher.LaunchPluginHandler) LauncherPluginService accesstransformer offering transform net.minecraft.client.gui.components.MultilineTextField
[21:58:45] [main/DEBUG] (net.neoforged.accesstransformer.AccessTransformer) Transforming net.minecraft.client.gui.components.MultilineTextField INNERCLASS StringView to access PUBLIC and LEAVE
[21:58:45] [main/DEBUG] (cpw.mods.modlauncher.LaunchPluginHandler) LauncherPluginService accesstransformer transformed net.minecraft.client.gui.components.MultilineTextField with class compute flags 256
[21:58:45] [main/DEBUG] (cpw.mods.modlauncher.LaunchPluginHandler) Final flags state for net.minecraft.client.gui.components.MultilineTextField is 256
[21:58:45] [main/DEBUG] (cpw.mods.modlauncher.LaunchPluginHandler) LauncherPluginService unprotect offering transform net.minecraft.client.gui.components.MultilineTextField
[21:58:45] [main/DEBUG] (cpw.mods.modlauncher.LaunchPluginHandler) LauncherPluginService unprotect transformed net.minecraft.client.gui.components.MultilineTextField with class compute flags 2
[21:58:45] [main/DEBUG] (cpw.mods.modlauncher.LaunchPluginHandler) LauncherPluginService runtimedistcleaner offering transform net.minecraft.client.gui.components.MultilineTextField
[21:58:45] [main/DEBUG] (net.neoforged.fml.common.asm.RuntimeDistCleaner) Removing Class Annotation: net/minecraft/client/gui/components/MultilineTextField @Lnet/neoforged/api/distmarker/OnlyIn;
[21:58:45] [main/DEBUG] (cpw.mods.modlauncher.LaunchPluginHandler) LauncherPluginService runtimedistcleaner transformed net.minecraft.client.gui.components.MultilineTextField with class compute flags 256
[21:58:45] [main/DEBUG] (cpw.mods.modlauncher.LaunchPluginHandler) Final flags state for net.minecraft.client.gui.components.MultilineTextField is 258
[21:58:45] [main/DEBUG] (mixin) Preparing ftbchunks-common.mixins.json (8)
[21:58:45] [main/DEBUG] (cpw.mods.modlauncher.LaunchPluginHandler) LaunchPluginService {AFTER=[net.neoforged.fml.common.asm.RuntimeDistCleaner@474c8d42]}
[21:58:45] [main/DEBUG] (cpw.mods.modlauncher.LaunchPluginHandler) Final flags state for dev.ftb.mods.ftbchunks.core.mixin.ArmorStandMixin is 0
[21:58:45] [main/DEBUG] (cpw.mods.modlauncher.LaunchPluginHandler) LauncherPluginService runtimedistcleaner offering transform dev.ftb.mods.ftbchunks.core.mixin.ArmorStandMixin
[21:58:45] [main/DEBUG] (cpw.mods.modlauncher.LaunchPluginHandler) Final flags state for dev.ftb.mods.ftbchunks.core.mixin.ArmorStandMixin is 0
[21:58:45] [main/DEBUG] (cpw.mods.modlauncher.LaunchPluginHandler) LaunchPluginService {AFTER=[net.neoforged.fml.common.asm.RuntimeDistCleaner@474c8d42]}
[21:58:45] [main/DEBUG] (cpw.mods.modlauncher.LaunchPluginHandler) Final flags state for dev.ftb.mods.ftbchunks.core.mixin.BiomeMixin is 0
[21:58:45] [main/DEBUG] (cpw.mods.modlauncher.LaunchPluginHandler) LauncherPluginService runtimedistcleaner offering transform dev.ftb.mods.ftbchunks.core.mixin.BiomeMixin
[21:58:45] [main/DEBUG] (cpw.mods.modlauncher.LaunchPluginHandler) Final flags state for dev.ftb.mods.ftbchunks.core.mixin.BiomeMixin is 0
[21:58:45] [main/DEBUG] (cpw.mods.modlauncher.LaunchPluginHandler) LaunchPluginService {AFTER=[net.neoforged.fml.common.asm.RuntimeDistCleaner@474c8d42]}
[21:58:45] [main/DEBUG] (cpw.mods.modlauncher.LaunchPluginHandler) Final flags state for dev.ftb.mods.ftbchunks.core.mixin.BlockStateMixin is 0
[21:58:45] [main/DEBUG] (cpw.mods.modlauncher.LaunchPluginHandler) LauncherPluginService runtimedistcleaner offering transform dev.ftb.mods.ftbchunks.core.mixin.BlockStateMixin
[21:58:45] [main/DEBUG] (cpw.mods.modlauncher.LaunchPluginHandler) Final flags state for dev.ftb.mods.ftbchunks.core.mixin.BlockStateMixin is 0
[21:58:45] [main/DEBUG] (cpw.mods.modlauncher.LaunchPluginHandler) LaunchPluginService {AFTER=[net.neoforged.fml.common.asm.RuntimeDistCleaner@474c8d42]}
[21:58:45] [main/DEBUG] (cpw.mods.modlauncher.LaunchPluginHandler) Final flags state for dev.ftb.mods.ftbchunks.core.mixin.ChunkMapMixin is 0
[21:58:45] [main/DEBUG] (cpw.mods.modlauncher.LaunchPluginHandler) LauncherPluginService runtimedistcleaner offering transform dev.ftb.mods.ftbchunks.core.mixin.ChunkMapMixin
[21:58:45] [main/DEBUG] (cpw.mods.modlauncher.LaunchPluginHandler) Final flags state for dev.ftb.mods.ftbchunks.core.mixin.ChunkMapMixin is 0
[21:58:45] [main/DEBUG] (cpw.mods.modlauncher.LaunchPluginHandler) LaunchPluginService {AFTER=[net.neoforged.fml.common.asm.RuntimeDistCleaner@474c8d42]}
[21:58:45] [main/DEBUG] (cpw.mods.modlauncher.LaunchPluginHandler) Final flags state for dev.ftb.mods.ftbchunks.core.mixin.PistonBaseBlockMixin is 0
[21:58:45] [main/DEBUG] (cpw.mods.modlauncher.LaunchPluginHandler) LauncherPluginService runtimedistcleaner offering transform dev.ftb.mods.ftbchunks.core.mixin.PistonBaseBlockMixin
[21:58:45] [main/DEBUG] (cpw.mods.modlauncher.LaunchPluginHandler) Final flags state for dev.ftb.mods.ftbchunks.core.mixin.PistonBaseBlockMixin is 0
[21:58:45] [main/DEBUG] (cpw.mods.modlauncher.LaunchPluginHandler) LaunchPluginService {AFTER=[juuxel.unprotect.UnprotectLaunchPlugin@6bd01b0e, net.neoforged.fml.common.asm.RuntimeDistCleaner@474c8d42]}
[21:58:45] [main/DEBUG] (cpw.mods.modlauncher.LaunchPluginHandler) Final flags state for net.minecraft.world.entity.decoration.ArmorStand is 0
[21:58:45] [main/DEBUG] (cpw.mods.modlauncher.LaunchPluginHandler) LauncherPluginService unprotect offering transform net.minecraft.world.entity.decoration.ArmorStand
[21:58:45] [main/DEBUG] (cpw.mods.modlauncher.LaunchPluginHandler) LauncherPluginService unprotect transformed net.minecraft.world.entity.decoration.ArmorStand with class compute flags 2
[21:58:45] [main/DEBUG] (cpw.mods.modlauncher.LaunchPluginHandler) LauncherPluginService runtimedistcleaner offering transform net.minecraft.world.entity.decoration.ArmorStand
[21:58:45] [main/DEBUG] (cpw.mods.modlauncher.LaunchPluginHandler) Final flags state for net.minecraft.world.entity.decoration.ArmorStand is 2
[21:58:45] [main/DEBUG] (cpw.mods.modlauncher.LaunchPluginHandler) LaunchPluginService {BEFORE=[net.neoforged.accesstransformer.ml.AccessTransformerService@23038621], AFTER=[juuxel.unprotect.UnprotectLaunchPlugin@6bd01b0e, net.neoforged.fml.common.asm.RuntimeDistCleaner@474c8d42]}
[21:58:45] [main/DEBUG] (cpw.mods.modlauncher.LaunchPluginHandler) LauncherPluginService accesstransformer offering transform net.minecraft.world.level.biome.Biome
[21:58:45] [main/DEBUG] (net.neoforged.accesstransformer.AccessTransformer) Transforming net.minecraft.world.level.biome.Biome INNERCLASS ClimateSettings to access PUBLIC and LEAVE
[21:58:45] [main/DEBUG] (cpw.mods.modlauncher.LaunchPluginHandler) LauncherPluginService accesstransformer transformed net.minecraft.world.level.biome.Biome with class compute flags 256
[21:58:45] [main/DEBUG] (cpw.mods.modlauncher.LaunchPluginHandler) Final flags state for net.minecraft.world.level.biome.Biome is 256
[21:58:45] [main/DEBUG] (cpw.mods.modlauncher.LaunchPluginHandler) LauncherPluginService unprotect offering transform net.minecraft.world.level.biome.Biome
[21:58:45] [main/DEBUG] (cpw.mods.modlauncher.LaunchPluginHandler) LauncherPluginService unprotect transformed net.minecraft.world.level.biome.Biome with class compute flags 2
[21:58:45] [main/DEBUG] (cpw.mods.modlauncher.LaunchPluginHandler) LauncherPluginService runtimedistcleaner offering transform net.minecraft.world.level.biome.Biome
[21:58:45] [main/DEBUG] (cpw.mods.modlauncher.LaunchPluginHandler) Final flags state for net.minecraft.world.level.biome.Biome is 2
[21:58:45] [main/DEBUG] (cpw.mods.modlauncher.LaunchPluginHandler) LaunchPluginService {AFTER=[juuxel.unprotect.UnprotectLaunchPlugin@6bd01b0e, net.neoforged.fml.common.asm.RuntimeDistCleaner@474c8d42]}
[21:58:45] [main/DEBUG] (cpw.mods.modlauncher.LaunchPluginHandler) Final flags state for net.minecraft.world.level.block.state.BlockState is 0
[21:58:45] [main/DEBUG] (cpw.mods.modlauncher.LaunchPluginHandler) LauncherPluginService unprotect offering transform net.minecraft.world.level.block.state.BlockState
[21:58:45] [main/DEBUG] (cpw.mods.modlauncher.LaunchPluginHandler) LauncherPluginService unprotect transformed net.minecraft.world.level.block.state.BlockState with class compute flags 2
[21:58:45] [main/DEBUG] (cpw.mods.modlauncher.LaunchPluginHandler) LauncherPluginService runtimedistcleaner offering transform net.minecraft.world.level.block.state.BlockState
[21:58:45] [main/DEBUG] (cpw.mods.modlauncher.LaunchPluginHandler) Final flags state for net.minecraft.world.level.block.state.BlockState is 2
[21:58:45] [main/DEBUG] (cpw.mods.modlauncher.LaunchPluginHandler) LaunchPluginService {BEFORE=[net.neoforged.accesstransformer.ml.AccessTransformerService@23038621], AFTER=[juuxel.unprotect.UnprotectLaunchPlugin@6bd01b0e, net.neoforged.fml.common.asm.RuntimeDistCleaner@474c8d42]}
[21:58:45] [main/DEBUG] (cpw.mods.modlauncher.LaunchPluginHandler) LauncherPluginService accesstransformer offering transform net.minecraft.server.level.ChunkMap
[21:58:45] [main/DEBUG] (net.neoforged.accesstransformer.AccessTransformer) Transforming net.minecraft.server.level.ChunkMap FIELD updatingChunkMap to access PUBLIC and LEAVE
[21:58:45] [main/DEBUG] (net.neoforged.accesstransformer.AccessTransformer) Transforming net.minecraft.server.level.ChunkMap FIELD visibleChunkMap to access PUBLIC and LEAVE
[21:58:45] [main/DEBUG] (net.neoforged.accesstransformer.AccessTransformer) Transforming net.minecraft.server.level.ChunkMap FIELD entityMap to access PUBLIC and LEAVE
[21:58:45] [main/DEBUG] (net.neoforged.accesstransformer.AccessTransformer) Transforming net.minecraft.server.level.ChunkMap METHOD getVisibleChunkIfPresent(J)Lnet/minecraft/server/level/ChunkHolder; to access PUBLIC and LEAVE
[21:58:45] [main/DEBUG] (cpw.mods.modlauncher.LaunchPluginHandler) LauncherPluginService accesstransformer transformed net.minecraft.server.level.ChunkMap with class compute flags 256
[21:58:45] [main/DEBUG] (cpw.mods.modlauncher.LaunchPluginHandler) Final flags state for net.minecraft.server.level.ChunkMap is 256
[21:58:45] [main/DEBUG] (cpw.mods.modlauncher.LaunchPluginHandler) LauncherPluginService unprotect offering transform net.minecraft.server.level.ChunkMap
[21:58:45] [main/DEBUG] (cpw.mods.modlauncher.LaunchPluginHandler) LauncherPluginService unprotect transformed net.minecraft.server.level.ChunkMap with class compute flags 2
[21:58:45] [main/DEBUG] (cpw.mods.modlauncher.LaunchPluginHandler) LauncherPluginService runtimedistcleaner offering transform net.minecraft.server.level.ChunkMap
[21:58:45] [main/DEBUG] (cpw.mods.modlauncher.LaunchPluginHandler) Final flags state for net.minecraft.server.level.ChunkMap is 2
[21:58:45] [main/DEBUG] (cpw.mods.modlauncher.LaunchPluginHandler) LaunchPluginService {AFTER=[org.spongepowered.asm.launch.MixinLaunchPlugin@681f5a1e, juuxel.unprotect.UnprotectLaunchPlugin@6bd01b0e, net.neoforged.fml.common.asm.RuntimeDistCleaner@474c8d42]}
[21:58:45] [main/DEBUG] (cpw.mods.modlauncher.LaunchPluginHandler) Final flags state for net.minecraft.world.level.chunk.storage.ChunkStorage is 0
[21:58:45] [main/DEBUG] (cpw.mods.modlauncher.LaunchPluginHandler) LauncherPluginService mixin offering transform net.minecraft.world.level.chunk.storage.ChunkStorage
[21:58:45] [main/DEBUG] (cpw.mods.modlauncher.LaunchPluginHandler) LauncherPluginService unprotect offering transform net.minecraft.world.level.chunk.storage.ChunkStorage
[21:58:45] [main/DEBUG] (cpw.mods.modlauncher.LaunchPluginHandler) LauncherPluginService unprotect transformed net.minecraft.world.level.chunk.storage.ChunkStorage with class compute flags 2
[21:58:45] [main/DEBUG] (cpw.mods.modlauncher.LaunchPluginHandler) LauncherPluginService runtimedistcleaner offering transform net.minecraft.world.level.chunk.storage.ChunkStorage
[21:58:45] [main/DEBUG] (cpw.mods.modlauncher.LaunchPluginHandler) Final flags state for net.minecraft.world.level.chunk.storage.ChunkStorage is 2
[21:58:45] [main/DEBUG] (cpw.mods.modlauncher.LaunchPluginHandler) LaunchPluginService {AFTER=[org.spongepowered.asm.launch.MixinLaunchPlugin@681f5a1e, juuxel.unprotect.UnprotectLaunchPlugin@6bd01b0e, net.neoforged.fml.common.asm.RuntimeDistCleaner@474c8d42]}
[21:58:45] [main/DEBUG] (cpw.mods.modlauncher.LaunchPluginHandler) Final flags state for net.minecraft.server.level.ChunkHolder$PlayerProvider is 0
[21:58:45] [main/DEBUG] (cpw.mods.modlauncher.LaunchPluginHandler) LauncherPluginService mixin offering transform net.minecraft.server.level.ChunkHolder$PlayerProvider
[21:58:45] [main/DEBUG] (cpw.mods.modlauncher.LaunchPluginHandler) LauncherPluginService unprotect offering transform net.minecraft.server.level.ChunkHolder$PlayerProvider
[21:58:45] [main/DEBUG] (cpw.mods.modlauncher.LaunchPluginHandler) LauncherPluginService runtimedistcleaner offering transform net.minecraft.server.level.ChunkHolder$PlayerProvider
[21:58:45] [main/DEBUG] (cpw.mods.modlauncher.LaunchPluginHandler) Final flags state for net.minecraft.server.level.ChunkHolder$PlayerProvider is 0
[21:58:45] [main/DEBUG] (cpw.mods.modlauncher.LaunchPluginHandler) LaunchPluginService {AFTER=[org.spongepowered.asm.launch.MixinLaunchPlugin@681f5a1e, juuxel.unprotect.UnprotectLaunchPlugin@6bd01b0e, net.neoforged.fml.common.asm.RuntimeDistCleaner@474c8d42]}
[21:58:45] [main/DEBUG] (cpw.mods.modlauncher.LaunchPluginHandler) Final flags state for net.minecraft.server.level.GeneratingChunkMap is 0
[21:58:45] [main/DEBUG] (cpw.mods.modlauncher.LaunchPluginHandler) LauncherPluginService mixin offering transform net.minecraft.server.level.GeneratingChunkMap
[21:58:45] [main/DEBUG] (cpw.mods.modlauncher.LaunchPluginHandler) LauncherPluginService unprotect offering transform net.minecraft.server.level.GeneratingChunkMap
[21:58:45] [main/DEBUG] (cpw.mods.modlauncher.LaunchPluginHandler) LauncherPluginService runtimedistcleaner offering transform net.minecraft.server.level.GeneratingChunkMap
[21:58:45] [main/DEBUG] (cpw.mods.modlauncher.LaunchPluginHandler) Final flags state for net.minecraft.server.level.GeneratingChunkMap is 0
[21:58:45] [main/DEBUG] (cpw.mods.modlauncher.LaunchPluginHandler) LaunchPluginService {BEFORE=[net.neoforged.accesstransformer.ml.AccessTransformerService@23038621], AFTER=[org.spongepowered.asm.launch.MixinLaunchPlugin@681f5a1e, juuxel.unprotect.UnprotectLaunchPlugin@6bd01b0e, net.neoforged.fml.common.asm.RuntimeDistCleaner@474c8d42]}
[21:58:45] [main/DEBUG] (cpw.mods.modlauncher.LaunchPluginHandler) LauncherPluginService accesstransformer offering transform net.minecraft.server.level.ServerLevel
[21:58:45] [main/DEBUG] (net.neoforged.accesstransformer.AccessTransformer) Transforming net.minecraft.server.level.ServerLevel METHOD getEntities()Lnet/minecraft/world/level/entity/LevelEntityGetter; to access PUBLIC and LEAVE
[21:58:45] [main/DEBUG] (cpw.mods.modlauncher.LaunchPluginHandler) LauncherPluginService accesstransformer transformed net.minecraft.server.level.ServerLevel with class compute flags 256
[21:58:45] [main/DEBUG] (cpw.mods.modlauncher.LaunchPluginHandler) Final flags state for net.minecraft.server.level.ServerLevel is 256
[21:58:45] [main/DEBUG] (cpw.mods.modlauncher.LaunchPluginHandler) LauncherPluginService mixin offering transform net.minecraft.server.level.ServerLevel
[21:58:45] [main/DEBUG] (cpw.mods.modlauncher.LaunchPluginHandler) LauncherPluginService unprotect offering transform net.minecraft.server.level.ServerLevel
[21:58:45] [main/DEBUG] (cpw.mods.modlauncher.LaunchPluginHandler) LauncherPluginService unprotect transformed net.minecraft.server.level.ServerLevel with class compute flags 2
[21:58:45] [main/DEBUG] (cpw.mods.modlauncher.LaunchPluginHandler) LauncherPluginService runtimedistcleaner offering transform net.minecraft.server.level.ServerLevel
[21:58:45] [main/DEBUG] (cpw.mods.modlauncher.LaunchPluginHandler) Final flags state for net.minecraft.server.level.ServerLevel is 2
[21:58:45] [main/DEBUG] (cpw.mods.modlauncher.LaunchPluginHandler) LaunchPluginService {AFTER=[org.spongepowered.asm.launch.MixinLaunchPlugin@681f5a1e, juuxel.unprotect.UnprotectLaunchPlugin@6bd01b0e, net.neoforged.fml.common.asm.RuntimeDistCleaner@474c8d42]}
[21:58:45] [main/DEBUG] (cpw.mods.modlauncher.LaunchPluginHandler) Final flags state for net.minecraft.world.level.WorldGenLevel is 0
[21:58:45] [main/DEBUG] (cpw.mods.modlauncher.LaunchPluginHandler) LauncherPluginService mixin offering transform net.minecraft.world.level.WorldGenLevel
[21:58:45] [main/DEBUG] (cpw.mods.modlauncher.LaunchPluginHandler) LauncherPluginService unprotect offering transform net.minecraft.world.level.WorldGenLevel
[21:58:45] [main/DEBUG] (cpw.mods.modlauncher.LaunchPluginHandler) LauncherPluginService runtimedistcleaner offering transform net.minecraft.world.level.WorldGenLevel
[21:58:45] [main/DEBUG] (cpw.mods.modlauncher.LaunchPluginHandler) Final flags state for net.minecraft.world.level.WorldGenLevel is 0
[21:58:45] [main/DEBUG] (cpw.mods.modlauncher.LaunchPluginHandler) LaunchPluginService {AFTER=[org.spongepowered.asm.launch.MixinLaunchPlugin@681f5a1e, juuxel.unprotect.UnprotectLaunchPlugin@6bd01b0e, net.neoforged.fml.common.asm.RuntimeDistCleaner@474c8d42]}
[21:58:45] [main/DEBUG] (cpw.mods.modlauncher.LaunchPluginHandler) Final flags state for net.minecraft.world.level.ServerLevelAccessor is 0
[21:58:45] [main/DEBUG] (cpw.mods.modlauncher.LaunchPluginHandler) LauncherPluginService mixin offering transform net.minecraft.world.level.ServerLevelAccessor
[21:58:45] [main/DEBUG] (cpw.mods.modlauncher.LaunchPluginHandler) LauncherPluginService unprotect offering transform net.minecraft.world.level.ServerLevelAccessor
[21:58:45] [main/DEBUG] (cpw.mods.modlauncher.LaunchPluginHandler) LauncherPluginService runtimedistcleaner offering transform net.minecraft.world.level.ServerLevelAccessor
[21:58:45] [main/DEBUG] (cpw.mods.modlauncher.LaunchPluginHandler) Final flags state for net.minecraft.world.level.ServerLevelAccessor is 0
[21:58:45] [main/DEBUG] (cpw.mods.modlauncher.LaunchPluginHandler) LaunchPluginService {AFTER=[juuxel.unprotect.UnprotectLaunchPlugin@6bd01b0e, net.neoforged.fml.common.asm.RuntimeDistCleaner@474c8d42]}
[21:58:45] [main/DEBUG] (cpw.mods.modlauncher.LaunchPluginHandler) Final flags state for net.minecraft.world.level.block.piston.PistonBaseBlock is 0
[21:58:45] [main/DEBUG] (cpw.mods.modlauncher.LaunchPluginHandler) LauncherPluginService unprotect offering transform net.minecraft.world.level.block.piston.PistonBaseBlock
[21:58:45] [main/DEBUG] (cpw.mods.modlauncher.LaunchPluginHandler) LauncherPluginService unprotect transformed net.minecraft.world.level.block.piston.PistonBaseBlock with class compute flags 2
[21:58:45] [main/DEBUG] (cpw.mods.modlauncher.LaunchPluginHandler) LauncherPluginService runtimedistcleaner offering transform net.minecraft.world.level.block.piston.PistonBaseBlock
[21:58:45] [main/DEBUG] (cpw.mods.modlauncher.LaunchPluginHandler) Final flags state for net.minecraft.world.level.block.piston.PistonBaseBlock is 2
[21:58:45] [main/DEBUG] (cpw.mods.modlauncher.LaunchPluginHandler) LaunchPluginService {AFTER=[net.neoforged.fml.common.asm.RuntimeDistCleaner@474c8d42]}
[21:58:45] [main/DEBUG] (cpw.mods.modlauncher.LaunchPluginHandler) Final flags state for dev.ftb.mods.ftbchunks.core.mixin.ClientPacketListenerMixin is 0
[21:58:45] [main/DEBUG] (cpw.mods.modlauncher.LaunchPluginHandler) LauncherPluginService runtimedistcleaner offering transform dev.ftb.mods.ftbchunks.core.mixin.ClientPacketListenerMixin
[21:58:45] [main/DEBUG] (cpw.mods.modlauncher.LaunchPluginHandler) Final flags state for dev.ftb.mods.ftbchunks.core.mixin.ClientPacketListenerMixin is 0
[21:58:45] [main/DEBUG] (cpw.mods.modlauncher.LaunchPluginHandler) LaunchPluginService {AFTER=[net.neoforged.fml.common.asm.RuntimeDistCleaner@474c8d42]}
[21:58:45] [main/DEBUG] (cpw.mods.modlauncher.LaunchPluginHandler) Final flags state for dev.ftb.mods.ftbchunks.core.mixin.GuiMixin is 0
[21:58:45] [main/DEBUG] (cpw.mods.modlauncher.LaunchPluginHandler) LauncherPluginService runtimedistcleaner offering transform dev.ftb.mods.ftbchunks.core.mixin.GuiMixin
[21:58:45] [main/DEBUG] (cpw.mods.modlauncher.LaunchPluginHandler) Final flags state for dev.ftb.mods.ftbchunks.core.mixin.GuiMixin is 0
[21:58:45] [main/DEBUG] (cpw.mods.modlauncher.LaunchPluginHandler) LaunchPluginService {AFTER=[net.neoforged.fml.common.asm.RuntimeDistCleaner@474c8d42]}
[21:58:45] [main/DEBUG] (cpw.mods.modlauncher.LaunchPluginHandler) Final flags state for dev.ftb.mods.ftbchunks.core.mixin.UtilMixin is 0
[21:58:45] [main/DEBUG] (cpw.mods.modlauncher.LaunchPluginHandler) LauncherPluginService runtimedistcleaner offering transform dev.ftb.mods.ftbchunks.core.mixin.UtilMixin
[21:58:45] [main/DEBUG] (cpw.mods.modlauncher.LaunchPluginHandler) Final flags state for dev.ftb.mods.ftbchunks.core.mixin.UtilMixin is 0
[21:58:45] [main/DEBUG] (cpw.mods.modlauncher.LaunchPluginHandler) LaunchPluginService {BEFORE=[net.neoforged.accesstransformer.ml.AccessTransformerService@23038621], AFTER=[juuxel.unprotect.UnprotectLaunchPlugin@6bd01b0e, net.neoforged.fml.common.asm.RuntimeDistCleaner@474c8d42]}
[21:58:45] [main/DEBUG] (cpw.mods.modlauncher.LaunchPluginHandler) LauncherPluginService accesstransformer offering transform net.minecraft.client.gui.Gui
[21:58:45] [main/DEBUG] (net.neoforged.accesstransformer.AccessTransformer) Transforming net.minecraft.client.gui.Gui INNERCLASS HeartType to access PUBLIC and LEAVE
[21:58:45] [main/DEBUG] (net.neoforged.accesstransformer.AccessTransformer) Transforming net.minecraft.client.gui.Gui FIELD SPYGLASS_SCOPE_LOCATION to access PUBLIC and LEAVE
[21:58:45] [main/DEBUG] (cpw.mods.modlauncher.LaunchPluginHandler) LauncherPluginService accesstransformer transformed net.minecraft.client.gui.Gui with class compute flags 256
[21:58:45] [main/DEBUG] (cpw.mods.modlauncher.LaunchPluginHandler) Final flags state for net.minecraft.client.gui.Gui is 256
[21:58:45] [main/DEBUG] (cpw.mods.modlauncher.LaunchPluginHandler) LauncherPluginService unprotect offering transform net.minecraft.client.gui.Gui
[21:58:45] [main/DEBUG] (cpw.mods.modlauncher.LaunchPluginHandler) LauncherPluginService unprotect transformed net.minecraft.client.gui.Gui with class compute flags 2
[21:58:45] [main/DEBUG] (cpw.mods.modlauncher.LaunchPluginHandler) LauncherPluginService runtimedistcleaner offering transform net.minecraft.client.gui.Gui
[21:58:45] [main/DEBUG] (net.neoforged.fml.common.asm.RuntimeDistCleaner) Removing Class Annotation: net/minecraft/client/gui/Gui @Lnet/neoforged/api/distmarker/OnlyIn;
[21:58:45] [main/DEBUG] (cpw.mods.modlauncher.LaunchPluginHandler) LauncherPluginService runtimedistcleaner transformed net.minecraft.client.gui.Gui with class compute flags 256
[21:58:45] [main/DEBUG] (cpw.mods.modlauncher.LaunchPluginHandler) Final flags state for net.minecraft.client.gui.Gui is 258
[21:58:45] [main/DEBUG] (cpw.mods.modlauncher.LaunchPluginHandler) LaunchPluginService {AFTER=[juuxel.unprotect.UnprotectLaunchPlugin@6bd01b0e, net.neoforged.fml.common.asm.RuntimeDistCleaner@474c8d42]}
[21:58:45] [main/DEBUG] (cpw.mods.modlauncher.LaunchPluginHandler) Final flags state for net.minecraft.Util is 0
[21:58:45] [main/DEBUG] (cpw.mods.modlauncher.LaunchPluginHandler) LauncherPluginService unprotect offering transform net.minecraft.Util
[21:58:45] [main/DEBUG] (cpw.mods.modlauncher.LaunchPluginHandler) LauncherPluginService unprotect transformed net.minecraft.Util with class compute flags 2
[21:58:45] [main/DEBUG] (cpw.mods.modlauncher.LaunchPluginHandler) LauncherPluginService runtimedistcleaner offering transform net.minecraft.Util
[21:58:45] [main/DEBUG] (cpw.mods.modlauncher.LaunchPluginHandler) Final flags state for net.minecraft.Util is 2
[21:58:45] [main/DEBUG] (cpw.mods.modlauncher.LaunchPluginHandler) LaunchPluginService {AFTER=[org.spongepowered.asm.launch.MixinLaunchPlugin@681f5a1e, net.neoforged.fml.common.asm.RuntimeDistCleaner@474c8d42]}
[21:58:45] [main/DEBUG] (cpw.mods.modlauncher.LaunchPluginHandler) Final flags state for java.util.concurrent.ForkJoinPool is 0
[21:58:45] [main/DEBUG] (cpw.mods.modlauncher.LaunchPluginHandler) LauncherPluginService mixin offering transform java.util.concurrent.ForkJoinPool
[21:58:45] [main/DEBUG] (cpw.mods.modlauncher.LaunchPluginHandler) LauncherPluginService runtimedistcleaner offering transform java.util.concurrent.ForkJoinPool
[21:58:45] [main/DEBUG] (cpw.mods.modlauncher.LaunchPluginHandler) Final flags state for java.util.concurrent.ForkJoinPool is 0
[21:58:45] [main/DEBUG] (cpw.mods.modlauncher.LaunchPluginHandler) LaunchPluginService {AFTER=[org.spongepowered.asm.launch.MixinLaunchPlugin@681f5a1e, net.neoforged.fml.common.asm.RuntimeDistCleaner@474c8d42]}
[21:58:45] [main/DEBUG] (cpw.mods.modlauncher.LaunchPluginHandler) Final flags state for java.util.concurrent.AbstractExecutorService is 0
[21:58:45] [main/DEBUG] (cpw.mods.modlauncher.LaunchPluginHandler) LauncherPluginService mixin offering transform java.util.concurrent.AbstractExecutorService
[21:58:45] [main/DEBUG] (cpw.mods.modlauncher.LaunchPluginHandler) LauncherPluginService runtimedistcleaner offering transform java.util.concurrent.AbstractExecutorService
[21:58:45] [main/DEBUG] (cpw.mods.modlauncher.LaunchPluginHandler) Final flags state for java.util.concurrent.AbstractExecutorService is 0
[21:58:45] [main/DEBUG] (cpw.mods.modlauncher.LaunchPluginHandler) LaunchPluginService {AFTER=[org.spongepowered.asm.launch.MixinLaunchPlugin@681f5a1e, net.neoforged.fml.common.asm.RuntimeDistCleaner@474c8d42]}
[21:58:45] [main/DEBUG] (cpw.mods.modlauncher.LaunchPluginHandler) Final flags state for java.util.concurrent.ExecutorService is 0
[21:58:45] [main/DEBUG] (cpw.mods.modlauncher.LaunchPluginHandler) LauncherPluginService mixin offering transform java.util.concurrent.ExecutorService
[21:58:45] [main/DEBUG] (cpw.mods.modlauncher.LaunchPluginHandler) LauncherPluginService runtimedistcleaner offering transform java.util.concurrent.ExecutorService
[21:58:45] [main/DEBUG] (cpw.mods.modlauncher.LaunchPluginHandler) Final flags state for java.util.concurrent.ExecutorService is 0
[21:58:45] [main/DEBUG] (cpw.mods.modlauncher.LaunchPluginHandler) LaunchPluginService {AFTER=[org.spongepowered.asm.launch.MixinLaunchPlugin@681f5a1e, net.neoforged.fml.common.asm.RuntimeDistCleaner@474c8d42]}
[21:58:45] [main/DEBUG] (cpw.mods.modlauncher.LaunchPluginHandler) Final flags state for com.google.common.util.concurrent.ListeningExecutorService is 0
[21:58:45] [main/DEBUG] (cpw.mods.modlauncher.LaunchPluginHandler) LauncherPluginService mixin offering transform com.google.common.util.concurrent.ListeningExecutorService
[21:58:45] [main/DEBUG] (cpw.mods.modlauncher.LaunchPluginHandler) LauncherPluginService runtimedistcleaner offering transform com.google.common.util.concurrent.ListeningExecutorService
[21:58:45] [main/DEBUG] (cpw.mods.modlauncher.LaunchPluginHandler) Final flags state for com.google.common.util.concurrent.ListeningExecutorService is 0
[21:58:45] [main/DEBUG] (mixin) Preparing ftbxaerocompat.mixins.json (1)
[21:58:45] [main/DEBUG] (cpw.mods.modlauncher.LaunchPluginHandler) LaunchPluginService {AFTER=[net.neoforged.fml.common.asm.RuntimeDistCleaner@474c8d42]}
[21:58:45] [main/DEBUG] (cpw.mods.modlauncher.LaunchPluginHandler) Final flags state for dev.satherov.ftbxaerocompat.mixin.WorldMapSessionMixin is 0
[21:58:45] [main/DEBUG] (cpw.mods.modlauncher.LaunchPluginHandler) LauncherPluginService runtimedistcleaner offering transform dev.satherov.ftbxaerocompat.mixin.WorldMapSessionMixin
[21:58:45] [main/DEBUG] (cpw.mods.modlauncher.LaunchPluginHandler) Final flags state for dev.satherov.ftbxaerocompat.mixin.WorldMapSessionMixin is 0
[21:58:45] [main/DEBUG] (cpw.mods.modlauncher.LaunchPluginHandler) LaunchPluginService {AFTER=[net.neoforged.fml.common.asm.RuntimeDistCleaner@474c8d42]}
[21:58:45] [main/DEBUG] (cpw.mods.modlauncher.LaunchPluginHandler) Final flags state for xaero.map.WorldMapSession is 0
[21:58:45] [main/DEBUG] (cpw.mods.modlauncher.LaunchPluginHandler) LauncherPluginService runtimedistcleaner offering transform xaero.map.WorldMapSession
[21:58:45] [main/DEBUG] (cpw.mods.modlauncher.LaunchPluginHandler) Final flags state for xaero.map.WorldMapSession is 0
[21:58:45] [main/DEBUG] (mixin) Preparing xaeroworldmap.mixins.json (12)
[21:58:45] [main/DEBUG] (cpw.mods.modlauncher.LaunchPluginHandler) LaunchPluginService {AFTER=[net.neoforged.fml.common.asm.RuntimeDistCleaner@474c8d42]}
[21:58:45] [main/DEBUG] (cpw.mods.modlauncher.LaunchPluginHandler) Final flags state for xaero.map.mixin.MixinMinecraftServer is 0
[21:58:45] [main/DEBUG] (cpw.mods.modlauncher.LaunchPluginHandler) LauncherPluginService runtimedistcleaner offering transform xaero.map.mixin.MixinMinecraftServer
[21:58:45] [main/DEBUG] (cpw.mods.modlauncher.LaunchPluginHandler) Final flags state for xaero.map.mixin.MixinMinecraftServer is 0
[21:58:45] [main/DEBUG] (cpw.mods.modlauncher.LaunchPluginHandler) LaunchPluginService {AFTER=[net.neoforged.fml.common.asm.RuntimeDistCleaner@474c8d42]}
[21:58:45] [main/DEBUG] (cpw.mods.modlauncher.LaunchPluginHandler) Final flags state for xaero.map.mixin.MixinPlayerList is 0
[21:58:45] [main/DEBUG] (cpw.mods.modlauncher.LaunchPluginHandler) LauncherPluginService runtimedistcleaner offering transform xaero.map.mixin.MixinPlayerList
[21:58:45] [main/DEBUG] (cpw.mods.modlauncher.LaunchPluginHandler) Final flags state for xaero.map.mixin.MixinPlayerList is 0
[21:58:45] [main/DEBUG] (cpw.mods.modlauncher.LaunchPluginHandler) LaunchPluginService {AFTER=[net.neoforged.fml.common.asm.RuntimeDistCleaner@474c8d42]}
[21:58:45] [main/DEBUG] (cpw.mods.modlauncher.LaunchPluginHandler) Final flags state for xaero.map.mixin.MixinServerPlayer is 0
[21:58:45] [main/DEBUG] (cpw.mods.modlauncher.LaunchPluginHandler) LauncherPluginService runtimedistcleaner offering transform xaero.map.mixin.MixinServerPlayer
[21:58:45] [main/DEBUG] (cpw.mods.modlauncher.LaunchPluginHandler) Final flags state for xaero.map.mixin.MixinServerPlayer is 0
[21:58:45] [main/DEBUG] (cpw.mods.modlauncher.LaunchPluginHandler) LaunchPluginService {AFTER=[net.neoforged.fml.common.asm.RuntimeDistCleaner@474c8d42]}
[21:58:45] [main/DEBUG] (cpw.mods.modlauncher.LaunchPluginHandler) Final flags state for xaero.map.mixin.MixinChatListener is 0
[21:58:45] [main/DEBUG] (cpw.mods.modlauncher.LaunchPluginHandler) LauncherPluginService runtimedistcleaner offering transform xaero.map.mixin.MixinChatListener
[21:58:45] [main/DEBUG] (cpw.mods.modlauncher.LaunchPluginHandler) Final flags state for xaero.map.mixin.MixinChatListener is 0
[21:58:45] [main/DEBUG] (cpw.mods.modlauncher.LaunchPluginHandler) LaunchPluginService {AFTER=[net.neoforged.fml.common.asm.RuntimeDistCleaner@474c8d42]}
[21:58:45] [main/DEBUG] (cpw.mods.modlauncher.LaunchPluginHandler) Final flags state for xaero.map.mixin.MixinChunkDeltaUpdateS2CPacketAccessor is 0
[21:58:45] [main/DEBUG] (cpw.mods.modlauncher.LaunchPluginHandler) LauncherPluginService runtimedistcleaner offering transform xaero.map.mixin.MixinChunkDeltaUpdateS2CPacketAccessor
[21:58:45] [main/DEBUG] (cpw.mods.modlauncher.LaunchPluginHandler) Final flags state for xaero.map.mixin.MixinChunkDeltaUpdateS2CPacketAccessor is 0
[21:58:45] [main/DEBUG] (cpw.mods.modlauncher.LaunchPluginHandler) LaunchPluginService {AFTER=[net.neoforged.fml.common.asm.RuntimeDistCleaner@474c8d42]}
[21:58:45] [main/DEBUG] (cpw.mods.modlauncher.LaunchPluginHandler) Final flags state for xaero.map.mixin.MixinClientPlayNetworkHandler is 0
[21:58:45] [main/DEBUG] (cpw.mods.modlauncher.LaunchPluginHandler) LauncherPluginService runtimedistcleaner offering transform xaero.map.mixin.MixinClientPlayNetworkHandler
[21:58:45] [main/DEBUG] (cpw.mods.modlauncher.LaunchPluginHandler) Final flags state for xaero.map.mixin.MixinClientPlayNetworkHandler is 0
[21:58:45] [main/DEBUG] (cpw.mods.modlauncher.LaunchPluginHandler) LaunchPluginService {AFTER=[net.neoforged.fml.common.asm.RuntimeDistCleaner@474c8d42]}
[21:58:45] [main/DEBUG] (cpw.mods.modlauncher.LaunchPluginHandler) Final flags state for xaero.map.mixin.MixinClientWorld is 0
[21:58:45] [main/DEBUG] (cpw.mods.modlauncher.LaunchPluginHandler) LauncherPluginService runtimedistcleaner offering transform xaero.map.mixin.MixinClientWorld
[21:58:45] [main/DEBUG] (cpw.mods.modlauncher.LaunchPluginHandler) Final flags state for xaero.map.mixin.MixinClientWorld is 0
[21:58:45] [main/DEBUG] (cpw.mods.modlauncher.LaunchPluginHandler) LaunchPluginService {AFTER=[net.neoforged.fml.common.asm.RuntimeDistCleaner@474c8d42]}
[21:58:45] [main/DEBUG] (cpw.mods.modlauncher.LaunchPluginHandler) Final flags state for xaero.map.mixin.MixinCyclingButtonWidget is 0
[21:58:45] [main/DEBUG] (cpw.mods.modlauncher.LaunchPluginHandler) LauncherPluginService runtimedistcleaner offering transform xaero.map.mixin.MixinCyclingButtonWidget
[21:58:45] [main/DEBUG] (cpw.mods.modlauncher.LaunchPluginHandler) Final flags state for xaero.map.mixin.MixinCyclingButtonWidget is 0
[21:58:45] [main/DEBUG] (cpw.mods.modlauncher.LaunchPluginHandler) LaunchPluginService {AFTER=[net.neoforged.fml.common.asm.RuntimeDistCleaner@474c8d42]}
[21:58:45] [main/DEBUG] (cpw.mods.modlauncher.LaunchPluginHandler) Final flags state for xaero.map.mixin.MixinLevelStorageAccess is 0
[21:58:45] [main/DEBUG] (cpw.mods.modlauncher.LaunchPluginHandler) LauncherPluginService runtimedistcleaner offering transform xaero.map.mixin.MixinLevelStorageAccess
[21:58:45] [main/DEBUG] (cpw.mods.modlauncher.LaunchPluginHandler) Final flags state for xaero.map.mixin.MixinLevelStorageAccess is 0
[21:58:45] [main/DEBUG] (cpw.mods.modlauncher.LaunchPluginHandler) LaunchPluginService {AFTER=[net.neoforged.fml.common.asm.RuntimeDistCleaner@474c8d42]}
[21:58:45] [main/DEBUG] (cpw.mods.modlauncher.LaunchPluginHandler) Final flags state for xaero.map.mixin.MixinMinecraftClient is 0
[21:58:45] [main/DEBUG] (cpw.mods.modlauncher.LaunchPluginHandler) LauncherPluginService runtimedistcleaner offering transform xaero.map.mixin.MixinMinecraftClient
[21:58:45] [main/DEBUG] (cpw.mods.modlauncher.LaunchPluginHandler) Final flags state for xaero.map.mixin.MixinMinecraftClient is 0
[21:58:45] [main/DEBUG] (cpw.mods.modlauncher.LaunchPluginHandler) LaunchPluginService {AFTER=[net.neoforged.fml.common.asm.RuntimeDistCleaner@474c8d42]}
[21:58:45] [main/DEBUG] (cpw.mods.modlauncher.LaunchPluginHandler) Final flags state for xaero.map.mixin.MixinServerWorld is 0
[21:58:45] [main/DEBUG] (cpw.mods.modlauncher.LaunchPluginHandler) LauncherPluginService runtimedistcleaner offering transform xaero.map.mixin.MixinServerWorld
[21:58:45] [main/DEBUG] (cpw.mods.modlauncher.LaunchPluginHandler) Final flags state for xaero.map.mixin.MixinServerWorld is 0
[21:58:45] [main/DEBUG] (cpw.mods.modlauncher.LaunchPluginHandler) LaunchPluginService {AFTER=[net.neoforged.fml.common.asm.RuntimeDistCleaner@474c8d42]}
[21:58:45] [main/DEBUG] (cpw.mods.modlauncher.LaunchPluginHandler) Final flags state for xaero.map.mixin.MixinWorldChunk is 0
[21:58:45] [main/DEBUG] (cpw.mods.modlauncher.LaunchPluginHandler) LauncherPluginService runtimedistcleaner offering transform xaero.map.mixin.MixinWorldChunk
[21:58:45] [main/DEBUG] (cpw.mods.modlauncher.LaunchPluginHandler) Final flags state for xaero.map.mixin.MixinWorldChunk is 0
[21:58:45] [main/DEBUG] (cpw.mods.modlauncher.LaunchPluginHandler) LaunchPluginService {BEFORE=[net.neoforged.accesstransformer.ml.AccessTransformerService@23038621], AFTER=[juuxel.unprotect.UnprotectLaunchPlugin@6bd01b0e, net.neoforged.fml.common.asm.RuntimeDistCleaner@474c8d42]}
[21:58:45] [main/DEBUG] (cpw.mods.modlauncher.LaunchPluginHandler) LauncherPluginService accesstransformer offering transform net.minecraft.server.level.ServerLevel
[21:58:45] [main/DEBUG] (net.neoforged.accesstransformer.AccessTransformer) Transforming net.minecraft.server.level.ServerLevel METHOD getEntities()Lnet/minecraft/world/level/entity/LevelEntityGetter; to access PUBLIC and LEAVE
[21:58:45] [main/DEBUG] (cpw.mods.modlauncher.LaunchPluginHandler) LauncherPluginService accesstransformer transformed net.minecraft.server.level.ServerLevel with class compute flags 256
[21:58:45] [main/DEBUG] (cpw.mods.modlauncher.LaunchPluginHandler) Final flags state for net.minecraft.server.level.ServerLevel is 256
[21:58:45] [main/DEBUG] (cpw.mods.modlauncher.LaunchPluginHandler) LauncherPluginService unprotect offering transform net.minecraft.server.level.ServerLevel
[21:58:45] [main/DEBUG] (cpw.mods.modlauncher.LaunchPluginHandler) LauncherPluginService unprotect transformed net.minecraft.server.level.ServerLevel with class compute flags 2
[21:58:45] [main/DEBUG] (cpw.mods.modlauncher.LaunchPluginHandler) LauncherPluginService runtimedistcleaner offering transform net.minecraft.server.level.ServerLevel
[21:58:45] [main/DEBUG] (cpw.mods.modlauncher.LaunchPluginHandler) Final flags state for net.minecraft.server.level.ServerLevel is 2
[21:58:45] [main/DEBUG] (cpw.mods.modlauncher.LaunchPluginHandler) LaunchPluginService {AFTER=[org.spongepowered.asm.launch.MixinLaunchPlugin@681f5a1e, net.neoforged.fml.common.asm.RuntimeDistCleaner@474c8d42]}
[21:58:45] [main/DEBUG] (cpw.mods.modlauncher.LaunchPluginHandler) Final flags state for it.unimi.dsi.fastutil.longs.LongSets$EmptySet is 0
[21:58:45] [main/DEBUG] (cpw.mods.modlauncher.LaunchPluginHandler) LauncherPluginService mixin offering transform it.unimi.dsi.fastutil.longs.LongSets$EmptySet
[21:58:45] [main/DEBUG] (cpw.mods.modlauncher.LaunchPluginHandler) LauncherPluginService runtimedistcleaner offering transform it.unimi.dsi.fastutil.longs.LongSets$EmptySet
[21:58:45] [main/DEBUG] (cpw.mods.modlauncher.LaunchPluginHandler) Final flags state for it.unimi.dsi.fastutil.longs.LongSets$EmptySet is 0
[21:58:45] [main/DEBUG] (cpw.mods.modlauncher.LaunchPluginHandler) LaunchPluginService {AFTER=[org.spongepowered.asm.launch.MixinLaunchPlugin@681f5a1e, net.neoforged.fml.common.asm.RuntimeDistCleaner@474c8d42]}
[21:58:45] [main/DEBUG] (cpw.mods.modlauncher.LaunchPluginHandler) Final flags state for it.unimi.dsi.fastutil.longs.LongCollections$EmptyCollection is 0
[21:58:45] [main/DEBUG] (cpw.mods.modlauncher.LaunchPluginHandler) LauncherPluginService mixin offering transform it.unimi.dsi.fastutil.longs.LongCollections$EmptyCollection
[21:58:45] [main/DEBUG] (cpw.mods.modlauncher.LaunchPluginHandler) LauncherPluginService runtimedistcleaner offering transform it.unimi.dsi.fastutil.longs.LongCollections$EmptyCollection
[21:58:45] [main/DEBUG] (cpw.mods.modlauncher.LaunchPluginHandler) Final flags state for it.unimi.dsi.fastutil.longs.LongCollections$EmptyCollection is 0
[21:58:45] [main/DEBUG] (cpw.mods.modlauncher.LaunchPluginHandler) LaunchPluginService {AFTER=[org.spongepowered.asm.launch.MixinLaunchPlugin@681f5a1e, net.neoforged.fml.common.asm.RuntimeDistCleaner@474c8d42]}
[21:58:45] [main/DEBUG] (cpw.mods.modlauncher.LaunchPluginHandler) Final flags state for it.unimi.dsi.fastutil.longs.AbstractLongCollection is 0
[21:58:45] [main/DEBUG] (cpw.mods.modlauncher.LaunchPluginHandler) LauncherPluginService mixin offering transform it.unimi.dsi.fastutil.longs.AbstractLongCollection
[21:58:45] [main/DEBUG] (cpw.mods.modlauncher.LaunchPluginHandler) LauncherPluginService runtimedistcleaner offering transform it.unimi.dsi.fastutil.longs.AbstractLongCollection
[21:58:45] [main/DEBUG] (cpw.mods.modlauncher.LaunchPluginHandler) Final flags state for it.unimi.dsi.fastutil.longs.AbstractLongCollection is 0
[21:58:45] [main/DEBUG] (cpw.mods.modlauncher.LaunchPluginHandler) LaunchPluginService {AFTER=[org.spongepowered.asm.launch.MixinLaunchPlugin@681f5a1e, net.neoforged.fml.common.asm.RuntimeDistCleaner@474c8d42]}
[21:58:45] [main/DEBUG] (cpw.mods.modlauncher.LaunchPluginHandler) Final flags state for java.util.AbstractCollection is 0
[21:58:45] [main/DEBUG] (cpw.mods.modlauncher.LaunchPluginHandler) LauncherPluginService mixin offering transform java.util.AbstractCollection
[21:58:45] [main/DEBUG] (cpw.mods.modlauncher.LaunchPluginHandler) LauncherPluginService runtimedistcleaner offering transform java.util.AbstractCollection
[21:58:45] [main/DEBUG] (cpw.mods.modlauncher.LaunchPluginHandler) Final flags state for java.util.AbstractCollection is 0
[21:58:45] [main/DEBUG] (cpw.mods.modlauncher.LaunchPluginHandler) LaunchPluginService {AFTER=[org.spongepowered.asm.launch.MixinLaunchPlugin@681f5a1e, net.neoforged.fml.common.asm.RuntimeDistCleaner@474c8d42]}
[21:58:45] [main/DEBUG] (cpw.mods.modlauncher.LaunchPluginHandler) Final flags state for it.unimi.dsi.fastutil.longs.LongCollection is 0
[21:58:45] [main/DEBUG] (cpw.mods.modlauncher.LaunchPluginHandler) LauncherPluginService mixin offering transform it.unimi.dsi.fastutil.longs.LongCollection
[21:58:45] [main/DEBUG] (cpw.mods.modlauncher.LaunchPluginHandler) LauncherPluginService runtimedistcleaner offering transform it.unimi.dsi.fastutil.longs.LongCollection
[21:58:45] [main/DEBUG] (cpw.mods.modlauncher.LaunchPluginHandler) Final flags state for it.unimi.dsi.fastutil.longs.LongCollection is 0
[21:58:45] [main/DEBUG] (cpw.mods.modlauncher.LaunchPluginHandler) LaunchPluginService {AFTER=[org.spongepowered.asm.launch.MixinLaunchPlugin@681f5a1e, net.neoforged.fml.common.asm.RuntimeDistCleaner@474c8d42]}
[21:58:45] [main/DEBUG] (cpw.mods.modlauncher.LaunchPluginHandler) Final flags state for it.unimi.dsi.fastutil.longs.LongIterable is 0
[21:58:45] [main/DEBUG] (cpw.mods.modlauncher.LaunchPluginHandler) LauncherPluginService mixin offering transform it.unimi.dsi.fastutil.longs.LongIterable
[21:58:45] [main/DEBUG] (cpw.mods.modlauncher.LaunchPluginHandler) LauncherPluginService runtimedistcleaner offering transform it.unimi.dsi.fastutil.longs.LongIterable
[21:58:45] [main/DEBUG] (cpw.mods.modlauncher.LaunchPluginHandler) Final flags state for it.unimi.dsi.fastutil.longs.LongIterable is 0
[21:58:45] [main/DEBUG] (cpw.mods.modlauncher.LaunchPluginHandler) LaunchPluginService {AFTER=[org.spongepowered.asm.launch.MixinLaunchPlugin@681f5a1e, net.neoforged.fml.common.asm.RuntimeDistCleaner@474c8d42]}
[21:58:45] [main/DEBUG] (cpw.mods.modlauncher.LaunchPluginHandler) Final flags state for it.unimi.dsi.fastutil.longs.LongSet is 0
[21:58:45] [main/DEBUG] (cpw.mods.modlauncher.LaunchPluginHandler) LauncherPluginService mixin offering transform it.unimi.dsi.fastutil.longs.LongSet
[21:58:45] [main/DEBUG] (cpw.mods.modlauncher.LaunchPluginHandler) LauncherPluginService runtimedistcleaner offering transform it.unimi.dsi.fastutil.longs.LongSet
[21:58:45] [main/DEBUG] (cpw.mods.modlauncher.LaunchPluginHandler) Final flags state for it.unimi.dsi.fastutil.longs.LongSet is 0
[21:58:45] [main/DEBUG] (cpw.mods.modlauncher.LaunchPluginHandler) LaunchPluginService {AFTER=[org.spongepowered.asm.launch.MixinLaunchPlugin@681f5a1e, net.neoforged.fml.common.asm.RuntimeDistCleaner@474c8d42]}
[21:58:45] [main/DEBUG] (cpw.mods.modlauncher.LaunchPluginHandler) Final flags state for java.util.Set is 0
[21:58:45] [main/DEBUG] (cpw.mods.modlauncher.LaunchPluginHandler) LauncherPluginService mixin offering transform java.util.Set
[21:58:45] [main/DEBUG] (cpw.mods.modlauncher.LaunchPluginHandler) LauncherPluginService runtimedistcleaner offering transform java.util.Set
[21:58:45] [main/DEBUG] (cpw.mods.modlauncher.LaunchPluginHandler) Final flags state for java.util.Set is 0
[21:58:45] [main/DEBUG] (cpw.mods.modlauncher.LaunchPluginHandler) LaunchPluginService {AFTER=[org.spongepowered.asm.launch.MixinLaunchPlugin@681f5a1e, net.neoforged.fml.common.asm.RuntimeDistCleaner@474c8d42]}
[21:58:45] [main/DEBUG] (cpw.mods.modlauncher.LaunchPluginHandler) Final flags state for java.lang.Cloneable is 0
[21:58:45] [main/DEBUG] (cpw.mods.modlauncher.LaunchPluginHandler) LauncherPluginService mixin offering transform java.lang.Cloneable
[21:58:45] [main/DEBUG] (cpw.mods.modlauncher.LaunchPluginHandler) LauncherPluginService runtimedistcleaner offering transform java.lang.Cloneable
[21:58:45] [main/DEBUG] (cpw.mods.modlauncher.LaunchPluginHandler) Final flags state for java.lang.Cloneable is 0
[21:58:45] [main/DEBUG] (mixin) Preparing xaeroworldmap.neoforge.mixins.json (2)
[21:58:45] [main/DEBUG] (cpw.mods.modlauncher.LaunchPluginHandler) LaunchPluginService {AFTER=[net.neoforged.fml.common.asm.RuntimeDistCleaner@474c8d42]}
[21:58:45] [main/DEBUG] (cpw.mods.modlauncher.LaunchPluginHandler) Final flags state for xaero.map.mixin.MixinForgeClientPacketListener is 0
[21:58:45] [main/DEBUG] (cpw.mods.modlauncher.LaunchPluginHandler) LauncherPluginService runtimedistcleaner offering transform xaero.map.mixin.MixinForgeClientPacketListener
[21:58:45] [main/DEBUG] (cpw.mods.modlauncher.LaunchPluginHandler) Final flags state for xaero.map.mixin.MixinForgeClientPacketListener is 0
[21:58:45] [main/DEBUG] (cpw.mods.modlauncher.LaunchPluginHandler) LaunchPluginService {AFTER=[net.neoforged.fml.common.asm.RuntimeDistCleaner@474c8d42]}
[21:58:45] [main/DEBUG] (cpw.mods.modlauncher.LaunchPluginHandler) Final flags state for xaero.map.mixin.MixinForgeMinecraftClient is 0
[21:58:45] [main/DEBUG] (cpw.mods.modlauncher.LaunchPluginHandler) LauncherPluginService runtimedistcleaner offering transform xaero.map.mixin.MixinForgeMinecraftClient
[21:58:45] [main/DEBUG] (cpw.mods.modlauncher.LaunchPluginHandler) Final flags state for xaero.map.mixin.MixinForgeMinecraftClient is 0
[21:58:45] [main/DEBUG] (mixin) Preparing neoforge.mixins.json (2)
[21:58:45] [main/DEBUG] (cpw.mods.modlauncher.LaunchPluginHandler) LaunchPluginService {AFTER=[net.neoforged.fml.common.asm.RuntimeDistCleaner@474c8d42]}
[21:58:45] [main/DEBUG] (cpw.mods.modlauncher.LaunchPluginHandler) Final flags state for net.neoforged.neoforge.mixins.BlockEntityTypeAccessor is 0
[21:58:45] [main/DEBUG] (cpw.mods.modlauncher.LaunchPluginHandler) LauncherPluginService runtimedistcleaner offering transform net.neoforged.neoforge.mixins.BlockEntityTypeAccessor
[21:58:45] [main/DEBUG] (cpw.mods.modlauncher.LaunchPluginHandler) Final flags state for net.neoforged.neoforge.mixins.BlockEntityTypeAccessor is 0
[21:58:45] [main/DEBUG] (cpw.mods.modlauncher.LaunchPluginHandler) LaunchPluginService {AFTER=[net.neoforged.fml.common.asm.RuntimeDistCleaner@474c8d42]}
[21:58:45] [main/DEBUG] (cpw.mods.modlauncher.LaunchPluginHandler) Final flags state for net.neoforged.neoforge.mixins.MappedRegistryAccessor is 0
[21:58:45] [main/DEBUG] (cpw.mods.modlauncher.LaunchPluginHandler) LauncherPluginService runtimedistcleaner offering transform net.neoforged.neoforge.mixins.MappedRegistryAccessor
[21:58:45] [main/DEBUG] (cpw.mods.modlauncher.LaunchPluginHandler) Final flags state for net.neoforged.neoforge.mixins.MappedRegistryAccessor is 0
[21:58:45] [main/DEBUG] (cpw.mods.modlauncher.LaunchPluginHandler) LaunchPluginService {BEFORE=[net.neoforged.accesstransformer.ml.AccessTransformerService@23038621], AFTER=[juuxel.unprotect.UnprotectLaunchPlugin@6bd01b0e, net.neoforged.fml.common.asm.RuntimeDistCleaner@474c8d42]}
[21:58:45] [main/DEBUG] (cpw.mods.modlauncher.LaunchPluginHandler) LauncherPluginService accesstransformer offering transform net.minecraft.world.level.block.entity.BlockEntityType
[21:58:45] [main/DEBUG] (net.neoforged.accesstransformer.AccessTransformer) Transforming net.minecraft.world.level.block.entity.BlockEntityType INNERCLASS BlockEntitySupplier to access PUBLIC and LEAVE
[21:58:45] [main/DEBUG] (cpw.mods.modlauncher.LaunchPluginHandler) LauncherPluginService accesstransformer transformed net.minecraft.world.level.block.entity.BlockEntityType with class compute flags 256
[21:58:45] [main/DEBUG] (cpw.mods.modlauncher.LaunchPluginHandler) Final flags state for net.minecraft.world.level.block.entity.BlockEntityType is 256
[21:58:45] [main/DEBUG] (cpw.mods.modlauncher.LaunchPluginHandler) LauncherPluginService unprotect offering transform net.minecraft.world.level.block.entity.BlockEntityType
[21:58:45] [main/DEBUG] (cpw.mods.modlauncher.LaunchPluginHandler) LauncherPluginService unprotect transformed net.minecraft.world.level.block.entity.BlockEntityType with class compute flags 2
[21:58:45] [main/DEBUG] (cpw.mods.modlauncher.LaunchPluginHandler) LauncherPluginService runtimedistcleaner offering transform net.minecraft.world.level.block.entity.BlockEntityType
[21:58:45] [main/DEBUG] (cpw.mods.modlauncher.LaunchPluginHandler) Final flags state for net.minecraft.world.level.block.entity.BlockEntityType is 2
[21:58:45] [main/DEBUG] (cpw.mods.modlauncher.LaunchPluginHandler) LaunchPluginService {AFTER=[juuxel.unprotect.UnprotectLaunchPlugin@6bd01b0e, net.neoforged.fml.common.asm.RuntimeDistCleaner@474c8d42]}
[21:58:45] [main/DEBUG] (cpw.mods.modlauncher.LaunchPluginHandler) Final flags state for net.minecraft.core.MappedRegistry is 0
[21:58:45] [main/DEBUG] (cpw.mods.modlauncher.LaunchPluginHandler) LauncherPluginService unprotect offering transform net.minecraft.core.MappedRegistry
[21:58:45] [main/DEBUG] (cpw.mods.modlauncher.LaunchPluginHandler) LauncherPluginService unprotect transformed net.minecraft.core.MappedRegistry with class compute flags 2
[21:58:45] [main/DEBUG] (cpw.mods.modlauncher.LaunchPluginHandler) LauncherPluginService runtimedistcleaner offering transform net.minecraft.core.MappedRegistry
[21:58:45] [main/DEBUG] (cpw.mods.modlauncher.LaunchPluginHandler) Final flags state for net.minecraft.core.MappedRegistry is 2
[21:58:45] [main/DEBUG] (cpw.mods.modlauncher.LaunchPluginHandler) LaunchPluginService {AFTER=[org.spongepowered.asm.launch.MixinLaunchPlugin@681f5a1e, net.neoforged.fml.common.asm.RuntimeDistCleaner@474c8d42]}
[21:58:45] [main/DEBUG] (cpw.mods.modlauncher.LaunchPluginHandler) Final flags state for net.neoforged.neoforge.registries.BaseMappedRegistry is 0
[21:58:45] [main/DEBUG] (cpw.mods.modlauncher.LaunchPluginHandler) LauncherPluginService mixin offering transform net.neoforged.neoforge.registries.BaseMappedRegistry
[21:58:45] [main/DEBUG] (cpw.mods.modlauncher.LaunchPluginHandler) LauncherPluginService runtimedistcleaner offering transform net.neoforged.neoforge.registries.BaseMappedRegistry
[21:58:45] [main/DEBUG] (cpw.mods.modlauncher.LaunchPluginHandler) Final flags state for net.neoforged.neoforge.registries.BaseMappedRegistry is 0
[21:58:45] [main/DEBUG] (cpw.mods.modlauncher.LaunchPluginHandler) LaunchPluginService {AFTER=[org.spongepowered.asm.launch.MixinLaunchPlugin@681f5a1e, juuxel.unprotect.UnprotectLaunchPlugin@6bd01b0e, net.neoforged.fml.common.asm.RuntimeDistCleaner@474c8d42]}
[21:58:45] [main/DEBUG] (cpw.mods.modlauncher.LaunchPluginHandler) Final flags state for net.minecraft.core.Registry is 0
[21:58:45] [main/DEBUG] (cpw.mods.modlauncher.LaunchPluginHandler) LauncherPluginService mixin offering transform net.minecraft.core.Registry
[21:58:45] [main/DEBUG] (cpw.mods.modlauncher.LaunchPluginHandler) LauncherPluginService unprotect offering transform net.minecraft.core.Registry
[21:58:45] [main/DEBUG] (cpw.mods.modlauncher.LaunchPluginHandler) LauncherPluginService unprotect transformed net.minecraft.core.Registry with class compute flags 2
[21:58:45] [main/DEBUG] (cpw.mods.modlauncher.LaunchPluginHandler) LauncherPluginService runtimedistcleaner offering transform net.minecraft.core.Registry
[21:58:45] [main/DEBUG] (cpw.mods.modlauncher.LaunchPluginHandler) Final flags state for net.minecraft.core.Registry is 2
[21:58:45] [main/DEBUG] (cpw.mods.modlauncher.LaunchPluginHandler) LaunchPluginService {AFTER=[org.spongepowered.asm.launch.MixinLaunchPlugin@681f5a1e, net.neoforged.fml.common.asm.RuntimeDistCleaner@474c8d42]}
[21:58:45] [main/DEBUG] (cpw.mods.modlauncher.LaunchPluginHandler) Final flags state for com.mojang.serialization.Keyable is 0
[21:58:45] [main/DEBUG] (cpw.mods.modlauncher.LaunchPluginHandler) LauncherPluginService mixin offering transform com.mojang.serialization.Keyable
[21:58:45] [main/DEBUG] (cpw.mods.modlauncher.LaunchPluginHandler) LauncherPluginService runtimedistcleaner offering transform com.mojang.serialization.Keyable
[21:58:45] [main/DEBUG] (cpw.mods.modlauncher.LaunchPluginHandler) Final flags state for com.mojang.serialization.Keyable is 0
[21:58:45] [main/DEBUG] (cpw.mods.modlauncher.LaunchPluginHandler) LaunchPluginService {AFTER=[org.spongepowered.asm.launch.MixinLaunchPlugin@681f5a1e, juuxel.unprotect.UnprotectLaunchPlugin@6bd01b0e, net.neoforged.fml.common.asm.RuntimeDistCleaner@474c8d42]}
[21:58:45] [main/DEBUG] (cpw.mods.modlauncher.LaunchPluginHandler) Final flags state for net.minecraft.core.IdMap is 0
[21:58:45] [main/DEBUG] (cpw.mods.modlauncher.LaunchPluginHandler) LauncherPluginService mixin offering transform net.minecraft.core.IdMap
[21:58:45] [main/DEBUG] (cpw.mods.modlauncher.LaunchPluginHandler) LauncherPluginService unprotect offering transform net.minecraft.core.IdMap
[21:58:45] [main/DEBUG] (cpw.mods.modlauncher.LaunchPluginHandler) LauncherPluginService runtimedistcleaner offering transform net.minecraft.core.IdMap
[21:58:45] [main/DEBUG] (cpw.mods.modlauncher.LaunchPluginHandler) Final flags state for net.minecraft.core.IdMap is 0
[21:58:45] [main/DEBUG] (cpw.mods.modlauncher.LaunchPluginHandler) LaunchPluginService {AFTER=[org.spongepowered.asm.launch.MixinLaunchPlugin@681f5a1e, net.neoforged.fml.common.asm.RuntimeDistCleaner@474c8d42]}
[21:58:45] [main/DEBUG] (cpw.mods.modlauncher.LaunchPluginHandler) Final flags state for net.neoforged.neoforge.registries.IRegistryExtension is 0
[21:58:45] [main/DEBUG] (cpw.mods.modlauncher.LaunchPluginHandler) LauncherPluginService mixin offering transform net.neoforged.neoforge.registries.IRegistryExtension
[21:58:45] [main/DEBUG] (cpw.mods.modlauncher.LaunchPluginHandler) LauncherPluginService runtimedistcleaner offering transform net.neoforged.neoforge.registries.IRegistryExtension
[21:58:45] [main/DEBUG] (cpw.mods.modlauncher.LaunchPluginHandler) Final flags state for net.neoforged.neoforge.registries.IRegistryExtension is 0
[21:58:45] [main/DEBUG] (cpw.mods.modlauncher.LaunchPluginHandler) LaunchPluginService {AFTER=[org.spongepowered.asm.launch.MixinLaunchPlugin@681f5a1e, juuxel.unprotect.UnprotectLaunchPlugin@6bd01b0e, net.neoforged.fml.common.asm.RuntimeDistCleaner@474c8d42]}
[21:58:45] [main/DEBUG] (cpw.mods.modlauncher.LaunchPluginHandler) Final flags state for net.minecraft.core.WritableRegistry is 0
[21:58:45] [main/DEBUG] (cpw.mods.modlauncher.LaunchPluginHandler) LauncherPluginService mixin offering transform net.minecraft.core.WritableRegistry
[21:58:45] [main/DEBUG] (cpw.mods.modlauncher.LaunchPluginHandler) LauncherPluginService unprotect offering transform net.minecraft.core.WritableRegistry
[21:58:45] [main/DEBUG] (cpw.mods.modlauncher.LaunchPluginHandler) LauncherPluginService runtimedistcleaner offering transform net.minecraft.core.WritableRegistry
[21:58:45] [main/DEBUG] (cpw.mods.modlauncher.LaunchPluginHandler) Final flags state for net.minecraft.core.WritableRegistry is 0
[21:58:45] [main/DEBUG] (cpw.mods.modlauncher.LaunchPluginHandler) LaunchPluginService {AFTER=[org.spongepowered.asm.launch.MixinLaunchPlugin@681f5a1e, juuxel.unprotect.UnprotectLaunchPlugin@6bd01b0e, net.neoforged.fml.common.asm.RuntimeDistCleaner@474c8d42]}
[21:58:45] [main/DEBUG] (cpw.mods.modlauncher.LaunchPluginHandler) Final flags state for net.minecraft.core.Holder is 0
[21:58:45] [main/DEBUG] (cpw.mods.modlauncher.LaunchPluginHandler) LauncherPluginService mixin offering transform net.minecraft.core.Holder
[21:58:45] [main/DEBUG] (cpw.mods.modlauncher.LaunchPluginHandler) LauncherPluginService unprotect offering transform net.minecraft.core.Holder
[21:58:45] [main/DEBUG] (cpw.mods.modlauncher.LaunchPluginHandler) LauncherPluginService unprotect transformed net.minecraft.core.Holder with class compute flags 2
[21:58:45] [main/DEBUG] (cpw.mods.modlauncher.LaunchPluginHandler) LauncherPluginService runtimedistcleaner offering transform net.minecraft.core.Holder
[21:58:45] [main/DEBUG] (cpw.mods.modlauncher.LaunchPluginHandler) Final flags state for net.minecraft.core.Holder is 2
[21:58:45] [main/DEBUG] (cpw.mods.modlauncher.LaunchPluginHandler) LaunchPluginService {AFTER=[org.spongepowered.asm.launch.MixinLaunchPlugin@681f5a1e, net.neoforged.fml.common.asm.RuntimeDistCleaner@474c8d42]}
[21:58:45] [main/DEBUG] (cpw.mods.modlauncher.LaunchPluginHandler) Final flags state for net.neoforged.neoforge.common.extensions.IHolderExtension is 0
[21:58:45] [main/DEBUG] (cpw.mods.modlauncher.LaunchPluginHandler) LauncherPluginService mixin offering transform net.neoforged.neoforge.common.extensions.IHolderExtension
[21:58:45] [main/DEBUG] (cpw.mods.modlauncher.LaunchPluginHandler) LauncherPluginService runtimedistcleaner offering transform net.neoforged.neoforge.common.extensions.IHolderExtension
[21:58:45] [main/DEBUG] (cpw.mods.modlauncher.LaunchPluginHandler) Final flags state for net.neoforged.neoforge.common.extensions.IHolderExtension is 0
[21:58:45] [main/DEBUG] (cpw.mods.modlauncher.LaunchPluginHandler) LaunchPluginService {AFTER=[org.spongepowered.asm.launch.MixinLaunchPlugin@681f5a1e, net.neoforged.fml.common.asm.RuntimeDistCleaner@474c8d42]}
[21:58:45] [main/DEBUG] (cpw.mods.modlauncher.LaunchPluginHandler) Final flags state for net.neoforged.neoforge.registries.datamaps.IWithData is 0
[21:58:45] [main/DEBUG] (cpw.mods.modlauncher.LaunchPluginHandler) LauncherPluginService mixin offering transform net.neoforged.neoforge.registries.datamaps.IWithData
[21:58:45] [main/DEBUG] (cpw.mods.modlauncher.LaunchPluginHandler) LauncherPluginService runtimedistcleaner offering transform net.neoforged.neoforge.registries.datamaps.IWithData
[21:58:45] [main/DEBUG] (cpw.mods.modlauncher.LaunchPluginHandler) Final flags state for net.neoforged.neoforge.registries.datamaps.IWithData is 0
[21:58:45] [main/DEBUG] (cpw.mods.modlauncher.LaunchPluginHandler) LaunchPluginService {AFTER=[org.spongepowered.asm.launch.MixinLaunchPlugin@681f5a1e, juuxel.unprotect.UnprotectLaunchPlugin@6bd01b0e, net.neoforged.fml.common.asm.RuntimeDistCleaner@474c8d42]}
[21:58:45] [main/DEBUG] (cpw.mods.modlauncher.LaunchPluginHandler) Final flags state for net.minecraft.core.Holder$Reference is 0
[21:58:45] [main/DEBUG] (cpw.mods.modlauncher.LaunchPluginHandler) LauncherPluginService mixin offering transform net.minecraft.core.Holder$Reference
[21:58:45] [main/DEBUG] (cpw.mods.modlauncher.LaunchPluginHandler) LauncherPluginService unprotect offering transform net.minecraft.core.Holder$Reference
[21:58:45] [main/DEBUG] (cpw.mods.modlauncher.LaunchPluginHandler) LauncherPluginService unprotect transformed net.minecraft.core.Holder$Reference with class compute flags 2
[21:58:45] [main/DEBUG] (cpw.mods.modlauncher.LaunchPluginHandler) LauncherPluginService runtimedistcleaner offering transform net.minecraft.core.Holder$Reference
[21:58:45] [main/DEBUG] (cpw.mods.modlauncher.LaunchPluginHandler) Final flags state for net.minecraft.core.Holder$Reference is 2
[21:58:45] [main/DEBUG] (mixin) Preparing mixinextras.init.mixins.json (0)
[21:58:45] [main/DEBUG] (cpw.mods.modlauncher.LaunchPluginHandler) LaunchPluginService {BEFORE=[net.neoforged.accesstransformer.ml.AccessTransformerService@23038621], AFTER=[juuxel.unprotect.UnprotectLaunchPlugin@6bd01b0e, net.neoforged.fml.common.asm.RuntimeDistCleaner@474c8d42]}
[21:58:45] [main/DEBUG] (cpw.mods.modlauncher.LaunchPluginHandler) LauncherPluginService accesstransformer offering transform net.minecraft.world.item.alchemy.PotionBrewing$Mix
[21:58:45] [main/DEBUG] (net.neoforged.accesstransformer.AccessTransformer) Transforming net.minecraft.world.item.alchemy.PotionBrewing$Mix CLASS to access PUBLIC and LEAVE
[21:58:45] [main/DEBUG] (cpw.mods.modlauncher.LaunchPluginHandler) LauncherPluginService accesstransformer transformed net.minecraft.world.item.alchemy.PotionBrewing$Mix with class compute flags 256
[21:58:45] [main/DEBUG] (cpw.mods.modlauncher.LaunchPluginHandler) Final flags state for net.minecraft.world.item.alchemy.PotionBrewing$Mix is 256
[21:58:45] [main/DEBUG] (cpw.mods.modlauncher.LaunchPluginHandler) LauncherPluginService unprotect offering transform net.minecraft.world.item.alchemy.PotionBrewing$Mix
[21:58:45] [main/DEBUG] (cpw.mods.modlauncher.LaunchPluginHandler) LauncherPluginService unprotect transformed net.minecraft.world.item.alchemy.PotionBrewing$Mix with class compute flags 2
[21:58:45] [main/DEBUG] (cpw.mods.modlauncher.LaunchPluginHandler) LauncherPluginService runtimedistcleaner offering transform net.minecraft.world.item.alchemy.PotionBrewing$Mix
[21:58:45] [main/DEBUG] (cpw.mods.modlauncher.LaunchPluginHandler) Final flags state for net.minecraft.world.item.alchemy.PotionBrewing$Mix is 2
[21:58:45] [main/DEBUG] (cpw.mods.modlauncher.LaunchPluginHandler) LaunchPluginService {AFTER=[net.neoforged.fml.common.asm.RuntimeDistCleaner@474c8d42]}
[21:58:45] [main/DEBUG] (cpw.mods.modlauncher.LaunchPluginHandler) Final flags state for dev.emi.emi.mixin.AbstractInventoryScreenMixin$1 is 0
[21:58:45] [main/DEBUG] (cpw.mods.modlauncher.LaunchPluginHandler) LauncherPluginService runtimedistcleaner offering transform dev.emi.emi.mixin.AbstractInventoryScreenMixin$1
[21:58:45] [main/DEBUG] (cpw.mods.modlauncher.LaunchPluginHandler) Final flags state for dev.emi.emi.mixin.AbstractInventoryScreenMixin$1 is 0
[21:58:45] [main/DEBUG] (cpw.mods.modlauncher.LaunchPluginHandler) LaunchPluginService {AFTER=[juuxel.unprotect.UnprotectLaunchPlugin@6bd01b0e, net.neoforged.fml.common.asm.RuntimeDistCleaner@474c8d42]}
[21:58:45] [main/DEBUG] (cpw.mods.modlauncher.LaunchPluginHandler) Final flags state for net.minecraft.world.item.crafting.CraftingInput$Positioned is 0
[21:58:45] [main/DEBUG] (cpw.mods.modlauncher.LaunchPluginHandler) LauncherPluginService unprotect offering transform net.minecraft.world.item.crafting.CraftingInput$Positioned
[21:58:45] [main/DEBUG] (cpw.mods.modlauncher.LaunchPluginHandler) LauncherPluginService unprotect transformed net.minecraft.world.item.crafting.CraftingInput$Positioned with class compute flags 2
[21:58:45] [main/DEBUG] (cpw.mods.modlauncher.LaunchPluginHandler) LauncherPluginService runtimedistcleaner offering transform net.minecraft.world.item.crafting.CraftingInput$Positioned
[21:58:45] [main/DEBUG] (cpw.mods.modlauncher.LaunchPluginHandler) Final flags state for net.minecraft.world.item.crafting.CraftingInput$Positioned is 2
[21:58:45] [main/DEBUG] (cpw.mods.modlauncher.LaunchPluginHandler) LaunchPluginService {AFTER=[net.neoforged.fml.common.asm.RuntimeDistCleaner@474c8d42]}
[21:58:45] [main/DEBUG] (cpw.mods.modlauncher.LaunchPluginHandler) Final flags state for java.lang.invoke.MethodHandles$Lookup is 0
[21:58:45] [main/DEBUG] (cpw.mods.modlauncher.LaunchPluginHandler) LauncherPluginService runtimedistcleaner offering transform java.lang.invoke.MethodHandles$Lookup
[21:58:45] [main/DEBUG] (cpw.mods.modlauncher.LaunchPluginHandler) Final flags state for java.lang.invoke.MethodHandles$Lookup is 0
[21:58:45] [main/DEBUG] (cpw.mods.modlauncher.LaunchPluginHandler) LaunchPluginService {AFTER=[net.neoforged.fml.common.asm.RuntimeDistCleaner@474c8d42]}
[21:58:45] [main/DEBUG] (cpw.mods.modlauncher.LaunchPluginHandler) Final flags state for org.spongepowered.asm.mixin.injection.At$Shift is 0
[21:58:45] [main/DEBUG] (cpw.mods.modlauncher.LaunchPluginHandler) LauncherPluginService runtimedistcleaner offering transform org.spongepowered.asm.mixin.injection.At$Shift
[21:58:45] [main/DEBUG] (cpw.mods.modlauncher.LaunchPluginHandler) Final flags state for org.spongepowered.asm.mixin.injection.At$Shift is 0
[21:58:45] [main/DEBUG] (cpw.mods.modlauncher.LaunchPluginHandler) LaunchPluginService {AFTER=[juuxel.unprotect.UnprotectLaunchPlugin@6bd01b0e, net.neoforged.fml.common.asm.RuntimeDistCleaner@474c8d42]}
[21:58:45] [main/DEBUG] (cpw.mods.modlauncher.LaunchPluginHandler) Final flags state for net.minecraft.world.item.Item$TooltipContext is 0
[21:58:45] [main/DEBUG] (cpw.mods.modlauncher.LaunchPluginHandler) LauncherPluginService unprotect offering transform net.minecraft.world.item.Item$TooltipContext
[21:58:45] [main/DEBUG] (cpw.mods.modlauncher.LaunchPluginHandler) LauncherPluginService unprotect transformed net.minecraft.world.item.Item$TooltipContext with class compute flags 2
[21:58:45] [main/DEBUG] (cpw.mods.modlauncher.LaunchPluginHandler) LauncherPluginService runtimedistcleaner offering transform net.minecraft.world.item.Item$TooltipContext
[21:58:45] [main/DEBUG] (cpw.mods.modlauncher.LaunchPluginHandler) Final flags state for net.minecraft.world.item.Item$TooltipContext is 2
[21:58:45] [main/DEBUG] (cpw.mods.modlauncher.LaunchPluginHandler) LaunchPluginService {AFTER=[org.spongepowered.asm.launch.MixinLaunchPlugin@681f5a1e, juuxel.unprotect.UnprotectLaunchPlugin@6bd01b0e, net.neoforged.fml.common.asm.RuntimeDistCleaner@474c8d42]}
[21:58:45] [main/DEBUG] (cpw.mods.modlauncher.LaunchPluginHandler) Final flags state for net.minecraft.world.item.Item$TooltipContext$2 is 0
[21:58:45] [main/DEBUG] (cpw.mods.modlauncher.LaunchPluginHandler) LauncherPluginService mixin offering transform net.minecraft.world.item.Item$TooltipContext$2
[21:58:45] [main/DEBUG] (cpw.mods.modlauncher.LaunchPluginHandler) LauncherPluginService unprotect offering transform net.minecraft.world.item.Item$TooltipContext$2
[21:58:45] [main/DEBUG] (cpw.mods.modlauncher.LaunchPluginHandler) LauncherPluginService unprotect transformed net.minecraft.world.item.Item$TooltipContext$2 with class compute flags 2
[21:58:45] [main/DEBUG] (cpw.mods.modlauncher.LaunchPluginHandler) LauncherPluginService runtimedistcleaner offering transform net.minecraft.world.item.Item$TooltipContext$2
[21:58:45] [main/DEBUG] (cpw.mods.modlauncher.LaunchPluginHandler) Final flags state for net.minecraft.world.item.Item$TooltipContext$2 is 2
[21:58:45] [main/DEBUG] (cpw.mods.modlauncher.LaunchPluginHandler) LaunchPluginService {AFTER=[juuxel.unprotect.UnprotectLaunchPlugin@6bd01b0e, net.neoforged.fml.common.asm.RuntimeDistCleaner@474c8d42]}
[21:58:45] [main/DEBUG] (cpw.mods.modlauncher.LaunchPluginHandler) Final flags state for net.minecraft.network.chat.ChatType$Bound is 0
[21:58:45] [main/DEBUG] (cpw.mods.modlauncher.LaunchPluginHandler) LauncherPluginService unprotect offering transform net.minecraft.network.chat.ChatType$Bound
[21:58:45] [main/DEBUG] (cpw.mods.modlauncher.LaunchPluginHandler) LauncherPluginService unprotect transformed net.minecraft.network.chat.ChatType$Bound with class compute flags 2
[21:58:45] [main/DEBUG] (cpw.mods.modlauncher.LaunchPluginHandler) LauncherPluginService runtimedistcleaner offering transform net.minecraft.network.chat.ChatType$Bound
[21:58:45] [main/DEBUG] (cpw.mods.modlauncher.LaunchPluginHandler) Final flags state for net.minecraft.network.chat.ChatType$Bound is 2
[21:58:45] [main/DEBUG] (cpw.mods.modlauncher.LaunchPluginHandler) LaunchPluginService {AFTER=[juuxel.unprotect.UnprotectLaunchPlugin@6bd01b0e, net.neoforged.fml.common.asm.RuntimeDistCleaner@474c8d42]}
[21:58:45] [main/DEBUG] (cpw.mods.modlauncher.LaunchPluginHandler) Final flags state for com.mojang.blaze3d.vertex.PoseStack$Pose is 0
[21:58:45] [main/DEBUG] (cpw.mods.modlauncher.LaunchPluginHandler) LauncherPluginService unprotect offering transform com.mojang.blaze3d.vertex.PoseStack$Pose
[21:58:45] [main/DEBUG] (cpw.mods.modlauncher.LaunchPluginHandler) LauncherPluginService unprotect transformed com.mojang.blaze3d.vertex.PoseStack$Pose with class compute flags 2
[21:58:45] [main/DEBUG] (cpw.mods.modlauncher.LaunchPluginHandler) LauncherPluginService runtimedistcleaner offering transform com.mojang.blaze3d.vertex.PoseStack$Pose
[21:58:45] [main/DEBUG] (net.neoforged.fml.common.asm.RuntimeDistCleaner) Removing Class Annotation: com/mojang/blaze3d/vertex/PoseStack$Pose @Lnet/neoforged/api/distmarker/OnlyIn;
[21:58:45] [main/DEBUG] (cpw.mods.modlauncher.LaunchPluginHandler) LauncherPluginService runtimedistcleaner transformed com.mojang.blaze3d.vertex.PoseStack$Pose with class compute flags 256
[21:58:45] [main/DEBUG] (cpw.mods.modlauncher.LaunchPluginHandler) Final flags state for com.mojang.blaze3d.vertex.PoseStack$Pose is 258
[21:58:45] [main/DEBUG] (cpw.mods.modlauncher.LaunchPluginHandler) LaunchPluginService {AFTER=[net.neoforged.fml.common.asm.RuntimeDistCleaner@474c8d42]}
[21:58:45] [main/DEBUG] (cpw.mods.modlauncher.LaunchPluginHandler) Final flags state for dev.architectury.event.events.common.PlayerEvent$FillBucket is 0
[21:58:45] [main/DEBUG] (cpw.mods.modlauncher.LaunchPluginHandler) LauncherPluginService runtimedistcleaner offering transform dev.architectury.event.events.common.PlayerEvent$FillBucket
[21:58:45] [main/DEBUG] (cpw.mods.modlauncher.LaunchPluginHandler) Final flags state for dev.architectury.event.events.common.PlayerEvent$FillBucket is 0
[21:58:45] [main/DEBUG] (cpw.mods.modlauncher.LaunchPluginHandler) LaunchPluginService {AFTER=[net.neoforged.fml.common.asm.RuntimeDistCleaner@474c8d42]}
[21:58:45] [main/DEBUG] (cpw.mods.modlauncher.LaunchPluginHandler) Final flags state for net.neoforged.neoforge.event.level.ChunkDataEvent$Load is 0
[21:58:45] [main/DEBUG] (cpw.mods.modlauncher.LaunchPluginHandler) LauncherPluginService runtimedistcleaner offering transform net.neoforged.neoforge.event.level.ChunkDataEvent$Load
[21:58:45] [main/DEBUG] (cpw.mods.modlauncher.LaunchPluginHandler) Final flags state for net.neoforged.neoforge.event.level.ChunkDataEvent$Load is 0
[21:58:45] [main/DEBUG] (cpw.mods.modlauncher.LaunchPluginHandler) LaunchPluginService {AFTER=[net.neoforged.fml.common.asm.RuntimeDistCleaner@474c8d42]}
[21:58:45] [main/DEBUG] (cpw.mods.modlauncher.LaunchPluginHandler) Final flags state for dev.architectury.event.forge.EventHandlerImplCommon$LevelEventAttachment is 0
[21:58:45] [main/DEBUG] (cpw.mods.modlauncher.LaunchPluginHandler) LauncherPluginService runtimedistcleaner offering transform dev.architectury.event.forge.EventHandlerImplCommon$LevelEventAttachment
[21:58:45] [main/DEBUG] (cpw.mods.modlauncher.LaunchPluginHandler) Final flags state for dev.architectury.event.forge.EventHandlerImplCommon$LevelEventAttachment is 0
[21:58:45] [main/DEBUG] (cpw.mods.modlauncher.LaunchPluginHandler) LaunchPluginService {AFTER=[net.neoforged.fml.common.asm.RuntimeDistCleaner@474c8d42]}
[21:58:45] [main/DEBUG] (cpw.mods.modlauncher.LaunchPluginHandler) Final flags state for dev.architectury.event.events.common.BlockEvent$FallingLand is 0
[21:58:45] [main/DEBUG] (cpw.mods.modlauncher.LaunchPluginHandler) LauncherPluginService runtimedistcleaner offering transform dev.architectury.event.events.common.BlockEvent$FallingLand
[21:58:45] [main/DEBUG] (cpw.mods.modlauncher.LaunchPluginHandler) Final flags state for dev.architectury.event.events.common.BlockEvent$FallingLand is 0
[21:58:45] [main/DEBUG] (cpw.mods.modlauncher.LaunchPluginHandler) LaunchPluginService {BEFORE=[net.neoforged.accesstransformer.ml.AccessTransformerService@23038621], AFTER=[juuxel.unprotect.UnprotectLaunchPlugin@6bd01b0e, net.neoforged.fml.common.asm.RuntimeDistCleaner@474c8d42]}
[21:58:45] [main/DEBUG] (cpw.mods.modlauncher.LaunchPluginHandler) LauncherPluginService accesstransformer offering transform net.minecraft.world.entity.Entity
[21:58:45] [main/DEBUG] (net.neoforged.accesstransformer.AccessTransformer) Transforming net.minecraft.world.entity.Entity FIELD ENTITY_COUNTER to access PROTECTED and LEAVE
[21:58:45] [main/DEBUG] (net.neoforged.accesstransformer.AccessTransformer) Transforming net.minecraft.world.entity.Entity METHOD getEncodeId()Ljava/lang/String; to access PUBLIC and LEAVE
[21:58:45] [main/DEBUG] (cpw.mods.modlauncher.LaunchPluginHandler) LauncherPluginService accesstransformer transformed net.minecraft.world.entity.Entity with class compute flags 256
[21:58:45] [main/DEBUG] (cpw.mods.modlauncher.LaunchPluginHandler) Final flags state for net.minecraft.world.entity.Entity is 256
[21:58:45] [main/DEBUG] (cpw.mods.modlauncher.LaunchPluginHandler) LauncherPluginService unprotect offering transform net.minecraft.world.entity.Entity
[21:58:45] [main/DEBUG] (cpw.mods.modlauncher.LaunchPluginHandler) LauncherPluginService unprotect transformed net.minecraft.world.entity.Entity with class compute flags 2
[21:58:45] [main/DEBUG] (cpw.mods.modlauncher.LaunchPluginHandler) LauncherPluginService runtimedistcleaner offering transform net.minecraft.world.entity.Entity
[21:58:45] [main/DEBUG] (cpw.mods.modlauncher.LaunchPluginHandler) Final flags state for net.minecraft.world.entity.Entity is 2
[21:58:45] [main/DEBUG] (cpw.mods.modlauncher.LaunchPluginHandler) LaunchPluginService {AFTER=[org.spongepowered.asm.launch.MixinLaunchPlugin@681f5a1e, juuxel.unprotect.UnprotectLaunchPlugin@6bd01b0e, net.neoforged.fml.common.asm.RuntimeDistCleaner@474c8d42]}
[21:58:45] [main/DEBUG] (cpw.mods.modlauncher.LaunchPluginHandler) Final flags state for net.minecraft.world.level.portal.DimensionTransition is 0
[21:58:45] [main/DEBUG] (cpw.mods.modlauncher.LaunchPluginHandler) LauncherPluginService mixin offering transform net.minecraft.world.level.portal.DimensionTransition
[21:58:45] [main/DEBUG] (cpw.mods.modlauncher.LaunchPluginHandler) LauncherPluginService unprotect offering transform net.minecraft.world.level.portal.DimensionTransition
[21:58:45] [main/DEBUG] (cpw.mods.modlauncher.LaunchPluginHandler) LauncherPluginService unprotect transformed net.minecraft.world.level.portal.DimensionTransition with class compute flags 2
[21:58:45] [main/DEBUG] (cpw.mods.modlauncher.LaunchPluginHandler) LauncherPluginService runtimedistcleaner offering transform net.minecraft.world.level.portal.DimensionTransition
[21:58:45] [main/DEBUG] (cpw.mods.modlauncher.LaunchPluginHandler) Final flags state for net.minecraft.world.level.portal.DimensionTransition is 2
[21:58:45] [main/DEBUG] (cpw.mods.modlauncher.LaunchPluginHandler) LaunchPluginService {AFTER=[net.neoforged.fml.common.asm.RuntimeDistCleaner@474c8d42]}
[21:58:45] [main/DEBUG] (cpw.mods.modlauncher.LaunchPluginHandler) Final flags state for dev.architectury.event.events.client.ClientCommandRegistrationEvent$ClientCommandSourceStack is 0
[21:58:45] [main/DEBUG] (cpw.mods.modlauncher.LaunchPluginHandler) LauncherPluginService runtimedistcleaner offering transform dev.architectury.event.events.client.ClientCommandRegistrationEvent$ClientCommandSourceStack
[21:58:45] [main/DEBUG] (cpw.mods.modlauncher.LaunchPluginHandler) Final flags state for dev.architectury.event.events.client.ClientCommandRegistrationEvent$ClientCommandSourceStack is 0
[21:58:45] [main/DEBUG] (cpw.mods.modlauncher.LaunchPluginHandler) LaunchPluginService {AFTER=[net.neoforged.fml.common.asm.RuntimeDistCleaner@474c8d42]}
[21:58:45] [main/DEBUG] (cpw.mods.modlauncher.LaunchPluginHandler) Final flags state for dev.architectury.event.events.client.ClientTickEvent$ClientLevel is 0
[21:58:45] [main/DEBUG] (cpw.mods.modlauncher.LaunchPluginHandler) LauncherPluginService runtimedistcleaner offering transform dev.architectury.event.events.client.ClientTickEvent$ClientLevel
[21:58:45] [main/DEBUG] (net.neoforged.fml.common.asm.RuntimeDistCleaner) Removing Class Annotation: dev/architectury/event/events/client/ClientTickEvent$ClientLevel @Lnet/neoforged/api/distmarker/OnlyIn;
[21:58:45] [main/DEBUG] (cpw.mods.modlauncher.LaunchPluginHandler) LauncherPluginService runtimedistcleaner transformed dev.architectury.event.events.client.ClientTickEvent$ClientLevel with class compute flags 256
[21:58:45] [main/DEBUG] (cpw.mods.modlauncher.LaunchPluginHandler) Final flags state for dev.architectury.event.events.client.ClientTickEvent$ClientLevel is 256
[21:58:45] [main/DEBUG] (cpw.mods.modlauncher.LaunchPluginHandler) LaunchPluginService {BEFORE=[net.neoforged.accesstransformer.ml.AccessTransformerService@23038621], AFTER=[juuxel.unprotect.UnprotectLaunchPlugin@6bd01b0e, net.neoforged.fml.common.asm.RuntimeDistCleaner@474c8d42]}
[21:58:45] [main/DEBUG] (cpw.mods.modlauncher.LaunchPluginHandler) LauncherPluginService accesstransformer offering transform net.minecraft.world.level.Level
[21:58:45] [main/DEBUG] (net.neoforged.accesstransformer.AccessTransformer) Transforming net.minecraft.world.level.Level FIELD oRainLevel to access PUBLIC and LEAVE
[21:58:45] [main/DEBUG] (net.neoforged.accesstransformer.AccessTransformer) Transforming net.minecraft.world.level.Level FIELD rainLevel to access PUBLIC and LEAVE
[21:58:45] [main/DEBUG] (net.neoforged.accesstransformer.AccessTransformer) Transforming net.minecraft.world.level.Level FIELD oThunderLevel to access PUBLIC and LEAVE
[21:58:45] [main/DEBUG] (net.neoforged.accesstransformer.AccessTransformer) Transforming net.minecraft.world.level.Level FIELD thunderLevel to access PUBLIC and LEAVE
[21:58:45] [main/DEBUG] (cpw.mods.modlauncher.LaunchPluginHandler) LauncherPluginService accesstransformer transformed net.minecraft.world.level.Level with class compute flags 256
[21:58:45] [main/DEBUG] (cpw.mods.modlauncher.LaunchPluginHandler) Final flags state for net.minecraft.world.level.Level is 256
[21:58:45] [main/DEBUG] (cpw.mods.modlauncher.LaunchPluginHandler) LauncherPluginService unprotect offering transform net.minecraft.world.level.Level
[21:58:45] [main/DEBUG] (cpw.mods.modlauncher.LaunchPluginHandler) LauncherPluginService unprotect transformed net.minecraft.world.level.Level with class compute flags 2
[21:58:45] [main/DEBUG] (cpw.mods.modlauncher.LaunchPluginHandler) LauncherPluginService runtimedistcleaner offering transform net.minecraft.world.level.Level
[21:58:45] [main/DEBUG] (cpw.mods.modlauncher.LaunchPluginHandler) Final flags state for net.minecraft.world.level.Level is 2
[21:58:45] [main/DEBUG] (cpw.mods.modlauncher.LaunchPluginHandler) LaunchPluginService {AFTER=[net.neoforged.fml.common.asm.RuntimeDistCleaner@474c8d42]}
[21:58:45] [main/DEBUG] (cpw.mods.modlauncher.LaunchPluginHandler) Final flags state for dev.architectury.event.events.client.ClientLifecycleEvent$ClientState is 0
[21:58:45] [main/DEBUG] (cpw.mods.modlauncher.LaunchPluginHandler) LauncherPluginService runtimedistcleaner offering transform dev.architectury.event.events.client.ClientLifecycleEvent$ClientState
[21:58:45] [main/DEBUG] (net.neoforged.fml.common.asm.RuntimeDistCleaner) Removing Class Annotation: dev/architectury/event/events/client/ClientLifecycleEvent$ClientState @Lnet/neoforged/api/distmarker/OnlyIn;
[21:58:45] [main/DEBUG] (cpw.mods.modlauncher.LaunchPluginHandler) LauncherPluginService runtimedistcleaner transformed dev.architectury.event.events.client.ClientLifecycleEvent$ClientState with class compute flags 256
[21:58:45] [main/DEBUG] (cpw.mods.modlauncher.LaunchPluginHandler) Final flags state for dev.architectury.event.events.client.ClientLifecycleEvent$ClientState is 256
[21:58:45] [main/DEBUG] (cpw.mods.modlauncher.LaunchPluginHandler) LaunchPluginService {AFTER=[net.neoforged.fml.common.asm.RuntimeDistCleaner@474c8d42]}
[21:58:45] [main/DEBUG] (cpw.mods.modlauncher.LaunchPluginHandler) Final flags state for dev.architectury.event.events.common.LightningEvent$Strike is 0
[21:58:45] [main/DEBUG] (cpw.mods.modlauncher.LaunchPluginHandler) LauncherPluginService runtimedistcleaner offering transform dev.architectury.event.events.common.LightningEvent$Strike
[21:58:45] [main/DEBUG] (cpw.mods.modlauncher.LaunchPluginHandler) Final flags state for dev.architectury.event.events.common.LightningEvent$Strike is 0
[21:58:45] [main/DEBUG] (mixin) Prepared 96 mixins in 0.338 sec (3.5ms avg) (0ms load, 0ms transform, 0ms plugin)
[21:58:45] [main/DEBUG] (cpw.mods.modlauncher.LaunchPluginHandler) LauncherPluginService runtimedistcleaner offering transform net.neoforged.neoforge.client.loading.NeoForgeLoadingOverlay
[21:58:45] [main/DEBUG] (cpw.mods.modlauncher.LaunchPluginHandler) Final flags state for net.neoforged.neoforge.client.loading.NeoForgeLoadingOverlay is 0
[21:58:45] [main/DEBUG] (cpw.mods.modlauncher.LaunchPluginHandler) LaunchPluginService {AFTER=[org.spongepowered.asm.launch.MixinLaunchPlugin@681f5a1e, juuxel.unprotect.UnprotectLaunchPlugin@6bd01b0e, net.neoforged.fml.common.asm.RuntimeDistCleaner@474c8d42]}
[21:58:45] [main/DEBUG] (cpw.mods.modlauncher.LaunchPluginHandler) Final flags state for net.minecraft.client.gui.screens.LoadingOverlay is 0
[21:58:45] [main/DEBUG] (cpw.mods.modlauncher.LaunchPluginHandler) LauncherPluginService mixin offering transform net.minecraft.client.gui.screens.LoadingOverlay
[21:58:45] [main/DEBUG] (cpw.mods.modlauncher.LaunchPluginHandler) LauncherPluginService unprotect offering transform net.minecraft.client.gui.screens.LoadingOverlay
[21:58:45] [main/DEBUG] (cpw.mods.modlauncher.LaunchPluginHandler) LauncherPluginService unprotect transformed net.minecraft.client.gui.screens.LoadingOverlay with class compute flags 2
[21:58:45] [main/DEBUG] (cpw.mods.modlauncher.LaunchPluginHandler) LauncherPluginService runtimedistcleaner offering transform net.minecraft.client.gui.screens.LoadingOverlay
[21:58:45] [main/DEBUG] (net.neoforged.fml.common.asm.RuntimeDistCleaner) Removing Class Annotation: net/minecraft/client/gui/screens/LoadingOverlay @Lnet/neoforged/api/distmarker/OnlyIn;
[21:58:45] [main/DEBUG] (cpw.mods.modlauncher.LaunchPluginHandler) LauncherPluginService runtimedistcleaner transformed net.minecraft.client.gui.screens.LoadingOverlay with class compute flags 256
[21:58:45] [main/DEBUG] (cpw.mods.modlauncher.LaunchPluginHandler) Final flags state for net.minecraft.client.gui.screens.LoadingOverlay is 258
[21:58:45] [main/DEBUG] (cpw.mods.modlauncher.LaunchPluginHandler) LaunchPluginService {AFTER=[org.spongepowered.asm.launch.MixinLaunchPlugin@681f5a1e, juuxel.unprotect.UnprotectLaunchPlugin@6bd01b0e, net.neoforged.fml.common.asm.RuntimeDistCleaner@474c8d42]}
[21:58:45] [main/DEBUG] (cpw.mods.modlauncher.LaunchPluginHandler) Final flags state for net.minecraft.client.gui.screens.Overlay is 0
[21:58:45] [main/DEBUG] (cpw.mods.modlauncher.LaunchPluginHandler) LauncherPluginService mixin offering transform net.minecraft.client.gui.screens.Overlay
[21:58:45] [main/DEBUG] (cpw.mods.modlauncher.LaunchPluginHandler) LauncherPluginService unprotect offering transform net.minecraft.client.gui.screens.Overlay
[21:58:45] [main/DEBUG] (cpw.mods.modlauncher.LaunchPluginHandler) LauncherPluginService runtimedistcleaner offering transform net.minecraft.client.gui.screens.Overlay
[21:58:45] [main/DEBUG] (net.neoforged.fml.common.asm.RuntimeDistCleaner) Removing Class Annotation: net/minecraft/client/gui/screens/Overlay @Lnet/neoforged/api/distmarker/OnlyIn;
[21:58:45] [main/DEBUG] (cpw.mods.modlauncher.LaunchPluginHandler) LauncherPluginService runtimedistcleaner transformed net.minecraft.client.gui.screens.Overlay with class compute flags 256
[21:58:45] [main/DEBUG] (cpw.mods.modlauncher.LaunchPluginHandler) Final flags state for net.minecraft.client.gui.screens.Overlay is 256
[21:58:45] [main/DEBUG] (cpw.mods.modlauncher.LaunchPluginHandler) LaunchPluginService {AFTER=[org.spongepowered.asm.launch.MixinLaunchPlugin@681f5a1e, juuxel.unprotect.UnprotectLaunchPlugin@6bd01b0e, net.neoforged.fml.common.asm.RuntimeDistCleaner@474c8d42]}
[21:58:45] [main/DEBUG] (cpw.mods.modlauncher.LaunchPluginHandler) Final flags state for net.minecraft.client.gui.components.Renderable is 0
[21:58:45] [main/DEBUG] (cpw.mods.modlauncher.LaunchPluginHandler) LauncherPluginService mixin offering transform net.minecraft.client.gui.components.Renderable
[21:58:45] [main/DEBUG] (cpw.mods.modlauncher.LaunchPluginHandler) LauncherPluginService unprotect offering transform net.minecraft.client.gui.components.Renderable
[21:58:45] [main/DEBUG] (cpw.mods.modlauncher.LaunchPluginHandler) LauncherPluginService runtimedistcleaner offering transform net.minecraft.client.gui.components.Renderable
[21:58:45] [main/DEBUG] (net.neoforged.fml.common.asm.RuntimeDistCleaner) Removing Class Annotation: net/minecraft/client/gui/components/Renderable @Lnet/neoforged/api/distmarker/OnlyIn;
[21:58:45] [main/DEBUG] (cpw.mods.modlauncher.LaunchPluginHandler) LauncherPluginService runtimedistcleaner transformed net.minecraft.client.gui.components.Renderable with class compute flags 256
[21:58:45] [main/DEBUG] (cpw.mods.modlauncher.LaunchPluginHandler) Final flags state for net.minecraft.client.gui.components.Renderable is 256
[21:58:45] [main/DEBUG] (cpw.mods.modlauncher.LaunchPluginHandler) LaunchPluginService {AFTER=[org.spongepowered.asm.launch.MixinLaunchPlugin@681f5a1e, juuxel.unprotect.UnprotectLaunchPlugin@6bd01b0e, net.neoforged.fml.common.asm.RuntimeDistCleaner@474c8d42]}
[21:58:45] [main/DEBUG] (cpw.mods.modlauncher.LaunchPluginHandler) Final flags state for net.minecraft.client.renderer.texture.AbstractTexture is 0
[21:58:45] [main/DEBUG] (cpw.mods.modlauncher.LaunchPluginHandler) LauncherPluginService mixin offering transform net.minecraft.client.renderer.texture.AbstractTexture
[21:58:45] [main/DEBUG] (cpw.mods.modlauncher.LaunchPluginHandler) LauncherPluginService unprotect offering transform net.minecraft.client.renderer.texture.AbstractTexture
[21:58:45] [main/DEBUG] (cpw.mods.modlauncher.LaunchPluginHandler) LauncherPluginService unprotect transformed net.minecraft.client.renderer.texture.AbstractTexture with class compute flags 2
[21:58:45] [main/DEBUG] (cpw.mods.modlauncher.LaunchPluginHandler) LauncherPluginService runtimedistcleaner offering transform net.minecraft.client.renderer.texture.AbstractTexture
[21:58:45] [main/DEBUG] (net.neoforged.fml.common.asm.RuntimeDistCleaner) Removing Class Annotation: net/minecraft/client/renderer/texture/AbstractTexture @Lnet/neoforged/api/distmarker/OnlyIn;
[21:58:45] [main/DEBUG] (cpw.mods.modlauncher.LaunchPluginHandler) LauncherPluginService runtimedistcleaner transformed net.minecraft.client.renderer.texture.AbstractTexture with class compute flags 256
[21:58:45] [main/DEBUG] (cpw.mods.modlauncher.LaunchPluginHandler) Final flags state for net.minecraft.client.renderer.texture.AbstractTexture is 258
[21:58:45] [main/DEBUG] (cpw.mods.modlauncher.LaunchPluginHandler) LaunchPluginService {AFTER=[org.spongepowered.asm.launch.MixinLaunchPlugin@681f5a1e, juuxel.unprotect.UnprotectLaunchPlugin@6bd01b0e, net.neoforged.fml.common.asm.RuntimeDistCleaner@474c8d42]}
[21:58:45] [main/DEBUG] (cpw.mods.modlauncher.LaunchPluginHandler) Final flags state for net.minecraft.client.gui.screens.LoadingOverlay$LogoTexture is 0
[21:58:45] [main/DEBUG] (cpw.mods.modlauncher.LaunchPluginHandler) LauncherPluginService mixin offering transform net.minecraft.client.gui.screens.LoadingOverlay$LogoTexture
[21:58:45] [main/DEBUG] (cpw.mods.modlauncher.LaunchPluginHandler) LauncherPluginService unprotect offering transform net.minecraft.client.gui.screens.LoadingOverlay$LogoTexture
[21:58:45] [main/DEBUG] (cpw.mods.modlauncher.LaunchPluginHandler) LauncherPluginService unprotect transformed net.minecraft.client.gui.screens.LoadingOverlay$LogoTexture with class compute flags 2
[21:58:45] [main/DEBUG] (cpw.mods.modlauncher.LaunchPluginHandler) LauncherPluginService runtimedistcleaner offering transform net.minecraft.client.gui.screens.LoadingOverlay$LogoTexture
[21:58:45] [main/DEBUG] (net.neoforged.fml.common.asm.RuntimeDistCleaner) Removing Class Annotation: net/minecraft/client/gui/screens/LoadingOverlay$LogoTexture @Lnet/neoforged/api/distmarker/OnlyIn;
[21:58:45] [main/DEBUG] (cpw.mods.modlauncher.LaunchPluginHandler) LauncherPluginService runtimedistcleaner transformed net.minecraft.client.gui.screens.LoadingOverlay$LogoTexture with class compute flags 256
[21:58:45] [main/DEBUG] (cpw.mods.modlauncher.LaunchPluginHandler) Final flags state for net.minecraft.client.gui.screens.LoadingOverlay$LogoTexture is 258
[21:58:45] [main/DEBUG] (cpw.mods.modlauncher.LaunchPluginHandler) LaunchPluginService {BEFORE=[net.neoforged.accesstransformer.ml.AccessTransformerService@23038621], AFTER=[org.spongepowered.asm.launch.MixinLaunchPlugin@681f5a1e, juuxel.unprotect.UnprotectLaunchPlugin@6bd01b0e, net.neoforged.fml.common.asm.RuntimeDistCleaner@474c8d42]}
[21:58:45] [main/DEBUG] (cpw.mods.modlauncher.LaunchPluginHandler) LauncherPluginService accesstransformer offering transform net.minecraft.client.renderer.texture.SimpleTexture
[21:58:45] [main/DEBUG] (net.neoforged.accesstransformer.AccessTransformer) Transforming net.minecraft.client.renderer.texture.SimpleTexture INNERCLASS TextureImage to access PUBLIC and LEAVE
[21:58:45] [main/DEBUG] (cpw.mods.modlauncher.LaunchPluginHandler) LauncherPluginService accesstransformer transformed net.minecraft.client.renderer.texture.SimpleTexture with class compute flags 256
[21:58:45] [main/DEBUG] (cpw.mods.modlauncher.LaunchPluginHandler) Final flags state for net.minecraft.client.renderer.texture.SimpleTexture is 256
[21:58:45] [main/DEBUG] (cpw.mods.modlauncher.LaunchPluginHandler) LauncherPluginService mixin offering transform net.minecraft.client.renderer.texture.SimpleTexture
[21:58:45] [main/DEBUG] (cpw.mods.modlauncher.LaunchPluginHandler) LauncherPluginService unprotect offering transform net.minecraft.client.renderer.texture.SimpleTexture
[21:58:45] [main/DEBUG] (cpw.mods.modlauncher.LaunchPluginHandler) LauncherPluginService unprotect transformed net.minecraft.client.renderer.texture.SimpleTexture with class compute flags 2
[21:58:45] [main/DEBUG] (cpw.mods.modlauncher.LaunchPluginHandler) LauncherPluginService runtimedistcleaner offering transform net.minecraft.client.renderer.texture.SimpleTexture
[21:58:45] [main/DEBUG] (net.neoforged.fml.common.asm.RuntimeDistCleaner) Removing Class Annotation: net/minecraft/client/renderer/texture/SimpleTexture @Lnet/neoforged/api/distmarker/OnlyIn;
[21:58:45] [main/DEBUG] (cpw.mods.modlauncher.LaunchPluginHandler) LauncherPluginService runtimedistcleaner transformed net.minecraft.client.renderer.texture.SimpleTexture with class compute flags 256
[21:58:45] [main/DEBUG] (cpw.mods.modlauncher.LaunchPluginHandler) Final flags state for net.minecraft.client.renderer.texture.SimpleTexture is 258
[21:58:45] [main/DEBUG] (cpw.mods.modlauncher.LaunchPluginHandler) LaunchPluginService {AFTER=[org.spongepowered.asm.launch.MixinLaunchPlugin@681f5a1e, juuxel.unprotect.UnprotectLaunchPlugin@6bd01b0e, net.neoforged.fml.common.asm.RuntimeDistCleaner@474c8d42]}
[21:58:45] [main/DEBUG] (cpw.mods.modlauncher.LaunchPluginHandler) Final flags state for com.mojang.blaze3d.vertex.VertexConsumer is 0
[21:58:45] [main/DEBUG] (cpw.mods.modlauncher.LaunchPluginHandler) LauncherPluginService mixin offering transform com.mojang.blaze3d.vertex.VertexConsumer
[21:58:45] [main/DEBUG] (cpw.mods.modlauncher.LaunchPluginHandler) LauncherPluginService unprotect offering transform com.mojang.blaze3d.vertex.VertexConsumer
[21:58:45] [main/DEBUG] (cpw.mods.modlauncher.LaunchPluginHandler) LauncherPluginService runtimedistcleaner offering transform com.mojang.blaze3d.vertex.VertexConsumer
[21:58:45] [main/DEBUG] (net.neoforged.fml.common.asm.RuntimeDistCleaner) Removing Class Annotation: com/mojang/blaze3d/vertex/VertexConsumer @Lnet/neoforged/api/distmarker/OnlyIn;
[21:58:45] [main/DEBUG] (cpw.mods.modlauncher.LaunchPluginHandler) LauncherPluginService runtimedistcleaner transformed com.mojang.blaze3d.vertex.VertexConsumer with class compute flags 256
[21:58:45] [main/DEBUG] (cpw.mods.modlauncher.LaunchPluginHandler) Final flags state for com.mojang.blaze3d.vertex.VertexConsumer is 256
[21:58:45] [main/DEBUG] (cpw.mods.modlauncher.LaunchPluginHandler) LaunchPluginService {AFTER=[org.spongepowered.asm.launch.MixinLaunchPlugin@681f5a1e, net.neoforged.fml.common.asm.RuntimeDistCleaner@474c8d42]}
[21:58:45] [main/DEBUG] (cpw.mods.modlauncher.LaunchPluginHandler) Final flags state for net.neoforged.neoforge.client.extensions.IVertexConsumerExtension is 0
[21:58:45] [main/DEBUG] (cpw.mods.modlauncher.LaunchPluginHandler) LauncherPluginService mixin offering transform net.neoforged.neoforge.client.extensions.IVertexConsumerExtension
[21:58:45] [main/DEBUG] (cpw.mods.modlauncher.LaunchPluginHandler) LauncherPluginService runtimedistcleaner offering transform net.neoforged.neoforge.client.extensions.IVertexConsumerExtension
[21:58:45] [main/DEBUG] (cpw.mods.modlauncher.LaunchPluginHandler) Final flags state for net.neoforged.neoforge.client.extensions.IVertexConsumerExtension is 0
[21:58:45] [main/DEBUG] (cpw.mods.modlauncher.LaunchPluginHandler) LaunchPluginService {AFTER=[org.spongepowered.asm.launch.MixinLaunchPlugin@681f5a1e, juuxel.unprotect.UnprotectLaunchPlugin@6bd01b0e, net.neoforged.fml.common.asm.RuntimeDistCleaner@474c8d42]}
[21:58:45] [main/DEBUG] (cpw.mods.modlauncher.LaunchPluginHandler) Final flags state for net.minecraft.client.gui.GuiGraphics is 0
[21:58:45] [main/DEBUG] (cpw.mods.modlauncher.LaunchPluginHandler) LauncherPluginService mixin offering transform net.minecraft.client.gui.GuiGraphics
[21:58:45] [main/INFO] (MixinExtras|Service) Initializing MixinExtras via com.llamalad7.mixinextras.service.MixinExtrasServiceImpl(version=0.5.0).
[21:58:45] [main/DEBUG] (cpw.mods.modlauncher.LaunchPluginHandler) LaunchPluginService {AFTER=[org.spongepowered.asm.launch.MixinLaunchPlugin@681f5a1e, net.neoforged.fml.common.asm.RuntimeDistCleaner@474c8d42]}
[21:58:45] [main/DEBUG] (cpw.mods.modlauncher.LaunchPluginHandler) Final flags state for com.llamalad7.mixinextras.sugar.impl.SugarWrapper is 0
[21:58:45] [main/DEBUG] (cpw.mods.modlauncher.LaunchPluginHandler) LauncherPluginService mixin offering transform com.llamalad7.mixinextras.sugar.impl.SugarWrapper
[21:58:45] [main/DEBUG] (cpw.mods.modlauncher.LaunchPluginHandler) LauncherPluginService runtimedistcleaner offering transform com.llamalad7.mixinextras.sugar.impl.SugarWrapper
[21:58:45] [main/DEBUG] (cpw.mods.modlauncher.LaunchPluginHandler) Final flags state for com.llamalad7.mixinextras.sugar.impl.SugarWrapper is 0
[21:58:45] [main/DEBUG] (mixin) Registering new injector for @SugarWrapper with com.llamalad7.mixinextras.sugar.impl.SugarWrapperInjectionInfo
[21:58:45] [main/DEBUG] (cpw.mods.modlauncher.LaunchPluginHandler) LaunchPluginService {AFTER=[org.spongepowered.asm.launch.MixinLaunchPlugin@681f5a1e, net.neoforged.fml.common.asm.RuntimeDistCleaner@474c8d42]}
[21:58:45] [main/DEBUG] (cpw.mods.modlauncher.LaunchPluginHandler) Final flags state for com.llamalad7.mixinextras.wrapper.factory.FactoryRedirectWrapper is 0
[21:58:45] [main/DEBUG] (cpw.mods.modlauncher.LaunchPluginHandler) LauncherPluginService mixin offering transform com.llamalad7.mixinextras.wrapper.factory.FactoryRedirectWrapper
[21:58:45] [main/DEBUG] (cpw.mods.modlauncher.LaunchPluginHandler) LauncherPluginService runtimedistcleaner offering transform com.llamalad7.mixinextras.wrapper.factory.FactoryRedirectWrapper
[21:58:45] [main/DEBUG] (cpw.mods.modlauncher.LaunchPluginHandler) Final flags state for com.llamalad7.mixinextras.wrapper.factory.FactoryRedirectWrapper is 0
[21:58:45] [main/DEBUG] (mixin) Registering new injector for @FactoryRedirectWrapper with com.llamalad7.mixinextras.wrapper.factory.FactoryRedirectWrapperInjectionInfo
[21:58:45] [main/DEBUG] (cpw.mods.modlauncher.LaunchPluginHandler) LaunchPluginService {AFTER=[org.spongepowered.asm.launch.MixinLaunchPlugin@681f5a1e, net.neoforged.fml.common.asm.RuntimeDistCleaner@474c8d42]}
[21:58:45] [main/DEBUG] (cpw.mods.modlauncher.LaunchPluginHandler) Final flags state for com.llamalad7.mixinextras.expression.impl.wrapper.ExpressionInjectorWrapper is 0
[21:58:45] [main/DEBUG] (cpw.mods.modlauncher.LaunchPluginHandler) LauncherPluginService mixin offering transform com.llamalad7.mixinextras.expression.impl.wrapper.ExpressionInjectorWrapper
[21:58:45] [main/DEBUG] (cpw.mods.modlauncher.LaunchPluginHandler) LauncherPluginService runtimedistcleaner offering transform com.llamalad7.mixinextras.expression.impl.wrapper.ExpressionInjectorWrapper
[21:58:45] [main/DEBUG] (cpw.mods.modlauncher.LaunchPluginHandler) Final flags state for com.llamalad7.mixinextras.expression.impl.wrapper.ExpressionInjectorWrapper is 0
[21:58:45] [main/DEBUG] (mixin) Registering new injector for @ExpressionInjectorWrapper with com.llamalad7.mixinextras.expression.impl.wrapper.ExpressionInjectorWrapperInjectionInfo
[21:58:45] [main/DEBUG] (cpw.mods.modlauncher.LaunchPluginHandler) LaunchPluginService {AFTER=[org.spongepowered.asm.launch.MixinLaunchPlugin@681f5a1e, net.neoforged.fml.common.asm.RuntimeDistCleaner@474c8d42]}
[21:58:45] [main/DEBUG] (cpw.mods.modlauncher.LaunchPluginHandler) Final flags state for com.llamalad7.mixinextras.lib.apache.commons.tuple.Pair is 0
[21:58:45] [main/DEBUG] (cpw.mods.modlauncher.LaunchPluginHandler) LauncherPluginService mixin offering transform com.llamalad7.mixinextras.lib.apache.commons.tuple.Pair
[21:58:45] [main/DEBUG] (cpw.mods.modlauncher.LaunchPluginHandler) LauncherPluginService runtimedistcleaner offering transform com.llamalad7.mixinextras.lib.apache.commons.tuple.Pair
[21:58:45] [main/DEBUG] (cpw.mods.modlauncher.LaunchPluginHandler) Final flags state for com.llamalad7.mixinextras.lib.apache.commons.tuple.Pair is 0
[21:58:45] [main/DEBUG] (cpw.mods.modlauncher.LaunchPluginHandler) LaunchPluginService {AFTER=[org.spongepowered.asm.launch.MixinLaunchPlugin@681f5a1e, net.neoforged.fml.common.asm.RuntimeDistCleaner@474c8d42]}
[21:58:45] [main/DEBUG] (cpw.mods.modlauncher.LaunchPluginHandler) Final flags state for com.llamalad7.mixinextras.lib.apache.commons.tuple.ImmutablePair is 0
[21:58:45] [main/DEBUG] (cpw.mods.modlauncher.LaunchPluginHandler) LauncherPluginService mixin offering transform com.llamalad7.mixinextras.lib.apache.commons.tuple.ImmutablePair
[21:58:45] [main/DEBUG] (cpw.mods.modlauncher.LaunchPluginHandler) LauncherPluginService runtimedistcleaner offering transform com.llamalad7.mixinextras.lib.apache.commons.tuple.ImmutablePair
[21:58:45] [main/DEBUG] (cpw.mods.modlauncher.LaunchPluginHandler) Final flags state for com.llamalad7.mixinextras.lib.apache.commons.tuple.ImmutablePair is 0
[21:58:45] [main/DEBUG] (cpw.mods.modlauncher.LaunchPluginHandler) LaunchPluginService {AFTER=[org.spongepowered.asm.launch.MixinLaunchPlugin@681f5a1e, net.neoforged.fml.common.asm.RuntimeDistCleaner@474c8d42]}
[21:58:45] [main/DEBUG] (cpw.mods.modlauncher.LaunchPluginHandler) Final flags state for com.llamalad7.mixinextras.expression.Expression is 0
[21:58:45] [main/DEBUG] (cpw.mods.modlauncher.LaunchPluginHandler) LauncherPluginService mixin offering transform com.llamalad7.mixinextras.expression.Expression
[21:58:45] [main/DEBUG] (cpw.mods.modlauncher.LaunchPluginHandler) LauncherPluginService runtimedistcleaner offering transform com.llamalad7.mixinextras.expression.Expression
[21:58:45] [main/DEBUG] (cpw.mods.modlauncher.LaunchPluginHandler) Final flags state for com.llamalad7.mixinextras.expression.Expression is 0
[21:58:45] [main/DEBUG] (cpw.mods.modlauncher.LaunchPluginHandler) LaunchPluginService {AFTER=[org.spongepowered.asm.launch.MixinLaunchPlugin@681f5a1e, net.neoforged.fml.common.asm.RuntimeDistCleaner@474c8d42]}
[21:58:45] [main/DEBUG] (cpw.mods.modlauncher.LaunchPluginHandler) Final flags state for com.llamalad7.mixinextras.utils.ASMUtils is 0
[21:58:45] [main/DEBUG] (cpw.mods.modlauncher.LaunchPluginHandler) LauncherPluginService mixin offering transform com.llamalad7.mixinextras.utils.ASMUtils
[21:58:45] [main/DEBUG] (cpw.mods.modlauncher.LaunchPluginHandler) LauncherPluginService runtimedistcleaner offering transform com.llamalad7.mixinextras.utils.ASMUtils
[21:58:45] [main/DEBUG] (cpw.mods.modlauncher.LaunchPluginHandler) Final flags state for com.llamalad7.mixinextras.utils.ASMUtils is 0
[21:58:45] [main/DEBUG] (cpw.mods.modlauncher.LaunchPluginHandler) LaunchPluginService {AFTER=[org.spongepowered.asm.launch.MixinLaunchPlugin@681f5a1e, net.neoforged.fml.common.asm.RuntimeDistCleaner@474c8d42]}
[21:58:45] [main/DEBUG] (cpw.mods.modlauncher.LaunchPluginHandler) Final flags state for com.llamalad7.mixinextras.expression.Expressions is 0
[21:58:45] [main/DEBUG] (cpw.mods.modlauncher.LaunchPluginHandler) LauncherPluginService mixin offering transform com.llamalad7.mixinextras.expression.Expressions
[21:58:45] [main/DEBUG] (cpw.mods.modlauncher.LaunchPluginHandler) LauncherPluginService runtimedistcleaner offering transform com.llamalad7.mixinextras.expression.Expressions
[21:58:45] [main/DEBUG] (cpw.mods.modlauncher.LaunchPluginHandler) Final flags state for com.llamalad7.mixinextras.expression.Expressions is 0
[21:58:45] [main/DEBUG] (cpw.mods.modlauncher.LaunchPluginHandler) LaunchPluginService {AFTER=[org.spongepowered.asm.launch.MixinLaunchPlugin@681f5a1e, net.neoforged.fml.common.asm.RuntimeDistCleaner@474c8d42]}
[21:58:45] [main/DEBUG] (cpw.mods.modlauncher.LaunchPluginHandler) Final flags state for com.llamalad7.mixinextras.sugar.impl.SugarInjector is 0
[21:58:45] [main/DEBUG] (cpw.mods.modlauncher.LaunchPluginHandler) LauncherPluginService mixin offering transform com.llamalad7.mixinextras.sugar.impl.SugarInjector
[21:58:45] [main/DEBUG] (cpw.mods.modlauncher.LaunchPluginHandler) LauncherPluginService runtimedistcleaner offering transform com.llamalad7.mixinextras.sugar.impl.SugarInjector
[21:58:45] [main/DEBUG] (cpw.mods.modlauncher.LaunchPluginHandler) Final flags state for com.llamalad7.mixinextras.sugar.impl.SugarInjector is 0
[21:58:45] [main/DEBUG] (cpw.mods.modlauncher.LaunchPluginHandler) LaunchPluginService {AFTER=[org.spongepowered.asm.launch.MixinLaunchPlugin@681f5a1e, net.neoforged.fml.common.asm.RuntimeDistCleaner@474c8d42]}
[21:58:45] [main/DEBUG] (cpw.mods.modlauncher.LaunchPluginHandler) Final flags state for com.llamalad7.mixinextras.sugar.impl.SugarApplicationException is 0
[21:58:45] [main/DEBUG] (cpw.mods.modlauncher.LaunchPluginHandler) LauncherPluginService mixin offering transform com.llamalad7.mixinextras.sugar.impl.SugarApplicationException
[21:58:45] [main/DEBUG] (cpw.mods.modlauncher.LaunchPluginHandler) LauncherPluginService runtimedistcleaner offering transform com.llamalad7.mixinextras.sugar.impl.SugarApplicationException
[21:58:45] [main/DEBUG] (cpw.mods.modlauncher.LaunchPluginHandler) Final flags state for com.llamalad7.mixinextras.sugar.impl.SugarApplicationException is 0
[21:58:45] [main/DEBUG] (mixin) Mixing accessor.DrawContextAccessor from emi.mixins.json into net.minecraft.client.gui.GuiGraphics
[21:58:45] [main/DEBUG] (mixin) emi.mixins.json:accessor.DrawContextAccessor from mod emi: Class version 65 required is higher than the class version supported by the current version of Mixin (JAVA_17 supports class version 61)
[21:58:45] [main/DEBUG] (mixin) Mixing DrawContextMixin from emi.mixins.json into net.minecraft.client.gui.GuiGraphics
[21:58:45] [main/DEBUG] (mixin) emi.mixins.json:DrawContextMixin from mod emi: Class version 65 required is higher than the class version supported by the current version of Mixin (JAVA_17 supports class version 61)
[21:58:45] [main/DEBUG] (cpw.mods.modlauncher.LaunchPluginHandler) LaunchPluginService {AFTER=[net.neoforged.fml.common.asm.RuntimeDistCleaner@474c8d42]}
[21:58:45] [main/DEBUG] (cpw.mods.modlauncher.LaunchPluginHandler) Final flags state for dev.emi.emi.screen.EmiScreenManager is 0
[21:58:45] [main/DEBUG] (cpw.mods.modlauncher.LaunchPluginHandler) LauncherPluginService runtimedistcleaner offering transform dev.emi.emi.screen.EmiScreenManager
[21:58:45] [main/DEBUG] (cpw.mods.modlauncher.LaunchPluginHandler) Final flags state for dev.emi.emi.screen.EmiScreenManager is 0
[21:58:45] [main/DEBUG] (cpw.mods.modlauncher.LaunchPluginHandler) LaunchPluginService {AFTER=[net.neoforged.fml.common.asm.RuntimeDistCleaner@474c8d42]}
[21:58:45] [main/DEBUG] (cpw.mods.modlauncher.LaunchPluginHandler) Final flags state for net.neoforged.neoforge.client.extensions.IGuiGraphicsExtension is 0
[21:58:45] [main/DEBUG] (cpw.mods.modlauncher.LaunchPluginHandler) LauncherPluginService runtimedistcleaner offering transform net.neoforged.neoforge.client.extensions.IGuiGraphicsExtension
[21:58:45] [main/DEBUG] (cpw.mods.modlauncher.LaunchPluginHandler) Final flags state for net.neoforged.neoforge.client.extensions.IGuiGraphicsExtension is 0
[21:58:45] [main/DEBUG] (cpw.mods.modlauncher.LaunchPluginHandler) LaunchPluginService {AFTER=[juuxel.unprotect.UnprotectLaunchPlugin@6bd01b0e, net.neoforged.fml.common.asm.RuntimeDistCleaner@474c8d42]}
[21:58:45] [main/DEBUG] (cpw.mods.modlauncher.LaunchPluginHandler) Final flags state for net.minecraft.client.gui.Font is 0
[21:58:45] [main/DEBUG] (cpw.mods.modlauncher.LaunchPluginHandler) LauncherPluginService unprotect offering transform net.minecraft.client.gui.Font
[21:58:45] [main/DEBUG] (cpw.mods.modlauncher.LaunchPluginHandler) LauncherPluginService unprotect transformed net.minecraft.client.gui.Font with class compute flags 2
[21:58:45] [main/DEBUG] (cpw.mods.modlauncher.LaunchPluginHandler) LauncherPluginService runtimedistcleaner offering transform net.minecraft.client.gui.Font
[21:58:45] [main/DEBUG] (net.neoforged.fml.common.asm.RuntimeDistCleaner) Removing Class Annotation: net/minecraft/client/gui/Font @Lnet/neoforged/api/distmarker/OnlyIn;
[21:58:45] [main/DEBUG] (cpw.mods.modlauncher.LaunchPluginHandler) LauncherPluginService runtimedistcleaner transformed net.minecraft.client.gui.Font with class compute flags 256
[21:58:45] [main/DEBUG] (cpw.mods.modlauncher.LaunchPluginHandler) Final flags state for net.minecraft.client.gui.Font is 258
[21:58:45] [main/DEBUG] (cpw.mods.modlauncher.LaunchPluginHandler) LaunchPluginService {AFTER=[net.neoforged.fml.common.asm.RuntimeDistCleaner@474c8d42]}
[21:58:45] [main/DEBUG] (cpw.mods.modlauncher.LaunchPluginHandler) Final flags state for org.spongepowered.asm.mixin.injection.callback.CallbackInfo is 0
[21:58:45] [main/DEBUG] (cpw.mods.modlauncher.LaunchPluginHandler) LauncherPluginService runtimedistcleaner offering transform org.spongepowered.asm.mixin.injection.callback.CallbackInfo
[21:58:45] [main/DEBUG] (cpw.mods.modlauncher.LaunchPluginHandler) Final flags state for org.spongepowered.asm.mixin.injection.callback.CallbackInfo is 0
[21:58:45] [main/DEBUG] (mixin) emi.mixins.json:DrawContextMixin from mod emi->@Inject::drawItemTooltip(Lnet/minecraft/client/gui/Font;Lnet/minecraft/world/item/ItemStack;IILorg/spongepowered/asm/mixin/injection/callback/CallbackInfo;)V doesn't use it's CallbackInfo
[21:58:45] [main/DEBUG] (mixin) emi.mixins.json:DrawContextMixin from mod emi->@Inject::drawItemTooltip(Lnet/minecraft/client/gui/Font;Lnet/minecraft/world/item/ItemStack;IILorg/spongepowered/asm/mixin/injection/callback/CallbackInfo;)V has 0 override(s) in child classes
[21:58:45] [main/DEBUG] (mixin) emi.mixins.json:DrawContextMixin from mod emi->@Inject::drawItemTooltip(Lnet/minecraft/client/gui/Font;Lnet/minecraft/world/item/ItemStack;IILorg/spongepowered/asm/mixin/injection/callback/CallbackInfo;)V won't be passed a CallbackInfo as a result
[21:58:45] [main/DEBUG] (cpw.mods.modlauncher.LaunchPluginHandler) LaunchPluginService {AFTER=[org.spongepowered.asm.launch.MixinLaunchPlugin@681f5a1e, net.neoforged.fml.common.asm.RuntimeDistCleaner@474c8d42]}
[21:58:45] [main/DEBUG] (cpw.mods.modlauncher.LaunchPluginHandler) Final flags state for dev.emi.emi.mixinsupport.EmiMixinTransformation is 0
[21:58:45] [main/DEBUG] (cpw.mods.modlauncher.LaunchPluginHandler) LauncherPluginService mixin offering transform dev.emi.emi.mixinsupport.EmiMixinTransformation
[21:58:45] [main/DEBUG] (cpw.mods.modlauncher.LaunchPluginHandler) LauncherPluginService runtimedistcleaner offering transform dev.emi.emi.mixinsupport.EmiMixinTransformation
[21:58:45] [main/DEBUG] (cpw.mods.modlauncher.LaunchPluginHandler) Final flags state for dev.emi.emi.mixinsupport.EmiMixinTransformation is 0
[21:58:45] [main/DEBUG] (cpw.mods.modlauncher.LaunchPluginHandler) LaunchPluginService {AFTER=[org.spongepowered.asm.launch.MixinLaunchPlugin@681f5a1e, net.neoforged.fml.common.asm.RuntimeDistCleaner@474c8d42]}
[21:58:45] [main/DEBUG] (cpw.mods.modlauncher.LaunchPluginHandler) Final flags state for dev.emi.emi.mixinsupport.annotation.Transform is 0
[21:58:45] [main/DEBUG] (cpw.mods.modlauncher.LaunchPluginHandler) LauncherPluginService mixin offering transform dev.emi.emi.mixinsupport.annotation.Transform
[21:58:45] [main/DEBUG] (cpw.mods.modlauncher.LaunchPluginHandler) LauncherPluginService runtimedistcleaner offering transform dev.emi.emi.mixinsupport.annotation.Transform
[21:58:45] [main/DEBUG] (cpw.mods.modlauncher.LaunchPluginHandler) Final flags state for dev.emi.emi.mixinsupport.annotation.Transform is 0
[21:58:45] [main/DEBUG] (cpw.mods.modlauncher.LaunchPluginHandler) LaunchPluginService {AFTER=[org.spongepowered.asm.launch.MixinLaunchPlugin@681f5a1e, net.neoforged.fml.common.asm.RuntimeDistCleaner@474c8d42]}
[21:58:45] [main/DEBUG] (cpw.mods.modlauncher.LaunchPluginHandler) Final flags state for dev.emi.emi.mixinsupport.annotation.Extends is 0
[21:58:45] [main/DEBUG] (cpw.mods.modlauncher.LaunchPluginHandler) LauncherPluginService mixin offering transform dev.emi.emi.mixinsupport.annotation.Extends
[21:58:45] [main/DEBUG] (cpw.mods.modlauncher.LaunchPluginHandler) LauncherPluginService runtimedistcleaner offering transform dev.emi.emi.mixinsupport.annotation.Extends
[21:58:45] [main/DEBUG] (cpw.mods.modlauncher.LaunchPluginHandler) Final flags state for dev.emi.emi.mixinsupport.annotation.Extends is 0
[21:58:45] [main/DEBUG] (cpw.mods.modlauncher.LaunchPluginHandler) LaunchPluginService {AFTER=[org.spongepowered.asm.launch.MixinLaunchPlugin@681f5a1e, net.neoforged.fml.common.asm.RuntimeDistCleaner@474c8d42]}
[21:58:45] [main/DEBUG] (cpw.mods.modlauncher.LaunchPluginHandler) Final flags state for dev.emi.emi.mixinsupport.annotation.StripConstructors is 0
[21:58:45] [main/DEBUG] (cpw.mods.modlauncher.LaunchPluginHandler) LauncherPluginService mixin offering transform dev.emi.emi.mixinsupport.annotation.StripConstructors
[21:58:45] [main/DEBUG] (cpw.mods.modlauncher.LaunchPluginHandler) LauncherPluginService runtimedistcleaner offering transform dev.emi.emi.mixinsupport.annotation.StripConstructors
[21:58:45] [main/DEBUG] (cpw.mods.modlauncher.LaunchPluginHandler) Final flags state for dev.emi.emi.mixinsupport.annotation.StripConstructors is 0
[21:58:45] [main/DEBUG] (cpw.mods.modlauncher.LaunchPluginHandler) LaunchPluginService {AFTER=[org.spongepowered.asm.launch.MixinLaunchPlugin@681f5a1e, net.neoforged.fml.common.asm.RuntimeDistCleaner@474c8d42]}
[21:58:45] [main/DEBUG] (cpw.mods.modlauncher.LaunchPluginHandler) Final flags state for dev.emi.emi.mixinsupport.annotation.InvokeTarget is 0
[21:58:45] [main/DEBUG] (cpw.mods.modlauncher.LaunchPluginHandler) LauncherPluginService mixin offering transform dev.emi.emi.mixinsupport.annotation.InvokeTarget
[21:58:45] [main/DEBUG] (cpw.mods.modlauncher.LaunchPluginHandler) LauncherPluginService runtimedistcleaner offering transform dev.emi.emi.mixinsupport.annotation.InvokeTarget
[21:58:45] [main/DEBUG] (cpw.mods.modlauncher.LaunchPluginHandler) Final flags state for dev.emi.emi.mixinsupport.annotation.InvokeTarget is 0
[21:58:45] [main/DEBUG] (cpw.mods.modlauncher.LaunchPluginHandler) LaunchPluginService {AFTER=[org.spongepowered.asm.launch.MixinLaunchPlugin@681f5a1e, net.neoforged.fml.common.asm.RuntimeDistCleaner@474c8d42]}
[21:58:45] [main/DEBUG] (cpw.mods.modlauncher.LaunchPluginHandler) Final flags state for dev.emi.emi.mixinsupport.annotation.AdditionalField is 0
[21:58:45] [main/DEBUG] (cpw.mods.modlauncher.LaunchPluginHandler) LauncherPluginService mixin offering transform dev.emi.emi.mixinsupport.annotation.AdditionalField
[21:58:45] [main/DEBUG] (cpw.mods.modlauncher.LaunchPluginHandler) LauncherPluginService runtimedistcleaner offering transform dev.emi.emi.mixinsupport.annotation.AdditionalField
[21:58:45] [main/DEBUG] (cpw.mods.modlauncher.LaunchPluginHandler) Final flags state for dev.emi.emi.mixinsupport.annotation.AdditionalField is 0
[21:58:45] [main/DEBUG] (cpw.mods.modlauncher.LaunchPluginHandler) LauncherPluginService mixin transformed net.minecraft.client.gui.GuiGraphics with class compute flags 2
[21:58:45] [main/DEBUG] (cpw.mods.modlauncher.LaunchPluginHandler) LauncherPluginService unprotect offering transform net.minecraft.client.gui.GuiGraphics
[21:58:45] [main/DEBUG] (cpw.mods.modlauncher.LaunchPluginHandler) LauncherPluginService unprotect transformed net.minecraft.client.gui.GuiGraphics with class compute flags 2
[21:58:45] [main/DEBUG] (cpw.mods.modlauncher.LaunchPluginHandler) LauncherPluginService runtimedistcleaner offering transform net.minecraft.client.gui.GuiGraphics
[21:58:45] [main/DEBUG] (net.neoforged.fml.common.asm.RuntimeDistCleaner) Removing Class Annotation: net/minecraft/client/gui/GuiGraphics @Lnet/neoforged/api/distmarker/OnlyIn;
[21:58:45] [main/DEBUG] (cpw.mods.modlauncher.LaunchPluginHandler) LauncherPluginService runtimedistcleaner transformed net.minecraft.client.gui.GuiGraphics with class compute flags 256
[21:58:45] [main/DEBUG] (cpw.mods.modlauncher.LaunchPluginHandler) Final flags state for net.minecraft.client.gui.GuiGraphics is 258
[21:58:45] [main/DEBUG] (cpw.mods.modlauncher.LaunchPluginHandler) LaunchPluginService {AFTER=[org.spongepowered.asm.launch.MixinLaunchPlugin@681f5a1e, net.neoforged.fml.common.asm.RuntimeDistCleaner@474c8d42]}
[21:58:45] [main/DEBUG] (cpw.mods.modlauncher.LaunchPluginHandler) Final flags state for net.neoforged.neoforge.client.extensions.IGuiGraphicsExtension is 0
[21:58:45] [main/DEBUG] (cpw.mods.modlauncher.LaunchPluginHandler) LauncherPluginService mixin offering transform net.neoforged.neoforge.client.extensions.IGuiGraphicsExtension
[21:58:45] [main/DEBUG] (cpw.mods.modlauncher.LaunchPluginHandler) LauncherPluginService runtimedistcleaner offering transform net.neoforged.neoforge.client.extensions.IGuiGraphicsExtension
[21:58:45] [main/DEBUG] (cpw.mods.modlauncher.LaunchPluginHandler) Final flags state for net.neoforged.neoforge.client.extensions.IGuiGraphicsExtension is 0
[21:58:45] [main/DEBUG] (cpw.mods.modlauncher.LaunchPluginHandler) LaunchPluginService {AFTER=[org.spongepowered.asm.launch.MixinLaunchPlugin@681f5a1e, net.neoforged.fml.common.asm.RuntimeDistCleaner@474c8d42]}
[21:58:45] [main/DEBUG] (cpw.mods.modlauncher.LaunchPluginHandler) Final flags state for dev.emi.emi.mixin.accessor.DrawContextAccessor is 0
[21:58:45] [main/DEBUG] (cpw.mods.modlauncher.LaunchPluginHandler) LauncherPluginService mixin offering transform dev.emi.emi.mixin.accessor.DrawContextAccessor
[21:58:45] [main/DEBUG] (cpw.mods.modlauncher.LaunchPluginHandler) LauncherPluginService runtimedistcleaner offering transform dev.emi.emi.mixin.accessor.DrawContextAccessor
[21:58:45] [main/DEBUG] (cpw.mods.modlauncher.LaunchPluginHandler) Final flags state for dev.emi.emi.mixin.accessor.DrawContextAccessor is 0
[21:58:45] [main/DEBUG] (cpw.mods.modlauncher.LaunchPluginHandler) LaunchPluginService {AFTER=[org.spongepowered.asm.launch.MixinLaunchPlugin@681f5a1e, juuxel.unprotect.UnprotectLaunchPlugin@6bd01b0e, net.neoforged.fml.common.asm.RuntimeDistCleaner@474c8d42]}
[21:58:45] [main/DEBUG] (cpw.mods.modlauncher.LaunchPluginHandler) Final flags state for net.minecraft.client.Minecraft is 0
[21:58:45] [main/DEBUG] (cpw.mods.modlauncher.LaunchPluginHandler) LauncherPluginService mixin offering transform net.minecraft.client.Minecraft
[21:58:45] [main/DEBUG] (cpw.mods.modlauncher.LaunchPluginHandler) LaunchPluginService {AFTER=[org.spongepowered.asm.launch.MixinLaunchPlugin@681f5a1e, net.neoforged.fml.common.asm.RuntimeDistCleaner@474c8d42]}
[21:58:45] [main/DEBUG] (cpw.mods.modlauncher.LaunchPluginHandler) Final flags state for com.llamalad7.mixinextras.sugar.impl.SugarApplicator is 0
[21:58:45] [main/DEBUG] (cpw.mods.modlauncher.LaunchPluginHandler) LauncherPluginService mixin offering transform com.llamalad7.mixinextras.sugar.impl.SugarApplicator
[21:58:45] [main/DEBUG] (cpw.mods.modlauncher.LaunchPluginHandler) LauncherPluginService runtimedistcleaner offering transform com.llamalad7.mixinextras.sugar.impl.SugarApplicator
[21:58:45] [main/DEBUG] (cpw.mods.modlauncher.LaunchPluginHandler) Final flags state for com.llamalad7.mixinextras.sugar.impl.SugarApplicator is 0
[21:58:45] [main/DEBUG] (cpw.mods.modlauncher.LaunchPluginHandler) LaunchPluginService {AFTER=[org.spongepowered.asm.launch.MixinLaunchPlugin@681f5a1e, net.neoforged.fml.common.asm.RuntimeDistCleaner@474c8d42]}
[21:58:45] [main/DEBUG] (cpw.mods.modlauncher.LaunchPluginHandler) Final flags state for com.llamalad7.mixinextras.sugar.Cancellable is 0
[21:58:45] [main/DEBUG] (cpw.mods.modlauncher.LaunchPluginHandler) LauncherPluginService mixin offering transform com.llamalad7.mixinextras.sugar.Cancellable
[21:58:45] [main/DEBUG] (cpw.mods.modlauncher.LaunchPluginHandler) LauncherPluginService runtimedistcleaner offering transform com.llamalad7.mixinextras.sugar.Cancellable
[21:58:45] [main/DEBUG] (cpw.mods.modlauncher.LaunchPluginHandler) Final flags state for com.llamalad7.mixinextras.sugar.Cancellable is 0
[21:58:45] [main/DEBUG] (cpw.mods.modlauncher.LaunchPluginHandler) LaunchPluginService {AFTER=[org.spongepowered.asm.launch.MixinLaunchPlugin@681f5a1e, net.neoforged.fml.common.asm.RuntimeDistCleaner@474c8d42]}
[21:58:45] [main/DEBUG] (cpw.mods.modlauncher.LaunchPluginHandler) Final flags state for com.llamalad7.mixinextras.sugar.impl.CancellableSugarApplicator is 0
[21:58:45] [main/DEBUG] (cpw.mods.modlauncher.LaunchPluginHandler) LauncherPluginService mixin offering transform com.llamalad7.mixinextras.sugar.impl.CancellableSugarApplicator
[21:58:45] [main/DEBUG] (cpw.mods.modlauncher.LaunchPluginHandler) LauncherPluginService runtimedistcleaner offering transform com.llamalad7.mixinextras.sugar.impl.CancellableSugarApplicator
[21:58:45] [main/DEBUG] (cpw.mods.modlauncher.LaunchPluginHandler) Final flags state for com.llamalad7.mixinextras.sugar.impl.CancellableSugarApplicator is 0
[21:58:45] [main/DEBUG] (cpw.mods.modlauncher.LaunchPluginHandler) LaunchPluginService {AFTER=[org.spongepowered.asm.launch.MixinLaunchPlugin@681f5a1e, net.neoforged.fml.common.asm.RuntimeDistCleaner@474c8d42]}
[21:58:45] [main/DEBUG] (cpw.mods.modlauncher.LaunchPluginHandler) Final flags state for com.llamalad7.mixinextras.sugar.Local is 0
[21:58:45] [main/DEBUG] (cpw.mods.modlauncher.LaunchPluginHandler) LauncherPluginService mixin offering transform com.llamalad7.mixinextras.sugar.Local
[21:58:45] [main/DEBUG] (cpw.mods.modlauncher.LaunchPluginHandler) LauncherPluginService runtimedistcleaner offering transform com.llamalad7.mixinextras.sugar.Local
[21:58:45] [main/DEBUG] (cpw.mods.modlauncher.LaunchPluginHandler) Final flags state for com.llamalad7.mixinextras.sugar.Local is 0
[21:58:45] [main/DEBUG] (cpw.mods.modlauncher.LaunchPluginHandler) LaunchPluginService {AFTER=[org.spongepowered.asm.launch.MixinLaunchPlugin@681f5a1e, net.neoforged.fml.common.asm.RuntimeDistCleaner@474c8d42]}
[21:58:45] [main/DEBUG] (cpw.mods.modlauncher.LaunchPluginHandler) Final flags state for com.llamalad7.mixinextras.sugar.impl.LocalSugarApplicator is 0
[21:58:45] [main/DEBUG] (cpw.mods.modlauncher.LaunchPluginHandler) LauncherPluginService mixin offering transform com.llamalad7.mixinextras.sugar.impl.LocalSugarApplicator
[21:58:45] [main/DEBUG] (cpw.mods.modlauncher.LaunchPluginHandler) LauncherPluginService runtimedistcleaner offering transform com.llamalad7.mixinextras.sugar.impl.LocalSugarApplicator
[21:58:45] [main/DEBUG] (cpw.mods.modlauncher.LaunchPluginHandler) Final flags state for com.llamalad7.mixinextras.sugar.impl.LocalSugarApplicator is 0
[21:58:45] [main/DEBUG] (cpw.mods.modlauncher.LaunchPluginHandler) LaunchPluginService {AFTER=[org.spongepowered.asm.launch.MixinLaunchPlugin@681f5a1e, net.neoforged.fml.common.asm.RuntimeDistCleaner@474c8d42]}
[21:58:45] [main/DEBUG] (cpw.mods.modlauncher.LaunchPluginHandler) Final flags state for com.llamalad7.mixinextras.sugar.Share is 0
[21:58:45] [main/DEBUG] (cpw.mods.modlauncher.LaunchPluginHandler) LauncherPluginService mixin offering transform com.llamalad7.mixinextras.sugar.Share
[21:58:45] [main/DEBUG] (cpw.mods.modlauncher.LaunchPluginHandler) LauncherPluginService runtimedistcleaner offering transform com.llamalad7.mixinextras.sugar.Share
[21:58:45] [main/DEBUG] (cpw.mods.modlauncher.LaunchPluginHandler) Final flags state for com.llamalad7.mixinextras.sugar.Share is 0
[21:58:45] [main/DEBUG] (cpw.mods.modlauncher.LaunchPluginHandler) LaunchPluginService {AFTER=[org.spongepowered.asm.launch.MixinLaunchPlugin@681f5a1e, net.neoforged.fml.common.asm.RuntimeDistCleaner@474c8d42]}
[21:58:45] [main/DEBUG] (cpw.mods.modlauncher.LaunchPluginHandler) Final flags state for com.llamalad7.mixinextras.sugar.impl.ShareSugarApplicator is 0
[21:58:45] [main/DEBUG] (cpw.mods.modlauncher.LaunchPluginHandler) LauncherPluginService mixin offering transform com.llamalad7.mixinextras.sugar.impl.ShareSugarApplicator
[21:58:45] [main/DEBUG] (cpw.mods.modlauncher.LaunchPluginHandler) LauncherPluginService runtimedistcleaner offering transform com.llamalad7.mixinextras.sugar.impl.ShareSugarApplicator
[21:58:45] [main/DEBUG] (cpw.mods.modlauncher.LaunchPluginHandler) Final flags state for com.llamalad7.mixinextras.sugar.impl.ShareSugarApplicator is 0
[21:58:45] [main/DEBUG] (mixin) Mixing MinecraftClientMixin from emi.mixins.json into net.minecraft.client.Minecraft
[21:58:45] [main/DEBUG] (cpw.mods.modlauncher.LaunchPluginHandler) LaunchPluginService {AFTER=[juuxel.unprotect.UnprotectLaunchPlugin@6bd01b0e, net.neoforged.fml.common.asm.RuntimeDistCleaner@474c8d42]}
[21:58:45] [main/DEBUG] (cpw.mods.modlauncher.LaunchPluginHandler) Final flags state for net.minecraft.util.thread.ReentrantBlockableEventLoop is 0
[21:58:45] [main/DEBUG] (cpw.mods.modlauncher.LaunchPluginHandler) LauncherPluginService unprotect offering transform net.minecraft.util.thread.ReentrantBlockableEventLoop
[21:58:45] [main/DEBUG] (cpw.mods.modlauncher.LaunchPluginHandler) LauncherPluginService unprotect transformed net.minecraft.util.thread.ReentrantBlockableEventLoop with class compute flags 2
[21:58:45] [main/DEBUG] (cpw.mods.modlauncher.LaunchPluginHandler) LauncherPluginService runtimedistcleaner offering transform net.minecraft.util.thread.ReentrantBlockableEventLoop
[21:58:45] [main/DEBUG] (cpw.mods.modlauncher.LaunchPluginHandler) Final flags state for net.minecraft.util.thread.ReentrantBlockableEventLoop is 2
[21:58:45] [main/DEBUG] (cpw.mods.modlauncher.LaunchPluginHandler) LaunchPluginService {BEFORE=[net.neoforged.accesstransformer.ml.AccessTransformerService@23038621], AFTER=[juuxel.unprotect.UnprotectLaunchPlugin@6bd01b0e, net.neoforged.fml.common.asm.RuntimeDistCleaner@474c8d42]}
[21:58:45] [main/DEBUG] (cpw.mods.modlauncher.LaunchPluginHandler) LauncherPluginService accesstransformer offering transform net.minecraft.util.thread.BlockableEventLoop
[21:58:45] [main/DEBUG] (net.neoforged.accesstransformer.AccessTransformer) Transforming net.minecraft.util.thread.BlockableEventLoop METHOD submitAsync(Ljava/lang/Runnable;)Ljava/util/concurrent/CompletableFuture; to access PUBLIC and LEAVE
[21:58:45] [main/DEBUG] (cpw.mods.modlauncher.LaunchPluginHandler) LauncherPluginService accesstransformer transformed net.minecraft.util.thread.BlockableEventLoop with class compute flags 256
[21:58:45] [main/DEBUG] (cpw.mods.modlauncher.LaunchPluginHandler) Final flags state for net.minecraft.util.thread.BlockableEventLoop is 256
[21:58:45] [main/DEBUG] (cpw.mods.modlauncher.LaunchPluginHandler) LauncherPluginService unprotect offering transform net.minecraft.util.thread.BlockableEventLoop
[21:58:45] [main/DEBUG] (cpw.mods.modlauncher.LaunchPluginHandler) LauncherPluginService unprotect transformed net.minecraft.util.thread.BlockableEventLoop with class compute flags 2
[21:58:45] [main/DEBUG] (cpw.mods.modlauncher.LaunchPluginHandler) LauncherPluginService runtimedistcleaner offering transform net.minecraft.util.thread.BlockableEventLoop
[21:58:45] [main/DEBUG] (cpw.mods.modlauncher.LaunchPluginHandler) Final flags state for net.minecraft.util.thread.BlockableEventLoop is 2
[21:58:45] [main/DEBUG] (mixin) emi.mixins.json:MinecraftClientMixin from mod emi: Class version 65 required is higher than the class version supported by the current version of Mixin (JAVA_17 supports class version 61)
[21:58:45] [main/DEBUG] (mixin) Renaming synthetic method lambda$reloadResources$0()V to md3dfdde$emi$lambda$reloadResources$0$0 in emi.mixins.json:MinecraftClientMixin from mod emi
[21:58:45] [main/DEBUG] (cpw.mods.modlauncher.LaunchPluginHandler) LaunchPluginService {AFTER=[net.neoforged.fml.common.asm.RuntimeDistCleaner@474c8d42]}
[21:58:45] [main/DEBUG] (cpw.mods.modlauncher.LaunchPluginHandler) Final flags state for org.spongepowered.asm.mixin.injection.callback.CallbackInfoReturnable is 0
[21:58:45] [main/DEBUG] (cpw.mods.modlauncher.LaunchPluginHandler) LauncherPluginService runtimedistcleaner offering transform org.spongepowered.asm.mixin.injection.callback.CallbackInfoReturnable
[21:58:45] [main/DEBUG] (cpw.mods.modlauncher.LaunchPluginHandler) Final flags state for org.spongepowered.asm.mixin.injection.callback.CallbackInfoReturnable is 0
[21:58:45] [main/DEBUG] (cpw.mods.modlauncher.LaunchPluginHandler) LaunchPluginService {AFTER=[net.neoforged.fml.common.asm.RuntimeDistCleaner@474c8d42]}
[21:58:45] [main/DEBUG] (cpw.mods.modlauncher.LaunchPluginHandler) Final flags state for java.lang.invoke.LambdaMetafactory is 0
[21:58:45] [main/DEBUG] (cpw.mods.modlauncher.LaunchPluginHandler) LauncherPluginService runtimedistcleaner offering transform java.lang.invoke.LambdaMetafactory
[21:58:45] [main/DEBUG] (cpw.mods.modlauncher.LaunchPluginHandler) Final flags state for java.lang.invoke.LambdaMetafactory is 0
[21:58:45] [main/DEBUG] (cpw.mods.modlauncher.LaunchPluginHandler) LaunchPluginService {AFTER=[net.neoforged.fml.common.asm.RuntimeDistCleaner@474c8d42]}
[21:58:45] [main/DEBUG] (cpw.mods.modlauncher.LaunchPluginHandler) Final flags state for java.util.concurrent.Executors is 0
[21:58:45] [main/DEBUG] (cpw.mods.modlauncher.LaunchPluginHandler) LauncherPluginService runtimedistcleaner offering transform java.util.concurrent.Executors
[21:58:45] [main/DEBUG] (cpw.mods.modlauncher.LaunchPluginHandler) Final flags state for java.util.concurrent.Executors is 0
[21:58:45] [main/DEBUG] (cpw.mods.modlauncher.LaunchPluginHandler) LaunchPluginService {AFTER=[net.neoforged.fml.common.asm.RuntimeDistCleaner@474c8d42]}
[21:58:45] [main/DEBUG] (cpw.mods.modlauncher.LaunchPluginHandler) Final flags state for java.util.concurrent.CompletableFuture is 0
[21:58:45] [main/DEBUG] (cpw.mods.modlauncher.LaunchPluginHandler) LauncherPluginService runtimedistcleaner offering transform java.util.concurrent.CompletableFuture
[21:58:45] [main/DEBUG] (cpw.mods.modlauncher.LaunchPluginHandler) Final flags state for java.util.concurrent.CompletableFuture is 0
[21:58:45] [main/DEBUG] (cpw.mods.modlauncher.LaunchPluginHandler) LaunchPluginService {AFTER=[net.neoforged.fml.common.asm.RuntimeDistCleaner@474c8d42]}
[21:58:45] [main/DEBUG] (cpw.mods.modlauncher.LaunchPluginHandler) Final flags state for dev.emi.emi.runtime.EmiLog is 0
[21:58:45] [main/DEBUG] (cpw.mods.modlauncher.LaunchPluginHandler) LauncherPluginService runtimedistcleaner offering transform dev.emi.emi.runtime.EmiLog
[21:58:45] [main/DEBUG] (cpw.mods.modlauncher.LaunchPluginHandler) Final flags state for dev.emi.emi.runtime.EmiLog is 0
[21:58:45] [main/DEBUG] (cpw.mods.modlauncher.LaunchPluginHandler) LaunchPluginService {AFTER=[net.neoforged.fml.common.asm.RuntimeDistCleaner@474c8d42]}
[21:58:45] [main/DEBUG] (cpw.mods.modlauncher.LaunchPluginHandler) Final flags state for dev.emi.emi.runtime.EmiReloadManager is 0
[21:58:45] [main/DEBUG] (cpw.mods.modlauncher.LaunchPluginHandler) LauncherPluginService runtimedistcleaner offering transform dev.emi.emi.runtime.EmiReloadManager
[21:58:45] [main/DEBUG] (cpw.mods.modlauncher.LaunchPluginHandler) Final flags state for dev.emi.emi.runtime.EmiReloadManager is 0
[21:58:45] [main/DEBUG] (cpw.mods.modlauncher.LaunchPluginHandler) LaunchPluginService {AFTER=[net.neoforged.fml.common.asm.RuntimeDistCleaner@474c8d42]}
[21:58:45] [main/DEBUG] (cpw.mods.modlauncher.LaunchPluginHandler) Final flags state for dev.emi.emi.platform.EmiClient is 0
[21:58:45] [main/DEBUG] (cpw.mods.modlauncher.LaunchPluginHandler) LauncherPluginService runtimedistcleaner offering transform dev.emi.emi.platform.EmiClient
[21:58:45] [main/DEBUG] (cpw.mods.modlauncher.LaunchPluginHandler) Final flags state for dev.emi.emi.platform.EmiClient is 0
[21:58:45] [main/DEBUG] (mixin) Mixing MixinMinecraftClient from xaerohud.mixins.json into net.minecraft.client.Minecraft
[21:58:45] [main/DEBUG] (mixin) xaerohud.mixins.json:MixinMinecraftClient from mod xaerominimap: Class version 65 required is higher than the class version supported by the current version of Mixin (JAVA_17 supports class version 61)
[21:58:45] [main/DEBUG] (cpw.mods.modlauncher.LaunchPluginHandler) LaunchPluginService {AFTER=[net.neoforged.fml.common.asm.RuntimeDistCleaner@474c8d42]}
[21:58:45] [main/DEBUG] (cpw.mods.modlauncher.LaunchPluginHandler) Final flags state for xaero.common.core.IXaeroMinimapMinecraftClient is 0
[21:58:45] [main/DEBUG] (cpw.mods.modlauncher.LaunchPluginHandler) LauncherPluginService runtimedistcleaner offering transform xaero.common.core.IXaeroMinimapMinecraftClient
[21:58:45] [main/DEBUG] (cpw.mods.modlauncher.LaunchPluginHandler) Final flags state for xaero.common.core.IXaeroMinimapMinecraftClient is 0
[21:58:45] [main/DEBUG] (mixin) Mixing MixinMinecraft from architectury.mixins.json into net.minecraft.client.Minecraft
[21:58:45] [main/DEBUG] (mixin) architectury.mixins.json:MixinMinecraft from mod architectury: Class version 65 required is higher than the class version supported by the current version of Mixin (JAVA_16 supports class version 60)
[21:58:45] [main/DEBUG] (cpw.mods.modlauncher.LaunchPluginHandler) LaunchPluginService {AFTER=[net.neoforged.fml.common.asm.RuntimeDistCleaner@474c8d42]}
[21:58:45] [main/DEBUG] (cpw.mods.modlauncher.LaunchPluginHandler) Final flags state for dev.architectury.event.events.client.ClientLifecycleEvent is 0
[21:58:45] [main/DEBUG] (cpw.mods.modlauncher.LaunchPluginHandler) LauncherPluginService runtimedistcleaner offering transform dev.architectury.event.events.client.ClientLifecycleEvent
[21:58:45] [main/DEBUG] (net.neoforged.fml.common.asm.RuntimeDistCleaner) Removing Class Annotation: dev/architectury/event/events/client/ClientLifecycleEvent @Lnet/neoforged/api/distmarker/OnlyIn;
[21:58:45] [main/DEBUG] (cpw.mods.modlauncher.LaunchPluginHandler) LauncherPluginService runtimedistcleaner transformed dev.architectury.event.events.client.ClientLifecycleEvent with class compute flags 256
[21:58:45] [main/DEBUG] (cpw.mods.modlauncher.LaunchPluginHandler) Final flags state for dev.architectury.event.events.client.ClientLifecycleEvent is 256
[21:58:45] [main/DEBUG] (cpw.mods.modlauncher.LaunchPluginHandler) LaunchPluginService {AFTER=[net.neoforged.fml.common.asm.RuntimeDistCleaner@474c8d42]}
[21:58:45] [main/DEBUG] (cpw.mods.modlauncher.LaunchPluginHandler) Final flags state for dev.architectury.event.Event is 0
[21:58:45] [main/DEBUG] (cpw.mods.modlauncher.LaunchPluginHandler) LauncherPluginService runtimedistcleaner offering transform dev.architectury.event.Event
[21:58:45] [main/DEBUG] (cpw.mods.modlauncher.LaunchPluginHandler) Final flags state for dev.architectury.event.Event is 0
[21:58:45] [main/DEBUG] (cpw.mods.modlauncher.LaunchPluginHandler) LaunchPluginService {AFTER=[net.neoforged.fml.common.asm.RuntimeDistCleaner@474c8d42]}
[21:58:45] [main/DEBUG] (cpw.mods.modlauncher.LaunchPluginHandler) Final flags state for dev.architectury.event.events.common.LifecycleEvent$InstanceState is 0
[21:58:45] [main/DEBUG] (cpw.mods.modlauncher.LaunchPluginHandler) LauncherPluginService runtimedistcleaner offering transform dev.architectury.event.events.common.LifecycleEvent$InstanceState
[21:58:45] [main/DEBUG] (cpw.mods.modlauncher.LaunchPluginHandler) Final flags state for dev.architectury.event.events.common.LifecycleEvent$InstanceState is 0
[21:58:45] [main/DEBUG] (mixin) Mixing MixinMinecraftClient from xaeroworldmap.mixins.json into net.minecraft.client.Minecraft
[21:58:45] [main/DEBUG] (mixin) xaeroworldmap.mixins.json:MixinMinecraftClient from mod xaeroworldmap: Class version 65 required is higher than the class version supported by the current version of Mixin (JAVA_17 supports class version 61)
[21:58:45] [main/DEBUG] (cpw.mods.modlauncher.LaunchPluginHandler) LaunchPluginService {AFTER=[net.neoforged.fml.common.asm.RuntimeDistCleaner@474c8d42]}
[21:58:45] [main/DEBUG] (cpw.mods.modlauncher.LaunchPluginHandler) Final flags state for xaero.map.core.IWorldMapMinecraftClient is 0
[21:58:45] [main/DEBUG] (cpw.mods.modlauncher.LaunchPluginHandler) LauncherPluginService runtimedistcleaner offering transform xaero.map.core.IWorldMapMinecraftClient
[21:58:45] [main/DEBUG] (cpw.mods.modlauncher.LaunchPluginHandler) Final flags state for xaero.map.core.IWorldMapMinecraftClient is 0
[21:58:45] [main/DEBUG] (mixin) Mixing MixinForgeMinecraftClient from xaeroworldmap.neoforge.mixins.json into net.minecraft.client.Minecraft
[21:58:45] [main/DEBUG] (mixin) xaeroworldmap.neoforge.mixins.json:MixinForgeMinecraftClient from mod xaeroworldmap: Class version 65 required is higher than the class version supported by the current version of Mixin (JAVA_17 supports class version 61)
[21:58:45] [main/DEBUG] (cpw.mods.modlauncher.LaunchPluginHandler) LaunchPluginService {AFTER=[net.neoforged.fml.common.asm.RuntimeDistCleaner@474c8d42]}
[21:58:45] [main/DEBUG] (cpw.mods.modlauncher.LaunchPluginHandler) Final flags state for xaero.map.core.XaeroWorldMapCore is 0
[21:58:45] [main/DEBUG] (cpw.mods.modlauncher.LaunchPluginHandler) LauncherPluginService runtimedistcleaner offering transform xaero.map.core.XaeroWorldMapCore
[21:58:45] [main/DEBUG] (cpw.mods.modlauncher.LaunchPluginHandler) Final flags state for xaero.map.core.XaeroWorldMapCore is 0
[21:58:45] [main/DEBUG] (cpw.mods.modlauncher.LaunchPluginHandler) LaunchPluginService {AFTER=[juuxel.unprotect.UnprotectLaunchPlugin@6bd01b0e, net.neoforged.fml.common.asm.RuntimeDistCleaner@474c8d42]}
[21:58:45] [main/DEBUG] (cpw.mods.modlauncher.LaunchPluginHandler) Final flags state for net.minecraft.util.profiling.metrics.ProfilerMeasured is 0
[21:58:45] [main/DEBUG] (cpw.mods.modlauncher.LaunchPluginHandler) LauncherPluginService unprotect offering transform net.minecraft.util.profiling.metrics.ProfilerMeasured
[21:58:45] [main/DEBUG] (cpw.mods.modlauncher.LaunchPluginHandler) LauncherPluginService runtimedistcleaner offering transform net.minecraft.util.profiling.metrics.ProfilerMeasured
[21:58:45] [main/DEBUG] (cpw.mods.modlauncher.LaunchPluginHandler) Final flags state for net.minecraft.util.profiling.metrics.ProfilerMeasured is 0
[21:58:45] [main/DEBUG] (cpw.mods.modlauncher.LaunchPluginHandler) LaunchPluginService {AFTER=[net.neoforged.fml.common.asm.RuntimeDistCleaner@474c8d42]}
[21:58:45] [main/DEBUG] (cpw.mods.modlauncher.LaunchPluginHandler) Final flags state for java.util.concurrent.Executor is 0
[21:58:45] [main/DEBUG] (cpw.mods.modlauncher.LaunchPluginHandler) LauncherPluginService runtimedistcleaner offering transform java.util.concurrent.Executor
[21:58:45] [main/DEBUG] (cpw.mods.modlauncher.LaunchPluginHandler) Final flags state for java.util.concurrent.Executor is 0
[21:58:45] [main/DEBUG] (cpw.mods.modlauncher.LaunchPluginHandler) LaunchPluginService {AFTER=[juuxel.unprotect.UnprotectLaunchPlugin@6bd01b0e, net.neoforged.fml.common.asm.RuntimeDistCleaner@474c8d42]}
[21:58:45] [main/DEBUG] (cpw.mods.modlauncher.LaunchPluginHandler) Final flags state for net.minecraft.util.thread.ProcessorHandle is 0
[21:58:45] [main/DEBUG] (cpw.mods.modlauncher.LaunchPluginHandler) LauncherPluginService unprotect offering transform net.minecraft.util.thread.ProcessorHandle
[21:58:45] [main/DEBUG] (cpw.mods.modlauncher.LaunchPluginHandler) LauncherPluginService unprotect transformed net.minecraft.util.thread.ProcessorHandle with class compute flags 2
[21:58:45] [main/DEBUG] (cpw.mods.modlauncher.LaunchPluginHandler) LauncherPluginService runtimedistcleaner offering transform net.minecraft.util.thread.ProcessorHandle
[21:58:45] [main/DEBUG] (cpw.mods.modlauncher.LaunchPluginHandler) Final flags state for net.minecraft.util.thread.ProcessorHandle is 2
[21:58:45] [main/DEBUG] (cpw.mods.modlauncher.LaunchPluginHandler) LaunchPluginService {AFTER=[net.neoforged.fml.common.asm.RuntimeDistCleaner@474c8d42]}
[21:58:45] [main/DEBUG] (cpw.mods.modlauncher.LaunchPluginHandler) Final flags state for java.lang.AutoCloseable is 0
[21:58:45] [main/DEBUG] (cpw.mods.modlauncher.LaunchPluginHandler) LauncherPluginService runtimedistcleaner offering transform java.lang.AutoCloseable
[21:58:45] [main/DEBUG] (cpw.mods.modlauncher.LaunchPluginHandler) Final flags state for java.lang.AutoCloseable is 0
[21:58:45] [main/DEBUG] (cpw.mods.modlauncher.LaunchPluginHandler) LaunchPluginService {AFTER=[net.neoforged.fml.common.asm.RuntimeDistCleaner@474c8d42]}
[21:58:45] [main/DEBUG] (cpw.mods.modlauncher.LaunchPluginHandler) Final flags state for net.neoforged.neoforge.client.extensions.IMinecraftExtension is 0
[21:58:45] [main/DEBUG] (cpw.mods.modlauncher.LaunchPluginHandler) LauncherPluginService runtimedistcleaner offering transform net.neoforged.neoforge.client.extensions.IMinecraftExtension
[21:58:45] [main/DEBUG] (cpw.mods.modlauncher.LaunchPluginHandler) Final flags state for net.neoforged.neoforge.client.extensions.IMinecraftExtension is 0
[21:58:45] [main/DEBUG] (cpw.mods.modlauncher.LaunchPluginHandler) LaunchPluginService {AFTER=[juuxel.unprotect.UnprotectLaunchPlugin@6bd01b0e, net.neoforged.fml.common.asm.RuntimeDistCleaner@474c8d42]}
[21:58:45] [main/DEBUG] (cpw.mods.modlauncher.LaunchPluginHandler) Final flags state for com.mojang.blaze3d.platform.WindowEventHandler is 0
[21:58:45] [main/DEBUG] (cpw.mods.modlauncher.LaunchPluginHandler) LauncherPluginService unprotect offering transform com.mojang.blaze3d.platform.WindowEventHandler
[21:58:45] [main/DEBUG] (cpw.mods.modlauncher.LaunchPluginHandler) LauncherPluginService runtimedistcleaner offering transform com.mojang.blaze3d.platform.WindowEventHandler
[21:58:45] [main/DEBUG] (net.neoforged.fml.common.asm.RuntimeDistCleaner) Removing Class Annotation: com/mojang/blaze3d/platform/WindowEventHandler @Lnet/neoforged/api/distmarker/OnlyIn;
[21:58:45] [main/DEBUG] (cpw.mods.modlauncher.LaunchPluginHandler) LauncherPluginService runtimedistcleaner transformed com.mojang.blaze3d.platform.WindowEventHandler with class compute flags 256
[21:58:45] [main/DEBUG] (cpw.mods.modlauncher.LaunchPluginHandler) Final flags state for com.mojang.blaze3d.platform.WindowEventHandler is 256
[21:58:45] [main/DEBUG] (cpw.mods.modlauncher.LaunchPluginHandler) LaunchPluginService {AFTER=[net.neoforged.fml.common.asm.RuntimeDistCleaner@474c8d42]}
[21:58:45] [main/DEBUG] (cpw.mods.modlauncher.LaunchPluginHandler) Final flags state for java.lang.Runnable is 0
[21:58:45] [main/DEBUG] (cpw.mods.modlauncher.LaunchPluginHandler) LauncherPluginService runtimedistcleaner offering transform java.lang.Runnable
[21:58:45] [main/DEBUG] (cpw.mods.modlauncher.LaunchPluginHandler) Final flags state for java.lang.Runnable is 0
[21:58:45] [main/DEBUG] (mixin) emi.mixins.json:MinecraftClientMixin from mod emi->@Inject::reloadResources(ZLjava/lang/Object;Lorg/spongepowered/asm/mixin/injection/callback/CallbackInfoReturnable;)V does use it's CallbackInfoReturnable
[21:58:45] [main/DEBUG] (cpw.mods.modlauncher.LaunchPluginHandler) LaunchPluginService {AFTER=[juuxel.unprotect.UnprotectLaunchPlugin@6bd01b0e, net.neoforged.fml.common.asm.RuntimeDistCleaner@474c8d42]}
[21:58:45] [main/DEBUG] (cpw.mods.modlauncher.LaunchPluginHandler) Final flags state for net.minecraft.client.Minecraft$GameLoadCookie is 0
[21:58:45] [main/DEBUG] (cpw.mods.modlauncher.LaunchPluginHandler) LauncherPluginService unprotect offering transform net.minecraft.client.Minecraft$GameLoadCookie
[21:58:45] [main/DEBUG] (cpw.mods.modlauncher.LaunchPluginHandler) LauncherPluginService unprotect transformed net.minecraft.client.Minecraft$GameLoadCookie with class compute flags 2
[21:58:45] [main/DEBUG] (cpw.mods.modlauncher.LaunchPluginHandler) LauncherPluginService runtimedistcleaner offering transform net.minecraft.client.Minecraft$GameLoadCookie
[21:58:45] [main/DEBUG] (net.neoforged.fml.common.asm.RuntimeDistCleaner) Removing Class Annotation: net/minecraft/client/Minecraft$GameLoadCookie @Lnet/neoforged/api/distmarker/OnlyIn;
[21:58:45] [main/DEBUG] (cpw.mods.modlauncher.LaunchPluginHandler) LauncherPluginService runtimedistcleaner transformed net.minecraft.client.Minecraft$GameLoadCookie with class compute flags 256
[21:58:45] [main/DEBUG] (cpw.mods.modlauncher.LaunchPluginHandler) Final flags state for net.minecraft.client.Minecraft$GameLoadCookie is 258
[21:58:45] [main/DEBUG] (mixin) emi.mixins.json:MinecraftClientMixin from mod emi->@Inject::reloadResources(ZLjava/lang/Object;Lorg/spongepowered/asm/mixin/injection/callback/CallbackInfoReturnable;)V does use it's CallbackInfoReturnable
[21:58:45] [main/DEBUG] (mixin) emi.mixins.json:MinecraftClientMixin from mod emi->@Inject::reloadResources(ZLjava/lang/Object;Lorg/spongepowered/asm/mixin/injection/callback/CallbackInfoReturnable;)V does use it's CallbackInfoReturnable
[21:58:45] [main/DEBUG] (mixin) emi.mixins.json:MinecraftClientMixin from mod emi->@Inject::disconnect(Lorg/spongepowered/asm/mixin/injection/callback/CallbackInfo;)V doesn't use it's CallbackInfo
[21:58:45] [main/DEBUG] (mixin) emi.mixins.json:MinecraftClientMixin from mod emi->@Inject::disconnect(Lorg/spongepowered/asm/mixin/injection/callback/CallbackInfo;)V has 0 override(s) in child classes
[21:58:45] [main/DEBUG] (mixin) emi.mixins.json:MinecraftClientMixin from mod emi->@Inject::disconnect(Lorg/spongepowered/asm/mixin/injection/callback/CallbackInfo;)V won't be passed a CallbackInfo as a result
[21:58:45] [main/DEBUG] (mixin) architectury.mixins.json:MixinMinecraft from mod architectury->@Inject::onStart(Lorg/spongepowered/asm/mixin/injection/callback/CallbackInfo;)V doesn't use it's CallbackInfo
[21:58:45] [main/DEBUG] (mixin) architectury.mixins.json:MixinMinecraft from mod architectury->@Inject::onStart(Lorg/spongepowered/asm/mixin/injection/callback/CallbackInfo;)V has 0 override(s) in child classes
[21:58:45] [main/DEBUG] (mixin) architectury.mixins.json:MixinMinecraft from mod architectury->@Inject::onStart(Lorg/spongepowered/asm/mixin/injection/callback/CallbackInfo;)V won't be passed a CallbackInfo as a result
[21:58:45] [main/DEBUG] (mixin) architectury.mixins.json:MixinMinecraft from mod architectury->@Inject::onStopping(Lorg/spongepowered/asm/mixin/injection/callback/CallbackInfo;)V doesn't use it's CallbackInfo
[21:58:45] [main/DEBUG] (mixin) architectury.mixins.json:MixinMinecraft from mod architectury->@Inject::onStopping(Lorg/spongepowered/asm/mixin/injection/callback/CallbackInfo;)V has 0 override(s) in child classes
[21:58:45] [main/DEBUG] (mixin) architectury.mixins.json:MixinMinecraft from mod architectury->@Inject::onStopping(Lorg/spongepowered/asm/mixin/injection/callback/CallbackInfo;)V won't be passed a CallbackInfo as a result
[21:58:45] [main/DEBUG] (mixin) xaeroworldmap.neoforge.mixins.json:MixinForgeMinecraftClient from mod xaeroworldmap->@Inject::onRunTickStart(Lorg/spongepowered/asm/mixin/injection/callback/CallbackInfo;)V doesn't use it's CallbackInfo
[21:58:45] [main/DEBUG] (mixin) xaeroworldmap.neoforge.mixins.json:MixinForgeMinecraftClient from mod xaeroworldmap->@Inject::onRunTickStart(Lorg/spongepowered/asm/mixin/injection/callback/CallbackInfo;)V has 0 override(s) in child classes
[21:58:45] [main/DEBUG] (mixin) xaeroworldmap.neoforge.mixins.json:MixinForgeMinecraftClient from mod xaeroworldmap->@Inject::onRunTickStart(Lorg/spongepowered/asm/mixin/injection/callback/CallbackInfo;)V won't be passed a CallbackInfo as a result
[21:58:45] [main/DEBUG] (cpw.mods.modlauncher.LaunchPluginHandler) LauncherPluginService mixin transformed net.minecraft.client.Minecraft with class compute flags 2
[21:58:45] [main/DEBUG] (cpw.mods.modlauncher.LaunchPluginHandler) LauncherPluginService unprotect offering transform net.minecraft.client.Minecraft
[21:58:45] [main/DEBUG] (cpw.mods.modlauncher.LaunchPluginHandler) LauncherPluginService unprotect transformed net.minecraft.client.Minecraft with class compute flags 2
[21:58:45] [main/DEBUG] (cpw.mods.modlauncher.LaunchPluginHandler) LauncherPluginService runtimedistcleaner offering transform net.minecraft.client.Minecraft
[21:58:45] [main/DEBUG] (net.neoforged.fml.common.asm.RuntimeDistCleaner) Removing Class Annotation: net/minecraft/client/Minecraft @Lnet/neoforged/api/distmarker/OnlyIn;
[21:58:45] [main/DEBUG] (cpw.mods.modlauncher.LaunchPluginHandler) LauncherPluginService runtimedistcleaner transformed net.minecraft.client.Minecraft with class compute flags 256
[21:58:45] [main/DEBUG] (cpw.mods.modlauncher.LaunchPluginHandler) Final flags state for net.minecraft.client.Minecraft is 258
[21:58:45] [main/DEBUG] (cpw.mods.modlauncher.LaunchPluginHandler) LaunchPluginService {AFTER=[org.spongepowered.asm.launch.MixinLaunchPlugin@681f5a1e, juuxel.unprotect.UnprotectLaunchPlugin@6bd01b0e, net.neoforged.fml.common.asm.RuntimeDistCleaner@474c8d42]}
[21:58:45] [main/DEBUG] (cpw.mods.modlauncher.LaunchPluginHandler) Final flags state for com.mojang.blaze3d.platform.WindowEventHandler is 0
[21:58:45] [main/DEBUG] (cpw.mods.modlauncher.LaunchPluginHandler) LauncherPluginService mixin offering transform com.mojang.blaze3d.platform.WindowEventHandler
[21:58:45] [main/DEBUG] (cpw.mods.modlauncher.LaunchPluginHandler) LauncherPluginService unprotect offering transform com.mojang.blaze3d.platform.WindowEventHandler
[21:58:45] [main/DEBUG] (cpw.mods.modlauncher.LaunchPluginHandler) LauncherPluginService runtimedistcleaner offering transform com.mojang.blaze3d.platform.WindowEventHandler
[21:58:45] [main/DEBUG] (net.neoforged.fml.common.asm.RuntimeDistCleaner) Removing Class Annotation: com/mojang/blaze3d/platform/WindowEventHandler @Lnet/neoforged/api/distmarker/OnlyIn;
[21:58:45] [main/DEBUG] (cpw.mods.modlauncher.LaunchPluginHandler) LauncherPluginService runtimedistcleaner transformed com.mojang.blaze3d.platform.WindowEventHandler with class compute flags 256
[21:58:45] [main/DEBUG] (cpw.mods.modlauncher.LaunchPluginHandler) Final flags state for com.mojang.blaze3d.platform.WindowEventHandler is 256
[21:58:45] [main/DEBUG] (cpw.mods.modlauncher.LaunchPluginHandler) LaunchPluginService {AFTER=[org.spongepowered.asm.launch.MixinLaunchPlugin@681f5a1e, net.neoforged.fml.common.asm.RuntimeDistCleaner@474c8d42]}
[21:58:45] [main/DEBUG] (cpw.mods.modlauncher.LaunchPluginHandler) Final flags state for net.neoforged.neoforge.client.extensions.IMinecraftExtension is 0
[21:58:45] [main/DEBUG] (cpw.mods.modlauncher.LaunchPluginHandler) LauncherPluginService mixin offering transform net.neoforged.neoforge.client.extensions.IMinecraftExtension
[21:58:45] [main/DEBUG] (cpw.mods.modlauncher.LaunchPluginHandler) LauncherPluginService runtimedistcleaner offering transform net.neoforged.neoforge.client.extensions.IMinecraftExtension
[21:58:45] [main/DEBUG] (cpw.mods.modlauncher.LaunchPluginHandler) Final flags state for net.neoforged.neoforge.client.extensions.IMinecraftExtension is 0
[21:58:45] [main/DEBUG] (cpw.mods.modlauncher.LaunchPluginHandler) LaunchPluginService {AFTER=[org.spongepowered.asm.launch.MixinLaunchPlugin@681f5a1e, net.neoforged.fml.common.asm.RuntimeDistCleaner@474c8d42]}
[21:58:45] [main/DEBUG] (cpw.mods.modlauncher.LaunchPluginHandler) Final flags state for xaero.common.core.IXaeroMinimapMinecraftClient is 0
[21:58:45] [main/DEBUG] (cpw.mods.modlauncher.LaunchPluginHandler) LauncherPluginService mixin offering transform xaero.common.core.IXaeroMinimapMinecraftClient
[21:58:45] [main/DEBUG] (cpw.mods.modlauncher.LaunchPluginHandler) LauncherPluginService runtimedistcleaner offering transform xaero.common.core.IXaeroMinimapMinecraftClient
[21:58:45] [main/DEBUG] (cpw.mods.modlauncher.LaunchPluginHandler) Final flags state for xaero.common.core.IXaeroMinimapMinecraftClient is 0
[21:58:45] [main/DEBUG] (cpw.mods.modlauncher.LaunchPluginHandler) LaunchPluginService {AFTER=[org.spongepowered.asm.launch.MixinLaunchPlugin@681f5a1e, net.neoforged.fml.common.asm.RuntimeDistCleaner@474c8d42]}
[21:58:45] [main/DEBUG] (cpw.mods.modlauncher.LaunchPluginHandler) Final flags state for xaero.map.core.IWorldMapMinecraftClient is 0
[21:58:45] [main/DEBUG] (cpw.mods.modlauncher.LaunchPluginHandler) LauncherPluginService mixin offering transform xaero.map.core.IWorldMapMinecraftClient
[21:58:45] [main/DEBUG] (cpw.mods.modlauncher.LaunchPluginHandler) LauncherPluginService runtimedistcleaner offering transform xaero.map.core.IWorldMapMinecraftClient
[21:58:45] [main/DEBUG] (cpw.mods.modlauncher.LaunchPluginHandler) Final flags state for xaero.map.core.IWorldMapMinecraftClient is 0
[21:58:45] [main/DEBUG] (cpw.mods.modlauncher.LaunchPluginHandler) LaunchPluginService {AFTER=[org.spongepowered.asm.launch.MixinLaunchPlugin@681f5a1e, juuxel.unprotect.UnprotectLaunchPlugin@6bd01b0e, net.neoforged.fml.common.asm.RuntimeDistCleaner@474c8d42]}
[21:58:45] [main/DEBUG] (cpw.mods.modlauncher.LaunchPluginHandler) Final flags state for net.minecraft.util.thread.ReentrantBlockableEventLoop is 0
[21:58:45] [main/DEBUG] (cpw.mods.modlauncher.LaunchPluginHandler) LauncherPluginService mixin offering transform net.minecraft.util.thread.ReentrantBlockableEventLoop
[21:58:45] [main/DEBUG] (cpw.mods.modlauncher.LaunchPluginHandler) LauncherPluginService unprotect offering transform net.minecraft.util.thread.ReentrantBlockableEventLoop
[21:58:45] [main/DEBUG] (cpw.mods.modlauncher.LaunchPluginHandler) LauncherPluginService unprotect transformed net.minecraft.util.thread.ReentrantBlockableEventLoop with class compute flags 2
[21:58:45] [main/DEBUG] (cpw.mods.modlauncher.LaunchPluginHandler) LauncherPluginService runtimedistcleaner offering transform net.minecraft.util.thread.ReentrantBlockableEventLoop
[21:58:45] [main/DEBUG] (cpw.mods.modlauncher.LaunchPluginHandler) Final flags state for net.minecraft.util.thread.ReentrantBlockableEventLoop is 2
[21:58:45] [main/DEBUG] (cpw.mods.modlauncher.LaunchPluginHandler) LaunchPluginService {BEFORE=[net.neoforged.accesstransformer.ml.AccessTransformerService@23038621], AFTER=[org.spongepowered.asm.launch.MixinLaunchPlugin@681f5a1e, juuxel.unprotect.UnprotectLaunchPlugin@6bd01b0e, net.neoforged.fml.common.asm.RuntimeDistCleaner@474c8d42]}
[21:58:45] [main/DEBUG] (cpw.mods.modlauncher.LaunchPluginHandler) LauncherPluginService accesstransformer offering transform net.minecraft.util.thread.BlockableEventLoop
[21:58:45] [main/DEBUG] (net.neoforged.accesstransformer.AccessTransformer) Transforming net.minecraft.util.thread.BlockableEventLoop METHOD submitAsync(Ljava/lang/Runnable;)Ljava/util/concurrent/CompletableFuture; to access PUBLIC and LEAVE
[21:58:45] [main/DEBUG] (cpw.mods.modlauncher.LaunchPluginHandler) LauncherPluginService accesstransformer transformed net.minecraft.util.thread.BlockableEventLoop with class compute flags 256
[21:58:45] [main/DEBUG] (cpw.mods.modlauncher.LaunchPluginHandler) Final flags state for net.minecraft.util.thread.BlockableEventLoop is 256
[21:58:45] [main/DEBUG] (cpw.mods.modlauncher.LaunchPluginHandler) LauncherPluginService mixin offering transform net.minecraft.util.thread.BlockableEventLoop
[21:58:45] [main/DEBUG] (cpw.mods.modlauncher.LaunchPluginHandler) LauncherPluginService unprotect offering transform net.minecraft.util.thread.BlockableEventLoop
[21:58:45] [main/DEBUG] (cpw.mods.modlauncher.LaunchPluginHandler) LauncherPluginService unprotect transformed net.minecraft.util.thread.BlockableEventLoop with class compute flags 2
[21:58:45] [main/DEBUG] (cpw.mods.modlauncher.LaunchPluginHandler) LauncherPluginService runtimedistcleaner offering transform net.minecraft.util.thread.BlockableEventLoop
[21:58:45] [main/DEBUG] (cpw.mods.modlauncher.LaunchPluginHandler) Final flags state for net.minecraft.util.thread.BlockableEventLoop is 2
[21:58:45] [main/DEBUG] (cpw.mods.modlauncher.LaunchPluginHandler) LaunchPluginService {AFTER=[org.spongepowered.asm.launch.MixinLaunchPlugin@681f5a1e, juuxel.unprotect.UnprotectLaunchPlugin@6bd01b0e, net.neoforged.fml.common.asm.RuntimeDistCleaner@474c8d42]}
[21:58:45] [main/DEBUG] (cpw.mods.modlauncher.LaunchPluginHandler) Final flags state for net.minecraft.util.profiling.metrics.ProfilerMeasured is 0
[21:58:45] [main/DEBUG] (cpw.mods.modlauncher.LaunchPluginHandler) LauncherPluginService mixin offering transform net.minecraft.util.profiling.metrics.ProfilerMeasured
[21:58:45] [main/DEBUG] (cpw.mods.modlauncher.LaunchPluginHandler) LauncherPluginService unprotect offering transform net.minecraft.util.profiling.metrics.ProfilerMeasured
[21:58:45] [main/DEBUG] (cpw.mods.modlauncher.LaunchPluginHandler) LauncherPluginService runtimedistcleaner offering transform net.minecraft.util.profiling.metrics.ProfilerMeasured
[21:58:45] [main/DEBUG] (cpw.mods.modlauncher.LaunchPluginHandler) Final flags state for net.minecraft.util.profiling.metrics.ProfilerMeasured is 0
[21:58:45] [main/DEBUG] (cpw.mods.modlauncher.LaunchPluginHandler) LaunchPluginService {AFTER=[org.spongepowered.asm.launch.MixinLaunchPlugin@681f5a1e, juuxel.unprotect.UnprotectLaunchPlugin@6bd01b0e, net.neoforged.fml.common.asm.RuntimeDistCleaner@474c8d42]}
[21:58:45] [main/DEBUG] (cpw.mods.modlauncher.LaunchPluginHandler) Final flags state for net.minecraft.util.thread.ProcessorHandle is 0
[21:58:45] [main/DEBUG] (cpw.mods.modlauncher.LaunchPluginHandler) LauncherPluginService mixin offering transform net.minecraft.util.thread.ProcessorHandle
[21:58:45] [main/DEBUG] (cpw.mods.modlauncher.LaunchPluginHandler) LauncherPluginService unprotect offering transform net.minecraft.util.thread.ProcessorHandle
[21:58:45] [main/DEBUG] (cpw.mods.modlauncher.LaunchPluginHandler) LauncherPluginService unprotect transformed net.minecraft.util.thread.ProcessorHandle with class compute flags 2
[21:58:45] [main/DEBUG] (cpw.mods.modlauncher.LaunchPluginHandler) LauncherPluginService runtimedistcleaner offering transform net.minecraft.util.thread.ProcessorHandle
[21:58:45] [main/DEBUG] (cpw.mods.modlauncher.LaunchPluginHandler) Final flags state for net.minecraft.util.thread.ProcessorHandle is 2
[02Oct2025 21:58:45.970] [main/DEBUG] [io.netty.util.internal.logging.InternalLoggerFactory/]: Using SLF4J as the default logging framework
[02Oct2025 21:58:45.971] [main/DEBUG] [io.netty.util.ResourceLeakDetector/]: -Dio.netty.leakDetection.level: simple
[02Oct2025 21:58:45.971] [main/DEBUG] [io.netty.util.ResourceLeakDetector/]: -Dio.netty.leakDetection.targetRecords: 4
[02Oct2025 21:58:45.987] [main/DEBUG] [mixin/]: Mixing ResourceLocationMixin from ftblibrary-common.mixins.json into net.minecraft.resources.ResourceLocation
[02Oct2025 21:58:45.987] [main/DEBUG] [mixin/]: ftblibrary-common.mixins.json:ResourceLocationMixin from mod ftblibrary: Class version 65 required is higher than the class version supported by the current version of Mixin (JAVA_8 supports class version 52)
[02Oct2025 21:58:46.191] [main/DEBUG] [mixin/]: Mixing UtilMixin from ftbchunks-common.mixins.json into net.minecraft.Util
[02Oct2025 21:58:46.192] [main/DEBUG] [mixin/]: ftbchunks-common.mixins.json:UtilMixin from mod ftbchunks: Class version 65 required is higher than the class version supported by the current version of Mixin (JAVA_17 supports class version 61)
[02Oct2025 21:58:46.197] [main/DEBUG] [mixin/]: ftbchunks-common.mixins.json:UtilMixin from mod ftbchunks->@Inject::shutdownExecutorsFTBC(Lorg/spongepowered/asm/mixin/injection/callback/CallbackInfo;)V doesn't use it's CallbackInfo
[02Oct2025 21:58:46.291] [main/DEBUG] [oshi.util.FileUtil/]: No oshi.properties file found from ClassLoader cpw.mods.modlauncher.TransformingClassLoader@2c63f1fe
[02Oct2025 21:58:46.314] [main/DEBUG] [oshi.util.FileUtil/]: Reading file /proc/self/auxv
[02Oct2025 21:58:46.314] [main/DEBUG] [oshi.util.FileUtil/]: Reading file /proc/self/auxv
[02Oct2025 21:58:46.316] [main/DEBUG] [oshi.util.FileUtil/]: Reading file /proc/stat
[02Oct2025 21:58:46.320] [main/DEBUG] [oshi.util.FileUtil/]: Reading file /sys/devices/system/cpu/cpu0/topology/core_id
[02Oct2025 21:58:46.320] [main/DEBUG] [oshi.util.FileUtil/]: Reading file /sys/devices/system/cpu/cpu0/topology/core_id
[02Oct2025 21:58:46.320] [main/DEBUG] [oshi.util.FileUtil/]: Reading file /sys/devices/system/cpu/cpu0/topology/physical_package_id
[02Oct2025 21:58:46.320] [main/DEBUG] [oshi.util.FileUtil/]: Reading file /sys/devices/system/cpu/cpu0/topology/physical_package_id
[02Oct2025 21:58:46.320] [main/DEBUG] [oshi.util.FileUtil/]: Reading file /sys/devices/system/cpu/cpu0/cpu_capacity
[02Oct2025 21:58:46.320] [main/DEBUG] [oshi.util.FileUtil/]: Reading file /sys/devices/system/cpu/cpu0/cpu_capacity
[02Oct2025 21:58:46.321] [main/DEBUG] [oshi.util.FileUtil/]: Reading file /sys/devices/system/cpu/cpu0/cache/index2/level
[02Oct2025 21:58:46.321] [main/DEBUG] [oshi.util.FileUtil/]: Reading file /sys/devices/system/cpu/cpu0/cache/index2/level
[02Oct2025 21:58:46.321] [main/DEBUG] [oshi.util.FileUtil/]: Reading file /sys/devices/system/cpu/cpu0/cache/index2/type
[02Oct2025 21:58:46.321] [main/DEBUG] [oshi.util.FileUtil/]: Reading file /sys/devices/system/cpu/cpu0/cache/index2/type
[02Oct2025 21:58:46.321] [main/DEBUG] [oshi.util.FileUtil/]: Reading file /sys/devices/system/cpu/cpu0/cache/index2/ways_of_associativity
[02Oct2025 21:58:46.321] [main/DEBUG] [oshi.util.FileUtil/]: Reading file /sys/devices/system/cpu/cpu0/cache/index2/ways_of_associativity
[02Oct2025 21:58:46.321] [main/DEBUG] [oshi.util.FileUtil/]: Reading file /sys/devices/system/cpu/cpu0/cache/index2/coherency_line_size
[02Oct2025 21:58:46.321] [main/DEBUG] [oshi.util.FileUtil/]: Reading file /sys/devices/system/cpu/cpu0/cache/index2/coherency_line_size
[02Oct2025 21:58:46.321] [main/DEBUG] [oshi.util.FileUtil/]: Reading file /sys/devices/system/cpu/cpu0/cache/index2/size
[02Oct2025 21:58:46.321] [main/DEBUG] [oshi.util.FileUtil/]: Reading file /sys/devices/system/cpu/cpu0/cache/index2/size
[02Oct2025 21:58:46.321] [main/DEBUG] [oshi.util.FileUtil/]: Reading file /sys/devices/system/cpu/cpu0/cache/index0/level
[02Oct2025 21:58:46.321] [main/DEBUG] [oshi.util.FileUtil/]: Reading file /sys/devices/system/cpu/cpu0/cache/index0/level
[02Oct2025 21:58:46.321] [main/DEBUG] [oshi.util.FileUtil/]: Reading file /sys/devices/system/cpu/cpu0/cache/index0/type
[02Oct2025 21:58:46.321] [main/DEBUG] [oshi.util.FileUtil/]: Reading file /sys/devices/system/cpu/cpu0/cache/index0/type
[02Oct2025 21:58:46.321] [main/DEBUG] [oshi.util.FileUtil/]: Reading file /sys/devices/system/cpu/cpu0/cache/index0/ways_of_associativity
[02Oct2025 21:58:46.321] [main/DEBUG] [oshi.util.FileUtil/]: Reading file /sys/devices/system/cpu/cpu0/cache/index0/ways_of_associativity
[02Oct2025 21:58:46.322] [main/DEBUG] [oshi.util.FileUtil/]: Reading file /sys/devices/system/cpu/cpu0/cache/index0/coherency_line_size
[02Oct2025 21:58:46.322] [main/DEBUG] [oshi.util.FileUtil/]: Reading file /sys/devices/system/cpu/cpu0/cache/index0/coherency_line_size
[02Oct2025 21:58:46.322] [main/DEBUG] [oshi.util.FileUtil/]: Reading file /sys/devices/system/cpu/cpu0/cache/index0/size
[02Oct2025 21:58:46.322] [main/DEBUG] [oshi.util.FileUtil/]: Reading file /sys/devices/system/cpu/cpu0/cache/index0/size
[02Oct2025 21:58:46.322] [main/DEBUG] [oshi.util.FileUtil/]: Reading file /sys/devices/system/cpu/cpu0/cache/index3/level
[02Oct2025 21:58:46.322] [main/DEBUG] [oshi.util.FileUtil/]: Reading file /sys/devices/system/cpu/cpu0/cache/index3/level
[02Oct2025 21:58:46.322] [main/DEBUG] [oshi.util.FileUtil/]: Reading file /sys/devices/system/cpu/cpu0/cache/index3/type
[02Oct2025 21:58:46.322] [main/DEBUG] [oshi.util.FileUtil/]: Reading file /sys/devices/system/cpu/cpu0/cache/index3/type
[02Oct2025 21:58:46.322] [main/DEBUG] [oshi.util.FileUtil/]: Reading file /sys/devices/system/cpu/cpu0/cache/index3/ways_of_associativity
[02Oct2025 21:58:46.322] [main/DEBUG] [oshi.util.FileUtil/]: Reading file /sys/devices/system/cpu/cpu0/cache/index3/ways_of_associativity
[02Oct2025 21:58:46.322] [main/DEBUG] [oshi.util.FileUtil/]: Reading file /sys/devices/system/cpu/cpu0/cache/index3/coherency_line_size
[02Oct2025 21:58:46.322] [main/DEBUG] [oshi.util.FileUtil/]: Reading file /sys/devices/system/cpu/cpu0/cache/index3/coherency_line_size
[02Oct2025 21:58:46.322] [main/DEBUG] [oshi.util.FileUtil/]: Reading file /sys/devices/system/cpu/cpu0/cache/index3/size
[02Oct2025 21:58:46.322] [main/DEBUG] [oshi.util.FileUtil/]: Reading file /sys/devices/system/cpu/cpu0/cache/index3/size
[02Oct2025 21:58:46.322] [main/DEBUG] [oshi.util.FileUtil/]: Reading file /sys/devices/system/cpu/cpu0/cache/index1/level
[02Oct2025 21:58:46.322] [main/DEBUG] [oshi.util.FileUtil/]: Reading file /sys/devices/system/cpu/cpu0/cache/index1/level
[02Oct2025 21:58:46.322] [main/DEBUG] [oshi.util.FileUtil/]: Reading file /sys/devices/system/cpu/cpu0/cache/index1/type
[02Oct2025 21:58:46.322] [main/DEBUG] [oshi.util.FileUtil/]: Reading file /sys/devices/system/cpu/cpu0/cache/index1/type
[02Oct2025 21:58:46.322] [main/DEBUG] [oshi.util.FileUtil/]: Reading file /sys/devices/system/cpu/cpu0/cache/index1/ways_of_associativity
[02Oct2025 21:58:46.322] [main/DEBUG] [oshi.util.FileUtil/]: Reading file /sys/devices/system/cpu/cpu0/cache/index1/ways_of_associativity
[02Oct2025 21:58:46.322] [main/DEBUG] [oshi.util.FileUtil/]: Reading file /sys/devices/system/cpu/cpu0/cache/index1/coherency_line_size
[02Oct2025 21:58:46.322] [main/DEBUG] [oshi.util.FileUtil/]: Reading file /sys/devices/system/cpu/cpu0/cache/index1/coherency_line_size
[02Oct2025 21:58:46.322] [main/DEBUG] [oshi.util.FileUtil/]: Reading file /sys/devices/system/cpu/cpu0/cache/index1/size
[02Oct2025 21:58:46.322] [main/DEBUG] [oshi.util.FileUtil/]: Reading file /sys/devices/system/cpu/cpu0/cache/index1/size
[02Oct2025 21:58:46.322] [main/DEBUG] [oshi.util.FileUtil/]: Reading file /sys/devices/system/cpu/cpu1/topology/core_id
[02Oct2025 21:58:46.322] [main/DEBUG] [oshi.util.FileUtil/]: Reading file /sys/devices/system/cpu/cpu1/topology/core_id
[02Oct2025 21:58:46.323] [main/DEBUG] [oshi.util.FileUtil/]: Reading file /sys/devices/system/cpu/cpu1/topology/physical_package_id
[02Oct2025 21:58:46.323] [main/DEBUG] [oshi.util.FileUtil/]: Reading file /sys/devices/system/cpu/cpu1/topology/physical_package_id
[02Oct2025 21:58:46.323] [main/DEBUG] [oshi.util.FileUtil/]: Reading file /sys/devices/system/cpu/cpu1/cpu_capacity
[02Oct2025 21:58:46.323] [main/DEBUG] [oshi.util.FileUtil/]: Reading file /sys/devices/system/cpu/cpu1/cpu_capacity
[02Oct2025 21:58:46.323] [main/DEBUG] [oshi.util.FileUtil/]: Reading file /sys/devices/system/cpu/cpu1/cache/index2/level
[02Oct2025 21:58:46.323] [main/DEBUG] [oshi.util.FileUtil/]: Reading file /sys/devices/system/cpu/cpu1/cache/index2/level
[02Oct2025 21:58:46.323] [main/DEBUG] [oshi.util.FileUtil/]: Reading file /sys/devices/system/cpu/cpu1/cache/index2/type
[02Oct2025 21:58:46.323] [main/DEBUG] [oshi.util.FileUtil/]: Reading file /sys/devices/system/cpu/cpu1/cache/index2/type
[02Oct2025 21:58:46.323] [main/DEBUG] [oshi.util.FileUtil/]: Reading file /sys/devices/system/cpu/cpu1/cache/index2/ways_of_associativity
[02Oct2025 21:58:46.323] [main/DEBUG] [oshi.util.FileUtil/]: Reading file /sys/devices/system/cpu/cpu1/cache/index2/ways_of_associativity
[02Oct2025 21:58:46.323] [main/DEBUG] [oshi.util.FileUtil/]: Reading file /sys/devices/system/cpu/cpu1/cache/index2/coherency_line_size
[02Oct2025 21:58:46.323] [main/DEBUG] [oshi.util.FileUtil/]: Reading file /sys/devices/system/cpu/cpu1/cache/index2/coherency_line_size
[02Oct2025 21:58:46.323] [main/DEBUG] [oshi.util.FileUtil/]: Reading file /sys/devices/system/cpu/cpu1/cache/index2/size
[02Oct2025 21:58:46.323] [main/DEBUG] [oshi.util.FileUtil/]: Reading file /sys/devices/system/cpu/cpu1/cache/index2/size
[02Oct2025 21:58:46.323] [main/DEBUG] [oshi.util.FileUtil/]: Reading file /sys/devices/system/cpu/cpu1/cache/index0/level
[02Oct2025 21:58:46.323] [main/DEBUG] [oshi.util.FileUtil/]: Reading file /sys/devices/system/cpu/cpu1/cache/index0/level
[02Oct2025 21:58:46.323] [main/DEBUG] [oshi.util.FileUtil/]: Reading file /sys/devices/system/cpu/cpu1/cache/index0/type
[02Oct2025 21:58:46.323] [main/DEBUG] [oshi.util.FileUtil/]: Reading file /sys/devices/system/cpu/cpu1/cache/index0/type
[02Oct2025 21:58:46.323] [main/DEBUG] [oshi.util.FileUtil/]: Reading file /sys/devices/system/cpu/cpu1/cache/index0/ways_of_associativity
[02Oct2025 21:58:46.323] [main/DEBUG] [oshi.util.FileUtil/]: Reading file /sys/devices/system/cpu/cpu1/cache/index0/ways_of_associativity
[02Oct2025 21:58:46.323] [main/DEBUG] [oshi.util.FileUtil/]: Reading file /sys/devices/system/cpu/cpu1/cache/index0/coherency_line_size
[02Oct2025 21:58:46.323] [main/DEBUG] [oshi.util.FileUtil/]: Reading file /sys/devices/system/cpu/cpu1/cache/index0/coherency_line_size
[02Oct2025 21:58:46.323] [main/DEBUG] [oshi.util.FileUtil/]: Reading file /sys/devices/system/cpu/cpu1/cache/index0/size
[02Oct2025 21:58:46.323] [main/DEBUG] [oshi.util.FileUtil/]: Reading file /sys/devices/system/cpu/cpu1/cache/index0/size
[02Oct2025 21:58:46.323] [main/DEBUG] [oshi.util.FileUtil/]: Reading file /sys/devices/system/cpu/cpu1/cache/index3/level
[02Oct2025 21:58:46.323] [main/DEBUG] [oshi.util.FileUtil/]: Reading file /sys/devices/system/cpu/cpu1/cache/index3/level
[02Oct2025 21:58:46.323] [main/DEBUG] [oshi.util.FileUtil/]: Reading file /sys/devices/system/cpu/cpu1/cache/index3/type
[02Oct2025 21:58:46.323] [main/DEBUG] [oshi.util.FileUtil/]: Reading file /sys/devices/system/cpu/cpu1/cache/index3/type
[02Oct2025 21:58:46.323] [main/DEBUG] [oshi.util.FileUtil/]: Reading file /sys/devices/system/cpu/cpu1/cache/index3/ways_of_associativity
[02Oct2025 21:58:46.323] [main/DEBUG] [oshi.util.FileUtil/]: Reading file /sys/devices/system/cpu/cpu1/cache/index3/ways_of_associativity
[02Oct2025 21:58:46.323] [main/DEBUG] [oshi.util.FileUtil/]: Reading file /sys/devices/system/cpu/cpu1/cache/index3/coherency_line_size
[02Oct2025 21:58:46.323] [main/DEBUG] [oshi.util.FileUtil/]: Reading file /sys/devices/system/cpu/cpu1/cache/index3/coherency_line_size
[02Oct2025 21:58:46.323] [main/DEBUG] [oshi.util.FileUtil/]: Reading file /sys/devices/system/cpu/cpu1/cache/index3/size
[02Oct2025 21:58:46.323] [main/DEBUG] [oshi.util.FileUtil/]: Reading file /sys/devices/system/cpu/cpu1/cache/index3/size
[02Oct2025 21:58:46.323] [main/DEBUG] [oshi.util.FileUtil/]: Reading file /sys/devices/system/cpu/cpu1/cache/index1/level
[02Oct2025 21:58:46.323] [main/DEBUG] [oshi.util.FileUtil/]: Reading file /sys/devices/system/cpu/cpu1/cache/index1/level
[02Oct2025 21:58:46.323] [main/DEBUG] [oshi.util.FileUtil/]: Reading file /sys/devices/system/cpu/cpu1/cache/index1/type
[02Oct2025 21:58:46.323] [main/DEBUG] [oshi.util.FileUtil/]: Reading file /sys/devices/system/cpu/cpu1/cache/index1/type
[02Oct2025 21:58:46.323] [main/DEBUG] [oshi.util.FileUtil/]: Reading file /sys/devices/system/cpu/cpu1/cache/index1/ways_of_associativity
[02Oct2025 21:58:46.323] [main/DEBUG] [oshi.util.FileUtil/]: Reading file /sys/devices/system/cpu/cpu1/cache/index1/ways_of_associativity
[02Oct2025 21:58:46.323] [main/DEBUG] [oshi.util.FileUtil/]: Reading file /sys/devices/system/cpu/cpu1/cache/index1/coherency_line_size
[02Oct2025 21:58:46.323] [main/DEBUG] [oshi.util.FileUtil/]: Reading file /sys/devices/system/cpu/cpu1/cache/index1/coherency_line_size
[02Oct2025 21:58:46.323] [main/DEBUG] [oshi.util.FileUtil/]: Reading file /sys/devices/system/cpu/cpu1/cache/index1/size
[02Oct2025 21:58:46.323] [main/DEBUG] [oshi.util.FileUtil/]: Reading file /sys/devices/system/cpu/cpu1/cache/index1/size
[02Oct2025 21:58:46.324] [main/DEBUG] [oshi.util.FileUtil/]: Reading file /sys/devices/system/cpu/cpu10/topology/core_id
[02Oct2025 21:58:46.324] [main/DEBUG] [oshi.util.FileUtil/]: Reading file /sys/devices/system/cpu/cpu10/topology/core_id
[02Oct2025 21:58:46.324] [main/DEBUG] [oshi.util.FileUtil/]: Reading file /sys/devices/system/cpu/cpu10/topology/physical_package_id
[02Oct2025 21:58:46.324] [main/DEBUG] [oshi.util.FileUtil/]: Reading file /sys/devices/system/cpu/cpu10/topology/physical_package_id
[02Oct2025 21:58:46.324] [main/DEBUG] [oshi.util.FileUtil/]: Reading file /sys/devices/system/cpu/cpu10/cpu_capacity
[02Oct2025 21:58:46.324] [main/DEBUG] [oshi.util.FileUtil/]: Reading file /sys/devices/system/cpu/cpu10/cpu_capacity
[02Oct2025 21:58:46.324] [main/DEBUG] [oshi.util.FileUtil/]: Reading file /sys/devices/system/cpu/cpu10/cache/index2/level
[02Oct2025 21:58:46.324] [main/DEBUG] [oshi.util.FileUtil/]: Reading file /sys/devices/system/cpu/cpu10/cache/index2/level
[02Oct2025 21:58:46.324] [main/DEBUG] [oshi.util.FileUtil/]: Reading file /sys/devices/system/cpu/cpu10/cache/index2/type
[02Oct2025 21:58:46.324] [main/DEBUG] [oshi.util.FileUtil/]: Reading file /sys/devices/system/cpu/cpu10/cache/index2/type
[02Oct2025 21:58:46.324] [main/DEBUG] [oshi.util.FileUtil/]: Reading file /sys/devices/system/cpu/cpu10/cache/index2/ways_of_associativity
[02Oct2025 21:58:46.324] [main/DEBUG] [oshi.util.FileUtil/]: Reading file /sys/devices/system/cpu/cpu10/cache/index2/ways_of_associativity
[02Oct2025 21:58:46.324] [main/DEBUG] [oshi.util.FileUtil/]: Reading file /sys/devices/system/cpu/cpu10/cache/index2/coherency_line_size
[02Oct2025 21:58:46.324] [main/DEBUG] [oshi.util.FileUtil/]: Reading file /sys/devices/system/cpu/cpu10/cache/index2/coherency_line_size
[02Oct2025 21:58:46.324] [main/DEBUG] [oshi.util.FileUtil/]: Reading file /sys/devices/system/cpu/cpu10/cache/index2/size
[02Oct2025 21:58:46.324] [main/DEBUG] [oshi.util.FileUtil/]: Reading file /sys/devices/system/cpu/cpu10/cache/index2/size
[02Oct2025 21:58:46.324] [main/DEBUG] [oshi.util.FileUtil/]: Reading file /sys/devices/system/cpu/cpu10/cache/index0/level
[02Oct2025 21:58:46.324] [main/DEBUG] [oshi.util.FileUtil/]: Reading file /sys/devices/system/cpu/cpu10/cache/index0/level
[02Oct2025 21:58:46.324] [main/DEBUG] [oshi.util.FileUtil/]: Reading file /sys/devices/system/cpu/cpu10/cache/index0/type
[02Oct2025 21:58:46.324] [main/DEBUG] [oshi.util.FileUtil/]: Reading file /sys/devices/system/cpu/cpu10/cache/index0/type
[02Oct2025 21:58:46.324] [main/DEBUG] [oshi.util.FileUtil/]: Reading file /sys/devices/system/cpu/cpu10/cache/index0/ways_of_associativity
[02Oct2025 21:58:46.324] [main/DEBUG] [oshi.util.FileUtil/]: Reading file /sys/devices/system/cpu/cpu10/cache/index0/ways_of_associativity
[02Oct2025 21:58:46.324] [main/DEBUG] [oshi.util.FileUtil/]: Reading file /sys/devices/system/cpu/cpu10/cache/index0/coherency_line_size
[02Oct2025 21:58:46.324] [main/DEBUG] [oshi.util.FileUtil/]: Reading file /sys/devices/system/cpu/cpu10/cache/index0/coherency_line_size
[02Oct2025 21:58:46.324] [main/DEBUG] [oshi.util.FileUtil/]: Reading file /sys/devices/system/cpu/cpu10/cache/index0/size
[02Oct2025 21:58:46.324] [main/DEBUG] [oshi.util.FileUtil/]: Reading file /sys/devices/system/cpu/cpu10/cache/index0/size
[02Oct2025 21:58:46.324] [main/DEBUG] [oshi.util.FileUtil/]: Reading file /sys/devices/system/cpu/cpu10/cache/index3/level
[02Oct2025 21:58:46.324] [main/DEBUG] [oshi.util.FileUtil/]: Reading file /sys/devices/system/cpu/cpu10/cache/index3/level
[02Oct2025 21:58:46.324] [main/DEBUG] [oshi.util.FileUtil/]: Reading file /sys/devices/system/cpu/cpu10/cache/index3/type
[02Oct2025 21:58:46.324] [main/DEBUG] [oshi.util.FileUtil/]: Reading file /sys/devices/system/cpu/cpu10/cache/index3/type
[02Oct2025 21:58:46.324] [main/DEBUG] [oshi.util.FileUtil/]: Reading file /sys/devices/system/cpu/cpu10/cache/index3/ways_of_associativity
[02Oct2025 21:58:46.324] [main/DEBUG] [oshi.util.FileUtil/]: Reading file /sys/devices/system/cpu/cpu10/cache/index3/ways_of_associativity
[02Oct2025 21:58:46.324] [main/DEBUG] [oshi.util.FileUtil/]: Reading file /sys/devices/system/cpu/cpu10/cache/index3/coherency_line_size
[02Oct2025 21:58:46.324] [main/DEBUG] [oshi.util.FileUtil/]: Reading file /sys/devices/system/cpu/cpu10/cache/index3/coherency_line_size
[02Oct2025 21:58:46.324] [main/DEBUG] [oshi.util.FileUtil/]: Reading file /sys/devices/system/cpu/cpu10/cache/index3/size
[02Oct2025 21:58:46.324] [main/DEBUG] [oshi.util.FileUtil/]: Reading file /sys/devices/system/cpu/cpu10/cache/index3/size
[02Oct2025 21:58:46.325] [main/DEBUG] [oshi.util.FileUtil/]: Reading file /sys/devices/system/cpu/cpu10/cache/index1/level
[02Oct2025 21:58:46.325] [main/DEBUG] [oshi.util.FileUtil/]: Reading file /sys/devices/system/cpu/cpu10/cache/index1/level
[02Oct2025 21:58:46.325] [main/DEBUG] [oshi.util.FileUtil/]: Reading file /sys/devices/system/cpu/cpu10/cache/index1/type
[02Oct2025 21:58:46.325] [main/DEBUG] [oshi.util.FileUtil/]: Reading file /sys/devices/system/cpu/cpu10/cache/index1/type
[02Oct2025 21:58:46.325] [main/DEBUG] [oshi.util.FileUtil/]: Reading file /sys/devices/system/cpu/cpu10/cache/index1/ways_of_associativity
[02Oct2025 21:58:46.325] [main/DEBUG] [oshi.util.FileUtil/]: Reading file /sys/devices/system/cpu/cpu10/cache/index1/ways_of_associativity
[02Oct2025 21:58:46.325] [main/DEBUG] [oshi.util.FileUtil/]: Reading file /sys/devices/system/cpu/cpu10/cache/index1/coherency_line_size
[02Oct2025 21:58:46.325] [main/DEBUG] [oshi.util.FileUtil/]: Reading file /sys/devices/system/cpu/cpu10/cache/index1/coherency_line_size
[02Oct2025 21:58:46.325] [main/DEBUG] [oshi.util.FileUtil/]: Reading file /sys/devices/system/cpu/cpu10/cache/index1/size
[02Oct2025 21:58:46.325] [main/DEBUG] [oshi.util.FileUtil/]: Reading file /sys/devices/system/cpu/cpu10/cache/index1/size
[02Oct2025 21:58:46.325] [main/DEBUG] [oshi.util.FileUtil/]: Reading file /sys/devices/system/cpu/cpu11/topology/core_id
[02Oct2025 21:58:46.325] [main/DEBUG] [oshi.util.FileUtil/]: Reading file /sys/devices/system/cpu/cpu11/topology/core_id
[02Oct2025 21:58:46.325] [main/DEBUG] [oshi.util.FileUtil/]: Reading file /sys/devices/system/cpu/cpu11/topology/physical_package_id
[02Oct2025 21:58:46.325] [main/DEBUG] [oshi.util.FileUtil/]: Reading file /sys/devices/system/cpu/cpu11/topology/physical_package_id
[02Oct2025 21:58:46.325] [main/DEBUG] [oshi.util.FileUtil/]: Reading file /sys/devices/system/cpu/cpu11/cpu_capacity
[02Oct2025 21:58:46.325] [main/DEBUG] [oshi.util.FileUtil/]: Reading file /sys/devices/system/cpu/cpu11/cpu_capacity
[02Oct2025 21:58:46.325] [main/DEBUG] [oshi.util.FileUtil/]: Reading file /sys/devices/system/cpu/cpu11/cache/index2/level
[02Oct2025 21:58:46.325] [main/DEBUG] [oshi.util.FileUtil/]: Reading file /sys/devices/system/cpu/cpu11/cache/index2/level
[02Oct2025 21:58:46.325] [main/DEBUG] [oshi.util.FileUtil/]: Reading file /sys/devices/system/cpu/cpu11/cache/index2/type
[02Oct2025 21:58:46.325] [main/DEBUG] [oshi.util.FileUtil/]: Reading file /sys/devices/system/cpu/cpu11/cache/index2/type
[02Oct2025 21:58:46.325] [main/DEBUG] [oshi.util.FileUtil/]: Reading file /sys/devices/system/cpu/cpu11/cache/index2/ways_of_associativity
[02Oct2025 21:58:46.325] [main/DEBUG] [oshi.util.FileUtil/]: Reading file /sys/devices/system/cpu/cpu11/cache/index2/ways_of_associativity
[02Oct2025 21:58:46.325] [main/DEBUG] [oshi.util.FileUtil/]: Reading file /sys/devices/system/cpu/cpu11/cache/index2/coherency_line_size
[02Oct2025 21:58:46.325] [main/DEBUG] [oshi.util.FileUtil/]: Reading file /sys/devices/system/cpu/cpu11/cache/index2/coherency_line_size
[02Oct2025 21:58:46.325] [main/DEBUG] [oshi.util.FileUtil/]: Reading file /sys/devices/system/cpu/cpu11/cache/index2/size
[02Oct2025 21:58:46.325] [main/DEBUG] [oshi.util.FileUtil/]: Reading file /sys/devices/system/cpu/cpu11/cache/index2/size
[02Oct2025 21:58:46.325] [main/DEBUG] [oshi.util.FileUtil/]: Reading file /sys/devices/system/cpu/cpu11/cache/index0/level
[02Oct2025 21:58:46.325] [main/DEBUG] [oshi.util.FileUtil/]: Reading file /sys/devices/system/cpu/cpu11/cache/index0/level
[02Oct2025 21:58:46.325] [main/DEBUG] [oshi.util.FileUtil/]: Reading file /sys/devices/system/cpu/cpu11/cache/index0/type
[02Oct2025 21:58:46.325] [main/DEBUG] [oshi.util.FileUtil/]: Reading file /sys/devices/system/cpu/cpu11/cache/index0/type
[02Oct2025 21:58:46.325] [main/DEBUG] [oshi.util.FileUtil/]: Reading file /sys/devices/system/cpu/cpu11/cache/index0/ways_of_associativity
[02Oct2025 21:58:46.325] [main/DEBUG] [oshi.util.FileUtil/]: Reading file /sys/devices/system/cpu/cpu11/cache/index0/ways_of_associativity
[02Oct2025 21:58:46.325] [main/DEBUG] [oshi.util.FileUtil/]: Reading file /sys/devices/system/cpu/cpu11/cache/index0/coherency_line_size
[02Oct2025 21:58:46.325] [main/DEBUG] [oshi.util.FileUtil/]: Reading file /sys/devices/system/cpu/cpu11/cache/index0/coherency_line_size
[02Oct2025 21:58:46.325] [main/DEBUG] [oshi.util.FileUtil/]: Reading file /sys/devices/system/cpu/cpu11/cache/index0/size
[02Oct2025 21:58:46.325] [main/DEBUG] [oshi.util.FileUtil/]: Reading file /sys/devices/system/cpu/cpu11/cache/index0/size
[02Oct2025 21:58:46.325] [main/DEBUG] [oshi.util.FileUtil/]: Reading file /sys/devices/system/cpu/cpu11/cache/index3/level
[02Oct2025 21:58:46.325] [main/DEBUG] [oshi.util.FileUtil/]: Reading file /sys/devices/system/cpu/cpu11/cache/index3/level
[02Oct2025 21:58:46.326] [main/DEBUG] [oshi.util.FileUtil/]: Reading file /sys/devices/system/cpu/cpu11/cache/index3/type
[02Oct2025 21:58:46.326] [main/DEBUG] [oshi.util.FileUtil/]: Reading file /sys/devices/system/cpu/cpu11/cache/index3/type
[02Oct2025 21:58:46.326] [main/DEBUG] [oshi.util.FileUtil/]: Reading file /sys/devices/system/cpu/cpu11/cache/index3/ways_of_associativity
[02Oct2025 21:58:46.326] [main/DEBUG] [oshi.util.FileUtil/]: Reading file /sys/devices/system/cpu/cpu11/cache/index3/ways_of_associativity
[02Oct2025 21:58:46.326] [main/DEBUG] [oshi.util.FileUtil/]: Reading file /sys/devices/system/cpu/cpu11/cache/index3/coherency_line_size
[02Oct2025 21:58:46.326] [main/DEBUG] [oshi.util.FileUtil/]: Reading file /sys/devices/system/cpu/cpu11/cache/index3/coherency_line_size
[02Oct2025 21:58:46.326] [main/DEBUG] [oshi.util.FileUtil/]: Reading file /sys/devices/system/cpu/cpu11/cache/index3/size
[02Oct2025 21:58:46.326] [main/DEBUG] [oshi.util.FileUtil/]: Reading file /sys/devices/system/cpu/cpu11/cache/index3/size
[02Oct2025 21:58:46.326] [main/DEBUG] [oshi.util.FileUtil/]: Reading file /sys/devices/system/cpu/cpu11/cache/index1/level
[02Oct2025 21:58:46.326] [main/DEBUG] [oshi.util.FileUtil/]: Reading file /sys/devices/system/cpu/cpu11/cache/index1/level
[02Oct2025 21:58:46.326] [main/DEBUG] [oshi.util.FileUtil/]: Reading file /sys/devices/system/cpu/cpu11/cache/index1/type
[02Oct2025 21:58:46.326] [main/DEBUG] [oshi.util.FileUtil/]: Reading file /sys/devices/system/cpu/cpu11/cache/index1/type
[02Oct2025 21:58:46.326] [main/DEBUG] [oshi.util.FileUtil/]: Reading file /sys/devices/system/cpu/cpu11/cache/index1/ways_of_associativity
[02Oct2025 21:58:46.326] [main/DEBUG] [oshi.util.FileUtil/]: Reading file /sys/devices/system/cpu/cpu11/cache/index1/ways_of_associativity
[02Oct2025 21:58:46.326] [main/DEBUG] [oshi.util.FileUtil/]: Reading file /sys/devices/system/cpu/cpu11/cache/index1/coherency_line_size
[02Oct2025 21:58:46.326] [main/DEBUG] [oshi.util.FileUtil/]: Reading file /sys/devices/system/cpu/cpu11/cache/index1/coherency_line_size
[02Oct2025 21:58:46.326] [main/DEBUG] [oshi.util.FileUtil/]: Reading file /sys/devices/system/cpu/cpu11/cache/index1/size
[02Oct2025 21:58:46.326] [main/DEBUG] [oshi.util.FileUtil/]: Reading file /sys/devices/system/cpu/cpu11/cache/index1/size
[02Oct2025 21:58:46.326] [main/DEBUG] [oshi.util.FileUtil/]: Reading file /sys/devices/system/cpu/cpu12/topology/core_id
[02Oct2025 21:58:46.326] [main/DEBUG] [oshi.util.FileUtil/]: Reading file /sys/devices/system/cpu/cpu12/topology/core_id
[02Oct2025 21:58:46.326] [main/DEBUG] [oshi.util.FileUtil/]: Reading file /sys/devices/system/cpu/cpu12/topology/physical_package_id
[02Oct2025 21:58:46.326] [main/DEBUG] [oshi.util.FileUtil/]: Reading file /sys/devices/system/cpu/cpu12/topology/physical_package_id
[02Oct2025 21:58:46.326] [main/DEBUG] [oshi.util.FileUtil/]: Reading file /sys/devices/system/cpu/cpu12/cpu_capacity
[02Oct2025 21:58:46.326] [main/DEBUG] [oshi.util.FileUtil/]: Reading file /sys/devices/system/cpu/cpu12/cpu_capacity
[02Oct2025 21:58:46.326] [main/DEBUG] [oshi.util.FileUtil/]: Reading file /sys/devices/system/cpu/cpu12/cache/index2/level
[02Oct2025 21:58:46.326] [main/DEBUG] [oshi.util.FileUtil/]: Reading file /sys/devices/system/cpu/cpu12/cache/index2/level
[02Oct2025 21:58:46.326] [main/DEBUG] [oshi.util.FileUtil/]: Reading file /sys/devices/system/cpu/cpu12/cache/index2/type
[02Oct2025 21:58:46.326] [main/DEBUG] [oshi.util.FileUtil/]: Reading file /sys/devices/system/cpu/cpu12/cache/index2/type
[02Oct2025 21:58:46.327] [main/DEBUG] [oshi.util.FileUtil/]: Reading file /sys/devices/system/cpu/cpu12/cache/index2/ways_of_associativity
[02Oct2025 21:58:46.327] [main/DEBUG] [oshi.util.FileUtil/]: Reading file /sys/devices/system/cpu/cpu12/cache/index2/ways_of_associativity
[02Oct2025 21:58:46.327] [main/DEBUG] [oshi.util.FileUtil/]: Reading file /sys/devices/system/cpu/cpu12/cache/index2/coherency_line_size
[02Oct2025 21:58:46.327] [main/DEBUG] [oshi.util.FileUtil/]: Reading file /sys/devices/system/cpu/cpu12/cache/index2/coherency_line_size
[02Oct2025 21:58:46.327] [main/DEBUG] [oshi.util.FileUtil/]: Reading file /sys/devices/system/cpu/cpu12/cache/index2/size
[02Oct2025 21:58:46.327] [main/DEBUG] [oshi.util.FileUtil/]: Reading file /sys/devices/system/cpu/cpu12/cache/index2/size
[02Oct2025 21:58:46.327] [main/DEBUG] [oshi.util.FileUtil/]: Reading file /sys/devices/system/cpu/cpu12/cache/index0/level
[02Oct2025 21:58:46.327] [main/DEBUG] [oshi.util.FileUtil/]: Reading file /sys/devices/system/cpu/cpu12/cache/index0/level
[02Oct2025 21:58:46.327] [main/DEBUG] [oshi.util.FileUtil/]: Reading file /sys/devices/system/cpu/cpu12/cache/index0/type
[02Oct2025 21:58:46.327] [main/DEBUG] [oshi.util.FileUtil/]: Reading file /sys/devices/system/cpu/cpu12/cache/index0/type
[02Oct2025 21:58:46.327] [main/DEBUG] [oshi.util.FileUtil/]: Reading file /sys/devices/system/cpu/cpu12/cache/index0/ways_of_associativity
[02Oct2025 21:58:46.327] [main/DEBUG] [oshi.util.FileUtil/]: Reading file /sys/devices/system/cpu/cpu12/cache/index0/ways_of_associativity
[02Oct2025 21:58:46.327] [main/DEBUG] [oshi.util.FileUtil/]: Reading file /sys/devices/system/cpu/cpu12/cache/index0/coherency_line_size
[02Oct2025 21:58:46.327] [main/DEBUG] [oshi.util.FileUtil/]: Reading file /sys/devices/system/cpu/cpu12/cache/index0/coherency_line_size
[02Oct2025 21:58:46.327] [main/DEBUG] [oshi.util.FileUtil/]: Reading file /sys/devices/system/cpu/cpu12/cache/index0/size
[02Oct2025 21:58:46.327] [main/DEBUG] [oshi.util.FileUtil/]: Reading file /sys/devices/system/cpu/cpu12/cache/index0/size
[02Oct2025 21:58:46.327] [main/DEBUG] [oshi.util.FileUtil/]: Reading file /sys/devices/system/cpu/cpu12/cache/index3/level
[02Oct2025 21:58:46.327] [main/DEBUG] [oshi.util.FileUtil/]: Reading file /sys/devices/system/cpu/cpu12/cache/index3/level
[02Oct2025 21:58:46.327] [main/DEBUG] [oshi.util.FileUtil/]: Reading file /sys/devices/system/cpu/cpu12/cache/index3/type
[02Oct2025 21:58:46.327] [main/DEBUG] [oshi.util.FileUtil/]: Reading file /sys/devices/system/cpu/cpu12/cache/index3/type
[02Oct2025 21:58:46.327] [main/DEBUG] [oshi.util.FileUtil/]: Reading file /sys/devices/system/cpu/cpu12/cache/index3/ways_of_associativity
[02Oct2025 21:58:46.327] [main/DEBUG] [oshi.util.FileUtil/]: Reading file /sys/devices/system/cpu/cpu12/cache/index3/ways_of_associativity
[02Oct2025 21:58:46.327] [main/DEBUG] [oshi.util.FileUtil/]: Reading file /sys/devices/system/cpu/cpu12/cache/index3/coherency_line_size
[02Oct2025 21:58:46.327] [main/DEBUG] [oshi.util.FileUtil/]: Reading file /sys/devices/system/cpu/cpu12/cache/index3/coherency_line_size
[02Oct2025 21:58:46.327] [main/DEBUG] [oshi.util.FileUtil/]: Reading file /sys/devices/system/cpu/cpu12/cache/index3/size
[02Oct2025 21:58:46.327] [main/DEBUG] [oshi.util.FileUtil/]: Reading file /sys/devices/system/cpu/cpu12/cache/index3/size
[02Oct2025 21:58:46.327] [main/DEBUG] [oshi.util.FileUtil/]: Reading file /sys/devices/system/cpu/cpu12/cache/index1/level
[02Oct2025 21:58:46.327] [main/DEBUG] [oshi.util.FileUtil/]: Reading file /sys/devices/system/cpu/cpu12/cache/index1/level
[02Oct2025 21:58:46.327] [main/DEBUG] [oshi.util.FileUtil/]: Reading file /sys/devices/system/cpu/cpu12/cache/index1/type
[02Oct2025 21:58:46.327] [main/DEBUG] [oshi.util.FileUtil/]: Reading file /sys/devices/system/cpu/cpu12/cache/index1/type
[02Oct2025 21:58:46.327] [main/DEBUG] [oshi.util.FileUtil/]: Reading file /sys/devices/system/cpu/cpu12/cache/index1/ways_of_associativity
[02Oct2025 21:58:46.327] [main/DEBUG] [oshi.util.FileUtil/]: Reading file /sys/devices/system/cpu/cpu12/cache/index1/ways_of_associativity
[02Oct2025 21:58:46.327] [main/DEBUG] [oshi.util.FileUtil/]: Reading file /sys/devices/system/cpu/cpu12/cache/index1/coherency_line_size
[02Oct2025 21:58:46.327] [main/DEBUG] [oshi.util.FileUtil/]: Reading file /sys/devices/system/cpu/cpu12/cache/index1/coherency_line_size
[02Oct2025 21:58:46.327] [main/DEBUG] [oshi.util.FileUtil/]: Reading file /sys/devices/system/cpu/cpu12/cache/index1/size
[02Oct2025 21:58:46.327] [main/DEBUG] [oshi.util.FileUtil/]: Reading file /sys/devices/system/cpu/cpu12/cache/index1/size
[02Oct2025 21:58:46.328] [main/DEBUG] [oshi.util.FileUtil/]: Reading file /sys/devices/system/cpu/cpu13/topology/core_id
[02Oct2025 21:58:46.328] [main/DEBUG] [oshi.util.FileUtil/]: Reading file /sys/devices/system/cpu/cpu13/topology/core_id
[02Oct2025 21:58:46.328] [main/DEBUG] [oshi.util.FileUtil/]: Reading file /sys/devices/system/cpu/cpu13/topology/physical_package_id
[02Oct2025 21:58:46.328] [main/DEBUG] [oshi.util.FileUtil/]: Reading file /sys/devices/system/cpu/cpu13/topology/physical_package_id
[02Oct2025 21:58:46.328] [main/DEBUG] [oshi.util.FileUtil/]: Reading file /sys/devices/system/cpu/cpu13/cpu_capacity
[02Oct2025 21:58:46.328] [main/DEBUG] [oshi.util.FileUtil/]: Reading file /sys/devices/system/cpu/cpu13/cpu_capacity
[02Oct2025 21:58:46.328] [main/DEBUG] [oshi.util.FileUtil/]: Reading file /sys/devices/system/cpu/cpu13/cache/index2/level
[02Oct2025 21:58:46.328] [main/DEBUG] [oshi.util.FileUtil/]: Reading file /sys/devices/system/cpu/cpu13/cache/index2/level
[02Oct2025 21:58:46.328] [main/DEBUG] [oshi.util.FileUtil/]: Reading file /sys/devices/system/cpu/cpu13/cache/index2/type
[02Oct2025 21:58:46.328] [main/DEBUG] [oshi.util.FileUtil/]: Reading file /sys/devices/system/cpu/cpu13/cache/index2/type
[02Oct2025 21:58:46.328] [main/DEBUG] [oshi.util.FileUtil/]: Reading file /sys/devices/system/cpu/cpu13/cache/index2/ways_of_associativity
[02Oct2025 21:58:46.328] [main/DEBUG] [oshi.util.FileUtil/]: Reading file /sys/devices/system/cpu/cpu13/cache/index2/ways_of_associativity
[02Oct2025 21:58:46.328] [main/DEBUG] [oshi.util.FileUtil/]: Reading file /sys/devices/system/cpu/cpu13/cache/index2/coherency_line_size
[02Oct2025 21:58:46.328] [main/DEBUG] [oshi.util.FileUtil/]: Reading file /sys/devices/system/cpu/cpu13/cache/index2/coherency_line_size
[02Oct2025 21:58:46.328] [main/DEBUG] [oshi.util.FileUtil/]: Reading file /sys/devices/system/cpu/cpu13/cache/index2/size
[02Oct2025 21:58:46.328] [main/DEBUG] [oshi.util.FileUtil/]: Reading file /sys/devices/system/cpu/cpu13/cache/index2/size
[02Oct2025 21:58:46.328] [main/DEBUG] [oshi.util.FileUtil/]: Reading file /sys/devices/system/cpu/cpu13/cache/index0/level
[02Oct2025 21:58:46.328] [main/DEBUG] [oshi.util.FileUtil/]: Reading file /sys/devices/system/cpu/cpu13/cache/index0/level
[02Oct2025 21:58:46.328] [main/DEBUG] [oshi.util.FileUtil/]: Reading file /sys/devices/system/cpu/cpu13/cache/index0/type
[02Oct2025 21:58:46.328] [main/DEBUG] [oshi.util.FileUtil/]: Reading file /sys/devices/system/cpu/cpu13/cache/index0/type
[02Oct2025 21:58:46.328] [main/DEBUG] [oshi.util.FileUtil/]: Reading file /sys/devices/system/cpu/cpu13/cache/index0/ways_of_associativity
[02Oct2025 21:58:46.328] [main/DEBUG] [oshi.util.FileUtil/]: Reading file /sys/devices/system/cpu/cpu13/cache/index0/ways_of_associativity
[02Oct2025 21:58:46.328] [main/DEBUG] [oshi.util.FileUtil/]: Reading file /sys/devices/system/cpu/cpu13/cache/index0/coherency_line_size
[02Oct2025 21:58:46.328] [main/DEBUG] [oshi.util.FileUtil/]: Reading file /sys/devices/system/cpu/cpu13/cache/index0/coherency_line_size
[02Oct2025 21:58:46.328] [main/DEBUG] [oshi.util.FileUtil/]: Reading file /sys/devices/system/cpu/cpu13/cache/index0/size
[02Oct2025 21:58:46.328] [main/DEBUG] [oshi.util.FileUtil/]: Reading file /sys/devices/system/cpu/cpu13/cache/index0/size
[02Oct2025 21:58:46.328] [main/DEBUG] [oshi.util.FileUtil/]: Reading file /sys/devices/system/cpu/cpu13/cache/index3/level
[02Oct2025 21:58:46.328] [main/DEBUG] [oshi.util.FileUtil/]: Reading file /sys/devices/system/cpu/cpu13/cache/index3/level
[02Oct2025 21:58:46.328] [main/DEBUG] [oshi.util.FileUtil/]: Reading file /sys/devices/system/cpu/cpu13/cache/index3/type
[02Oct2025 21:58:46.328] [main/DEBUG] [oshi.util.FileUtil/]: Reading file /sys/devices/system/cpu/cpu13/cache/index3/type
[02Oct2025 21:58:46.328] [main/DEBUG] [oshi.util.FileUtil/]: Reading file /sys/devices/system/cpu/cpu13/cache/index3/ways_of_associativity
[02Oct2025 21:58:46.328] [main/DEBUG] [oshi.util.FileUtil/]: Reading file /sys/devices/system/cpu/cpu13/cache/index3/ways_of_associativity
[02Oct2025 21:58:46.328] [main/DEBUG] [oshi.util.FileUtil/]: Reading file /sys/devices/system/cpu/cpu13/cache/index3/coherency_line_size
[02Oct2025 21:58:46.328] [main/DEBUG] [oshi.util.FileUtil/]: Reading file /sys/devices/system/cpu/cpu13/cache/index3/coherency_line_size
[02Oct2025 21:58:46.328] [main/DEBUG] [oshi.util.FileUtil/]: Reading file /sys/devices/system/cpu/cpu13/cache/index3/size
[02Oct2025 21:58:46.328] [main/DEBUG] [oshi.util.FileUtil/]: Reading file /sys/devices/system/cpu/cpu13/cache/index3/size
[02Oct2025 21:58:46.328] [main/DEBUG] [oshi.util.FileUtil/]: Reading file /sys/devices/system/cpu/cpu13/cache/index1/level
[02Oct2025 21:58:46.328] [main/DEBUG] [oshi.util.FileUtil/]: Reading file /sys/devices/system/cpu/cpu13/cache/index1/level
[02Oct2025 21:58:46.328] [main/DEBUG] [oshi.util.FileUtil/]: Reading file /sys/devices/system/cpu/cpu13/cache/index1/type
[02Oct2025 21:58:46.328] [main/DEBUG] [oshi.util.FileUtil/]: Reading file /sys/devices/system/cpu/cpu13/cache/index1/type
[02Oct2025 21:58:46.329] [main/DEBUG] [oshi.util.FileUtil/]: Reading file /sys/devices/system/cpu/cpu13/cache/index1/ways_of_associativity
[02Oct2025 21:58:46.329] [main/DEBUG] [oshi.util.FileUtil/]: Reading file /sys/devices/system/cpu/cpu13/cache/index1/ways_of_associativity
[02Oct2025 21:58:46.329] [main/DEBUG] [oshi.util.FileUtil/]: Reading file /sys/devices/system/cpu/cpu13/cache/index1/coherency_line_size
[02Oct2025 21:58:46.329] [main/DEBUG] [oshi.util.FileUtil/]: Reading file /sys/devices/system/cpu/cpu13/cache/index1/coherency_line_size
[02Oct2025 21:58:46.329] [main/DEBUG] [oshi.util.FileUtil/]: Reading file /sys/devices/system/cpu/cpu13/cache/index1/size
[02Oct2025 21:58:46.329] [main/DEBUG] [oshi.util.FileUtil/]: Reading file /sys/devices/system/cpu/cpu13/cache/index1/size
[02Oct2025 21:58:46.329] [main/DEBUG] [oshi.util.FileUtil/]: Reading file /sys/devices/system/cpu/cpu14/topology/core_id
[02Oct2025 21:58:46.329] [main/DEBUG] [oshi.util.FileUtil/]: Reading file /sys/devices/system/cpu/cpu14/topology/core_id
[02Oct2025 21:58:46.329] [main/DEBUG] [oshi.util.FileUtil/]: Reading file /sys/devices/system/cpu/cpu14/topology/physical_package_id
[02Oct2025 21:58:46.329] [main/DEBUG] [oshi.util.FileUtil/]: Reading file /sys/devices/system/cpu/cpu14/topology/physical_package_id
[02Oct2025 21:58:46.329] [main/DEBUG] [oshi.util.FileUtil/]: Reading file /sys/devices/system/cpu/cpu14/cpu_capacity
[02Oct2025 21:58:46.329] [main/DEBUG] [oshi.util.FileUtil/]: Reading file /sys/devices/system/cpu/cpu14/cpu_capacity
[02Oct2025 21:58:46.329] [main/DEBUG] [oshi.util.FileUtil/]: Reading file /sys/devices/system/cpu/cpu14/cache/index2/level
[02Oct2025 21:58:46.329] [main/DEBUG] [oshi.util.FileUtil/]: Reading file /sys/devices/system/cpu/cpu14/cache/index2/level
[02Oct2025 21:58:46.329] [main/DEBUG] [oshi.util.FileUtil/]: Reading file /sys/devices/system/cpu/cpu14/cache/index2/type
[02Oct2025 21:58:46.329] [main/DEBUG] [oshi.util.FileUtil/]: Reading file /sys/devices/system/cpu/cpu14/cache/index2/type
[02Oct2025 21:58:46.329] [main/DEBUG] [oshi.util.FileUtil/]: Reading file /sys/devices/system/cpu/cpu14/cache/index2/ways_of_associativity
[02Oct2025 21:58:46.329] [main/DEBUG] [oshi.util.FileUtil/]: Reading file /sys/devices/system/cpu/cpu14/cache/index2/ways_of_associativity
[02Oct2025 21:58:46.329] [main/DEBUG] [oshi.util.FileUtil/]: Reading file /sys/devices/system/cpu/cpu14/cache/index2/coherency_line_size
[02Oct2025 21:58:46.329] [main/DEBUG] [oshi.util.FileUtil/]: Reading file /sys/devices/system/cpu/cpu14/cache/index2/coherency_line_size
[02Oct2025 21:58:46.329] [main/DEBUG] [oshi.util.FileUtil/]: Reading file /sys/devices/system/cpu/cpu14/cache/index2/size
[02Oct2025 21:58:46.329] [main/DEBUG] [oshi.util.FileUtil/]: Reading file /sys/devices/system/cpu/cpu14/cache/index2/size
[02Oct2025 21:58:46.329] [main/DEBUG] [oshi.util.FileUtil/]: Reading file /sys/devices/system/cpu/cpu14/cache/index0/level
[02Oct2025 21:58:46.329] [main/DEBUG] [oshi.util.FileUtil/]: Reading file /sys/devices/system/cpu/cpu14/cache/index0/level
[02Oct2025 21:58:46.329] [main/DEBUG] [oshi.util.FileUtil/]: Reading file /sys/devices/system/cpu/cpu14/cache/index0/type
[02Oct2025 21:58:46.329] [main/DEBUG] [oshi.util.FileUtil/]: Reading file /sys/devices/system/cpu/cpu14/cache/index0/type
[02Oct2025 21:58:46.329] [main/DEBUG] [oshi.util.FileUtil/]: Reading file /sys/devices/system/cpu/cpu14/cache/index0/ways_of_associativity
[02Oct2025 21:58:46.329] [main/DEBUG] [oshi.util.FileUtil/]: Reading file /sys/devices/system/cpu/cpu14/cache/index0/ways_of_associativity
[02Oct2025 21:58:46.329] [main/DEBUG] [oshi.util.FileUtil/]: Reading file /sys/devices/system/cpu/cpu14/cache/index0/coherency_line_size
[02Oct2025 21:58:46.329] [main/DEBUG] [oshi.util.FileUtil/]: Reading file /sys/devices/system/cpu/cpu14/cache/index0/coherency_line_size
[02Oct2025 21:58:46.329] [main/DEBUG] [oshi.util.FileUtil/]: Reading file /sys/devices/system/cpu/cpu14/cache/index0/size
[02Oct2025 21:58:46.329] [main/DEBUG] [oshi.util.FileUtil/]: Reading file /sys/devices/system/cpu/cpu14/cache/index0/size
[02Oct2025 21:58:46.329] [main/DEBUG] [oshi.util.FileUtil/]: Reading file /sys/devices/system/cpu/cpu14/cache/index3/level
[02Oct2025 21:58:46.329] [main/DEBUG] [oshi.util.FileUtil/]: Reading file /sys/devices/system/cpu/cpu14/cache/index3/level
[02Oct2025 21:58:46.329] [main/DEBUG] [oshi.util.FileUtil/]: Reading file /sys/devices/system/cpu/cpu14/cache/index3/type
[02Oct2025 21:58:46.329] [main/DEBUG] [oshi.util.FileUtil/]: Reading file /sys/devices/system/cpu/cpu14/cache/index3/type
[02Oct2025 21:58:46.329] [main/DEBUG] [oshi.util.FileUtil/]: Reading file /sys/devices/system/cpu/cpu14/cache/index3/ways_of_associativity
[02Oct2025 21:58:46.329] [main/DEBUG] [oshi.util.FileUtil/]: Reading file /sys/devices/system/cpu/cpu14/cache/index3/ways_of_associativity
[02Oct2025 21:58:46.329] [main/DEBUG] [oshi.util.FileUtil/]: Reading file /sys/devices/system/cpu/cpu14/cache/index3/coherency_line_size
[02Oct2025 21:58:46.329] [main/DEBUG] [oshi.util.FileUtil/]: Reading file /sys/devices/system/cpu/cpu14/cache/index3/coherency_line_size
[02Oct2025 21:58:46.329] [main/DEBUG] [oshi.util.FileUtil/]: Reading file /sys/devices/system/cpu/cpu14/cache/index3/size
[02Oct2025 21:58:46.329] [main/DEBUG] [oshi.util.FileUtil/]: Reading file /sys/devices/system/cpu/cpu14/cache/index3/size
[02Oct2025 21:58:46.329] [main/DEBUG] [oshi.util.FileUtil/]: Reading file /sys/devices/system/cpu/cpu14/cache/index1/level
[02Oct2025 21:58:46.329] [main/DEBUG] [oshi.util.FileUtil/]: Reading file /sys/devices/system/cpu/cpu14/cache/index1/level
[02Oct2025 21:58:46.329] [main/DEBUG] [oshi.util.FileUtil/]: Reading file /sys/devices/system/cpu/cpu14/cache/index1/type
[02Oct2025 21:58:46.329] [main/DEBUG] [oshi.util.FileUtil/]: Reading file /sys/devices/system/cpu/cpu14/cache/index1/type
[02Oct2025 21:58:46.329] [main/DEBUG] [oshi.util.FileUtil/]: Reading file /sys/devices/system/cpu/cpu14/cache/index1/ways_of_associativity
[02Oct2025 21:58:46.329] [main/DEBUG] [oshi.util.FileUtil/]: Reading file /sys/devices/system/cpu/cpu14/cache/index1/ways_of_associativity
[02Oct2025 21:58:46.329] [main/DEBUG] [oshi.util.FileUtil/]: Reading file /sys/devices/system/cpu/cpu14/cache/index1/coherency_line_size
[02Oct2025 21:58:46.329] [main/DEBUG] [oshi.util.FileUtil/]: Reading file /sys/devices/system/cpu/cpu14/cache/index1/coherency_line_size
[02Oct2025 21:58:46.330] [main/DEBUG] [oshi.util.FileUtil/]: Reading file /sys/devices/system/cpu/cpu14/cache/index1/size
[02Oct2025 21:58:46.330] [main/DEBUG] [oshi.util.FileUtil/]: Reading file /sys/devices/system/cpu/cpu14/cache/index1/size
[02Oct2025 21:58:46.330] [main/DEBUG] [oshi.util.FileUtil/]: Reading file /sys/devices/system/cpu/cpu15/topology/core_id
[02Oct2025 21:58:46.330] [main/DEBUG] [oshi.util.FileUtil/]: Reading file /sys/devices/system/cpu/cpu15/topology/core_id
[02Oct2025 21:58:46.330] [main/DEBUG] [oshi.util.FileUtil/]: Reading file /sys/devices/system/cpu/cpu15/topology/physical_package_id
[02Oct2025 21:58:46.330] [main/DEBUG] [oshi.util.FileUtil/]: Reading file /sys/devices/system/cpu/cpu15/topology/physical_package_id
[02Oct2025 21:58:46.330] [main/DEBUG] [oshi.util.FileUtil/]: Reading file /sys/devices/system/cpu/cpu15/cpu_capacity
[02Oct2025 21:58:46.330] [main/DEBUG] [oshi.util.FileUtil/]: Reading file /sys/devices/system/cpu/cpu15/cpu_capacity
[02Oct2025 21:58:46.330] [main/DEBUG] [oshi.util.FileUtil/]: Reading file /sys/devices/system/cpu/cpu15/cache/index2/level
[02Oct2025 21:58:46.330] [main/DEBUG] [oshi.util.FileUtil/]: Reading file /sys/devices/system/cpu/cpu15/cache/index2/level
[02Oct2025 21:58:46.330] [main/DEBUG] [oshi.util.FileUtil/]: Reading file /sys/devices/system/cpu/cpu15/cache/index2/type
[02Oct2025 21:58:46.330] [main/DEBUG] [oshi.util.FileUtil/]: Reading file /sys/devices/system/cpu/cpu15/cache/index2/type
[02Oct2025 21:58:46.330] [main/DEBUG] [oshi.util.FileUtil/]: Reading file /sys/devices/system/cpu/cpu15/cache/index2/ways_of_associativity
[02Oct2025 21:58:46.330] [main/DEBUG] [oshi.util.FileUtil/]: Reading file /sys/devices/system/cpu/cpu15/cache/index2/ways_of_associativity
[02Oct2025 21:58:46.330] [main/DEBUG] [oshi.util.FileUtil/]: Reading file /sys/devices/system/cpu/cpu15/cache/index2/coherency_line_size
[02Oct2025 21:58:46.330] [main/DEBUG] [oshi.util.FileUtil/]: Reading file /sys/devices/system/cpu/cpu15/cache/index2/coherency_line_size
[02Oct2025 21:58:46.330] [main/DEBUG] [oshi.util.FileUtil/]: Reading file /sys/devices/system/cpu/cpu15/cache/index2/size
[02Oct2025 21:58:46.330] [main/DEBUG] [oshi.util.FileUtil/]: Reading file /sys/devices/system/cpu/cpu15/cache/index2/size
[02Oct2025 21:58:46.330] [main/DEBUG] [oshi.util.FileUtil/]: Reading file /sys/devices/system/cpu/cpu15/cache/index0/level
[02Oct2025 21:58:46.330] [main/DEBUG] [oshi.util.FileUtil/]: Reading file /sys/devices/system/cpu/cpu15/cache/index0/level
[02Oct2025 21:58:46.330] [main/DEBUG] [oshi.util.FileUtil/]: Reading file /sys/devices/system/cpu/cpu15/cache/index0/type
[02Oct2025 21:58:46.330] [main/DEBUG] [oshi.util.FileUtil/]: Reading file /sys/devices/system/cpu/cpu15/cache/index0/type
[02Oct2025 21:58:46.330] [main/DEBUG] [oshi.util.FileUtil/]: Reading file /sys/devices/system/cpu/cpu15/cache/index0/ways_of_associativity
[02Oct2025 21:58:46.330] [main/DEBUG] [oshi.util.FileUtil/]: Reading file /sys/devices/system/cpu/cpu15/cache/index0/ways_of_associativity
[02Oct2025 21:58:46.330] [main/DEBUG] [oshi.util.FileUtil/]: Reading file /sys/devices/system/cpu/cpu15/cache/index0/coherency_line_size
[02Oct2025 21:58:46.330] [main/DEBUG] [oshi.util.FileUtil/]: Reading file /sys/devices/system/cpu/cpu15/cache/index0/coherency_line_size
[02Oct2025 21:58:46.330] [main/DEBUG] [oshi.util.FileUtil/]: Reading file /sys/devices/system/cpu/cpu15/cache/index0/size
[02Oct2025 21:58:46.330] [main/DEBUG] [oshi.util.FileUtil/]: Reading file /sys/devices/system/cpu/cpu15/cache/index0/size
[02Oct2025 21:58:46.330] [main/DEBUG] [oshi.util.FileUtil/]: Reading file /sys/devices/system/cpu/cpu15/cache/index3/level
[02Oct2025 21:58:46.330] [main/DEBUG] [oshi.util.FileUtil/]: Reading file /sys/devices/system/cpu/cpu15/cache/index3/level
[02Oct2025 21:58:46.330] [main/DEBUG] [oshi.util.FileUtil/]: Reading file /sys/devices/system/cpu/cpu15/cache/index3/type
[02Oct2025 21:58:46.330] [main/DEBUG] [oshi.util.FileUtil/]: Reading file /sys/devices/system/cpu/cpu15/cache/index3/type
[02Oct2025 21:58:46.330] [main/DEBUG] [oshi.util.FileUtil/]: Reading file /sys/devices/system/cpu/cpu15/cache/index3/ways_of_associativity
[02Oct2025 21:58:46.330] [main/DEBUG] [oshi.util.FileUtil/]: Reading file /sys/devices/system/cpu/cpu15/cache/index3/ways_of_associativity
[02Oct2025 21:58:46.330] [main/DEBUG] [oshi.util.FileUtil/]: Reading file /sys/devices/system/cpu/cpu15/cache/index3/coherency_line_size
[02Oct2025 21:58:46.330] [main/DEBUG] [oshi.util.FileUtil/]: Reading file /sys/devices/system/cpu/cpu15/cache/index3/coherency_line_size
[02Oct2025 21:58:46.330] [main/DEBUG] [oshi.util.FileUtil/]: Reading file /sys/devices/system/cpu/cpu15/cache/index3/size
[02Oct2025 21:58:46.330] [main/DEBUG] [oshi.util.FileUtil/]: Reading file /sys/devices/system/cpu/cpu15/cache/index3/size
[02Oct2025 21:58:46.330] [main/DEBUG] [oshi.util.FileUtil/]: Reading file /sys/devices/system/cpu/cpu15/cache/index1/level
[02Oct2025 21:58:46.330] [main/DEBUG] [oshi.util.FileUtil/]: Reading file /sys/devices/system/cpu/cpu15/cache/index1/level
[02Oct2025 21:58:46.330] [main/DEBUG] [oshi.util.FileUtil/]: Reading file /sys/devices/system/cpu/cpu15/cache/index1/type
[02Oct2025 21:58:46.330] [main/DEBUG] [oshi.util.FileUtil/]: Reading file /sys/devices/system/cpu/cpu15/cache/index1/type
[02Oct2025 21:58:46.330] [main/DEBUG] [oshi.util.FileUtil/]: Reading file /sys/devices/system/cpu/cpu15/cache/index1/ways_of_associativity
[02Oct2025 21:58:46.330] [main/DEBUG] [oshi.util.FileUtil/]: Reading file /sys/devices/system/cpu/cpu15/cache/index1/ways_of_associativity
[02Oct2025 21:58:46.331] [main/DEBUG] [oshi.util.FileUtil/]: Reading file /sys/devices/system/cpu/cpu15/cache/index1/coherency_line_size
[02Oct2025 21:58:46.331] [main/DEBUG] [oshi.util.FileUtil/]: Reading file /sys/devices/system/cpu/cpu15/cache/index1/coherency_line_size
[02Oct2025 21:58:46.331] [main/DEBUG] [oshi.util.FileUtil/]: Reading file /sys/devices/system/cpu/cpu15/cache/index1/size
[02Oct2025 21:58:46.331] [main/DEBUG] [oshi.util.FileUtil/]: Reading file /sys/devices/system/cpu/cpu15/cache/index1/size
[02Oct2025 21:58:46.331] [main/DEBUG] [oshi.util.FileUtil/]: Reading file /sys/devices/system/cpu/cpu2/topology/core_id
[02Oct2025 21:58:46.331] [main/DEBUG] [oshi.util.FileUtil/]: Reading file /sys/devices/system/cpu/cpu2/topology/core_id
[02Oct2025 21:58:46.331] [main/DEBUG] [oshi.util.FileUtil/]: Reading file /sys/devices/system/cpu/cpu2/topology/physical_package_id
[02Oct2025 21:58:46.331] [main/DEBUG] [oshi.util.FileUtil/]: Reading file /sys/devices/system/cpu/cpu2/topology/physical_package_id
[02Oct2025 21:58:46.331] [main/DEBUG] [oshi.util.FileUtil/]: Reading file /sys/devices/system/cpu/cpu2/cpu_capacity
[02Oct2025 21:58:46.331] [main/DEBUG] [oshi.util.FileUtil/]: Reading file /sys/devices/system/cpu/cpu2/cpu_capacity
[02Oct2025 21:58:46.331] [main/DEBUG] [oshi.util.FileUtil/]: Reading file /sys/devices/system/cpu/cpu2/cache/index2/level
[02Oct2025 21:58:46.331] [main/DEBUG] [oshi.util.FileUtil/]: Reading file /sys/devices/system/cpu/cpu2/cache/index2/level
[02Oct2025 21:58:46.331] [main/DEBUG] [oshi.util.FileUtil/]: Reading file /sys/devices/system/cpu/cpu2/cache/index2/type
[02Oct2025 21:58:46.331] [main/DEBUG] [oshi.util.FileUtil/]: Reading file /sys/devices/system/cpu/cpu2/cache/index2/type
[02Oct2025 21:58:46.331] [main/DEBUG] [oshi.util.FileUtil/]: Reading file /sys/devices/system/cpu/cpu2/cache/index2/ways_of_associativity
[02Oct2025 21:58:46.331] [main/DEBUG] [oshi.util.FileUtil/]: Reading file /sys/devices/system/cpu/cpu2/cache/index2/ways_of_associativity
[02Oct2025 21:58:46.331] [main/DEBUG] [oshi.util.FileUtil/]: Reading file /sys/devices/system/cpu/cpu2/cache/index2/coherency_line_size
[02Oct2025 21:58:46.331] [main/DEBUG] [oshi.util.FileUtil/]: Reading file /sys/devices/system/cpu/cpu2/cache/index2/coherency_line_size
[02Oct2025 21:58:46.331] [main/DEBUG] [oshi.util.FileUtil/]: Reading file /sys/devices/system/cpu/cpu2/cache/index2/size
[02Oct2025 21:58:46.331] [main/DEBUG] [oshi.util.FileUtil/]: Reading file /sys/devices/system/cpu/cpu2/cache/index2/size
[02Oct2025 21:58:46.331] [main/DEBUG] [oshi.util.FileUtil/]: Reading file /sys/devices/system/cpu/cpu2/cache/index0/level
[02Oct2025 21:58:46.331] [main/DEBUG] [oshi.util.FileUtil/]: Reading file /sys/devices/system/cpu/cpu2/cache/index0/level
[02Oct2025 21:58:46.331] [main/DEBUG] [oshi.util.FileUtil/]: Reading file /sys/devices/system/cpu/cpu2/cache/index0/type
[02Oct2025 21:58:46.331] [main/DEBUG] [oshi.util.FileUtil/]: Reading file /sys/devices/system/cpu/cpu2/cache/index0/type
[02Oct2025 21:58:46.331] [main/DEBUG] [oshi.util.FileUtil/]: Reading file /sys/devices/system/cpu/cpu2/cache/index0/ways_of_associativity
[02Oct2025 21:58:46.331] [main/DEBUG] [oshi.util.FileUtil/]: Reading file /sys/devices/system/cpu/cpu2/cache/index0/ways_of_associativity
[02Oct2025 21:58:46.331] [main/DEBUG] [oshi.util.FileUtil/]: Reading file /sys/devices/system/cpu/cpu2/cache/index0/coherency_line_size
[02Oct2025 21:58:46.331] [main/DEBUG] [oshi.util.FileUtil/]: Reading file /sys/devices/system/cpu/cpu2/cache/index0/coherency_line_size
[02Oct2025 21:58:46.331] [main/DEBUG] [oshi.util.FileUtil/]: Reading file /sys/devices/system/cpu/cpu2/cache/index0/size
[02Oct2025 21:58:46.331] [main/DEBUG] [oshi.util.FileUtil/]: Reading file /sys/devices/system/cpu/cpu2/cache/index0/size
[02Oct2025 21:58:46.331] [main/DEBUG] [oshi.util.FileUtil/]: Reading file /sys/devices/system/cpu/cpu2/cache/index3/level
[02Oct2025 21:58:46.331] [main/DEBUG] [oshi.util.FileUtil/]: Reading file /sys/devices/system/cpu/cpu2/cache/index3/level
[02Oct2025 21:58:46.331] [main/DEBUG] [oshi.util.FileUtil/]: Reading file /sys/devices/system/cpu/cpu2/cache/index3/type
[02Oct2025 21:58:46.331] [main/DEBUG] [oshi.util.FileUtil/]: Reading file /sys/devices/system/cpu/cpu2/cache/index3/type
[02Oct2025 21:58:46.331] [main/DEBUG] [oshi.util.FileUtil/]: Reading file /sys/devices/system/cpu/cpu2/cache/index3/ways_of_associativity
[02Oct2025 21:58:46.331] [main/DEBUG] [oshi.util.FileUtil/]: Reading file /sys/devices/system/cpu/cpu2/cache/index3/ways_of_associativity
[02Oct2025 21:58:46.332] [main/DEBUG] [oshi.util.FileUtil/]: Reading file /sys/devices/system/cpu/cpu2/cache/index3/coherency_line_size
[02Oct2025 21:58:46.332] [main/DEBUG] [oshi.util.FileUtil/]: Reading file /sys/devices/system/cpu/cpu2/cache/index3/coherency_line_size
[02Oct2025 21:58:46.332] [main/DEBUG] [oshi.util.FileUtil/]: Reading file /sys/devices/system/cpu/cpu2/cache/index3/size
[02Oct2025 21:58:46.332] [main/DEBUG] [oshi.util.FileUtil/]: Reading file /sys/devices/system/cpu/cpu2/cache/index3/size
[02Oct2025 21:58:46.332] [main/DEBUG] [oshi.util.FileUtil/]: Reading file /sys/devices/system/cpu/cpu2/cache/index1/level
[02Oct2025 21:58:46.332] [main/DEBUG] [oshi.util.FileUtil/]: Reading file /sys/devices/system/cpu/cpu2/cache/index1/level
[02Oct2025 21:58:46.332] [main/DEBUG] [oshi.util.FileUtil/]: Reading file /sys/devices/system/cpu/cpu2/cache/index1/type
[02Oct2025 21:58:46.332] [main/DEBUG] [oshi.util.FileUtil/]: Reading file /sys/devices/system/cpu/cpu2/cache/index1/type
[02Oct2025 21:58:46.332] [main/DEBUG] [oshi.util.FileUtil/]: Reading file /sys/devices/system/cpu/cpu2/cache/index1/ways_of_associativity
[02Oct2025 21:58:46.332] [main/DEBUG] [oshi.util.FileUtil/]: Reading file /sys/devices/system/cpu/cpu2/cache/index1/ways_of_associativity
[02Oct2025 21:58:46.332] [main/DEBUG] [oshi.util.FileUtil/]: Reading file /sys/devices/system/cpu/cpu2/cache/index1/coherency_line_size
[02Oct2025 21:58:46.332] [main/DEBUG] [oshi.util.FileUtil/]: Reading file /sys/devices/system/cpu/cpu2/cache/index1/coherency_line_size
[02Oct2025 21:58:46.332] [main/DEBUG] [oshi.util.FileUtil/]: Reading file /sys/devices/system/cpu/cpu2/cache/index1/size
[02Oct2025 21:58:46.332] [main/DEBUG] [oshi.util.FileUtil/]: Reading file /sys/devices/system/cpu/cpu2/cache/index1/size
[02Oct2025 21:58:46.332] [main/DEBUG] [oshi.util.FileUtil/]: Reading file /sys/devices/system/cpu/cpu3/topology/core_id
[02Oct2025 21:58:46.332] [main/DEBUG] [oshi.util.FileUtil/]: Reading file /sys/devices/system/cpu/cpu3/topology/core_id
[02Oct2025 21:58:46.332] [main/DEBUG] [oshi.util.FileUtil/]: Reading file /sys/devices/system/cpu/cpu3/topology/physical_package_id
[02Oct2025 21:58:46.332] [main/DEBUG] [oshi.util.FileUtil/]: Reading file /sys/devices/system/cpu/cpu3/topology/physical_package_id
[02Oct2025 21:58:46.332] [main/DEBUG] [oshi.util.FileUtil/]: Reading file /sys/devices/system/cpu/cpu3/cpu_capacity
[02Oct2025 21:58:46.332] [main/DEBUG] [oshi.util.FileUtil/]: Reading file /sys/devices/system/cpu/cpu3/cpu_capacity
[02Oct2025 21:58:46.332] [main/DEBUG] [oshi.util.FileUtil/]: Reading file /sys/devices/system/cpu/cpu3/cache/index2/level
[02Oct2025 21:58:46.332] [main/DEBUG] [oshi.util.FileUtil/]: Reading file /sys/devices/system/cpu/cpu3/cache/index2/level
[02Oct2025 21:58:46.332] [main/DEBUG] [oshi.util.FileUtil/]: Reading file /sys/devices/system/cpu/cpu3/cache/index2/type
[02Oct2025 21:58:46.332] [main/DEBUG] [oshi.util.FileUtil/]: Reading file /sys/devices/system/cpu/cpu3/cache/index2/type
[02Oct2025 21:58:46.332] [main/DEBUG] [oshi.util.FileUtil/]: Reading file /sys/devices/system/cpu/cpu3/cache/index2/ways_of_associativity
[02Oct2025 21:58:46.332] [main/DEBUG] [oshi.util.FileUtil/]: Reading file /sys/devices/system/cpu/cpu3/cache/index2/ways_of_associativity
[02Oct2025 21:58:46.332] [main/DEBUG] [oshi.util.FileUtil/]: Reading file /sys/devices/system/cpu/cpu3/cache/index2/coherency_line_size
[02Oct2025 21:58:46.332] [main/DEBUG] [oshi.util.FileUtil/]: Reading file /sys/devices/system/cpu/cpu3/cache/index2/coherency_line_size
[02Oct2025 21:58:46.332] [main/DEBUG] [oshi.util.FileUtil/]: Reading file /sys/devices/system/cpu/cpu3/cache/index2/size
[02Oct2025 21:58:46.332] [main/DEBUG] [oshi.util.FileUtil/]: Reading file /sys/devices/system/cpu/cpu3/cache/index2/size
[02Oct2025 21:58:46.332] [main/DEBUG] [oshi.util.FileUtil/]: Reading file /sys/devices/system/cpu/cpu3/cache/index0/level
[02Oct2025 21:58:46.332] [main/DEBUG] [oshi.util.FileUtil/]: Reading file /sys/devices/system/cpu/cpu3/cache/index0/level
[02Oct2025 21:58:46.332] [main/DEBUG] [oshi.util.FileUtil/]: Reading file /sys/devices/system/cpu/cpu3/cache/index0/type
[02Oct2025 21:58:46.332] [main/DEBUG] [oshi.util.FileUtil/]: Reading file /sys/devices/system/cpu/cpu3/cache/index0/type
[02Oct2025 21:58:46.332] [main/DEBUG] [oshi.util.FileUtil/]: Reading file /sys/devices/system/cpu/cpu3/cache/index0/ways_of_associativity
[02Oct2025 21:58:46.332] [main/DEBUG] [oshi.util.FileUtil/]: Reading file /sys/devices/system/cpu/cpu3/cache/index0/ways_of_associativity
[02Oct2025 21:58:46.332] [main/DEBUG] [oshi.util.FileUtil/]: Reading file /sys/devices/system/cpu/cpu3/cache/index0/coherency_line_size
[02Oct2025 21:58:46.332] [main/DEBUG] [oshi.util.FileUtil/]: Reading file /sys/devices/system/cpu/cpu3/cache/index0/coherency_line_size
[02Oct2025 21:58:46.332] [main/DEBUG] [oshi.util.FileUtil/]: Reading file /sys/devices/system/cpu/cpu3/cache/index0/size
[02Oct2025 21:58:46.332] [main/DEBUG] [oshi.util.FileUtil/]: Reading file /sys/devices/system/cpu/cpu3/cache/index0/size
[02Oct2025 21:58:46.332] [main/DEBUG] [oshi.util.FileUtil/]: Reading file /sys/devices/system/cpu/cpu3/cache/index3/level
[02Oct2025 21:58:46.332] [main/DEBUG] [oshi.util.FileUtil/]: Reading file /sys/devices/system/cpu/cpu3/cache/index3/level
[02Oct2025 21:58:46.332] [main/DEBUG] [oshi.util.FileUtil/]: Reading file /sys/devices/system/cpu/cpu3/cache/index3/type
[02Oct2025 21:58:46.332] [main/DEBUG] [oshi.util.FileUtil/]: Reading file /sys/devices/system/cpu/cpu3/cache/index3/type
[02Oct2025 21:58:46.332] [main/DEBUG] [oshi.util.FileUtil/]: Reading file /sys/devices/system/cpu/cpu3/cache/index3/ways_of_associativity
[02Oct2025 21:58:46.332] [main/DEBUG] [oshi.util.FileUtil/]: Reading file /sys/devices/system/cpu/cpu3/cache/index3/ways_of_associativity
[02Oct2025 21:58:46.332] [main/DEBUG] [oshi.util.FileUtil/]: Reading file /sys/devices/system/cpu/cpu3/cache/index3/coherency_line_size
[02Oct2025 21:58:46.332] [main/DEBUG] [oshi.util.FileUtil/]: Reading file /sys/devices/system/cpu/cpu3/cache/index3/coherency_line_size
[02Oct2025 21:58:46.332] [main/DEBUG] [oshi.util.FileUtil/]: Reading file /sys/devices/system/cpu/cpu3/cache/index3/size
[02Oct2025 21:58:46.333] [main/DEBUG] [oshi.util.FileUtil/]: Reading file /sys/devices/system/cpu/cpu3/cache/index3/size
[02Oct2025 21:58:46.333] [main/DEBUG] [oshi.util.FileUtil/]: Reading file /sys/devices/system/cpu/cpu3/cache/index1/level
[02Oct2025 21:58:46.333] [main/DEBUG] [oshi.util.FileUtil/]: Reading file /sys/devices/system/cpu/cpu3/cache/index1/level
[02Oct2025 21:58:46.333] [main/DEBUG] [oshi.util.FileUtil/]: Reading file /sys/devices/system/cpu/cpu3/cache/index1/type
[02Oct2025 21:58:46.333] [main/DEBUG] [oshi.util.FileUtil/]: Reading file /sys/devices/system/cpu/cpu3/cache/index1/type
[02Oct2025 21:58:46.333] [main/DEBUG] [oshi.util.FileUtil/]: Reading file /sys/devices/system/cpu/cpu3/cache/index1/ways_of_associativity
[02Oct2025 21:58:46.333] [main/DEBUG] [oshi.util.FileUtil/]: Reading file /sys/devices/system/cpu/cpu3/cache/index1/ways_of_associativity
[02Oct2025 21:58:46.333] [main/DEBUG] [oshi.util.FileUtil/]: Reading file /sys/devices/system/cpu/cpu3/cache/index1/coherency_line_size
[02Oct2025 21:58:46.333] [main/DEBUG] [oshi.util.FileUtil/]: Reading file /sys/devices/system/cpu/cpu3/cache/index1/coherency_line_size
[02Oct2025 21:58:46.333] [main/DEBUG] [oshi.util.FileUtil/]: Reading file /sys/devices/system/cpu/cpu3/cache/index1/size
[02Oct2025 21:58:46.333] [main/DEBUG] [oshi.util.FileUtil/]: Reading file /sys/devices/system/cpu/cpu3/cache/index1/size
[02Oct2025 21:58:46.333] [main/DEBUG] [oshi.util.FileUtil/]: Reading file /sys/devices/system/cpu/cpu4/topology/core_id
[02Oct2025 21:58:46.333] [main/DEBUG] [oshi.util.FileUtil/]: Reading file /sys/devices/system/cpu/cpu4/topology/core_id
[02Oct2025 21:58:46.333] [main/DEBUG] [oshi.util.FileUtil/]: Reading file /sys/devices/system/cpu/cpu4/topology/physical_package_id
[02Oct2025 21:58:46.333] [main/DEBUG] [oshi.util.FileUtil/]: Reading file /sys/devices/system/cpu/cpu4/topology/physical_package_id
[02Oct2025 21:58:46.333] [main/DEBUG] [oshi.util.FileUtil/]: Reading file /sys/devices/system/cpu/cpu4/cpu_capacity
[02Oct2025 21:58:46.333] [main/DEBUG] [oshi.util.FileUtil/]: Reading file /sys/devices/system/cpu/cpu4/cpu_capacity
[02Oct2025 21:58:46.333] [main/DEBUG] [oshi.util.FileUtil/]: Reading file /sys/devices/system/cpu/cpu4/cache/index2/level
[02Oct2025 21:58:46.333] [main/DEBUG] [oshi.util.FileUtil/]: Reading file /sys/devices/system/cpu/cpu4/cache/index2/level
[02Oct2025 21:58:46.333] [main/DEBUG] [oshi.util.FileUtil/]: Reading file /sys/devices/system/cpu/cpu4/cache/index2/type
[02Oct2025 21:58:46.333] [main/DEBUG] [oshi.util.FileUtil/]: Reading file /sys/devices/system/cpu/cpu4/cache/index2/type
[02Oct2025 21:58:46.333] [main/DEBUG] [oshi.util.FileUtil/]: Reading file /sys/devices/system/cpu/cpu4/cache/index2/ways_of_associativity
[02Oct2025 21:58:46.333] [main/DEBUG] [oshi.util.FileUtil/]: Reading file /sys/devices/system/cpu/cpu4/cache/index2/ways_of_associativity
[02Oct2025 21:58:46.333] [main/DEBUG] [oshi.util.FileUtil/]: Reading file /sys/devices/system/cpu/cpu4/cache/index2/coherency_line_size
[02Oct2025 21:58:46.333] [main/DEBUG] [oshi.util.FileUtil/]: Reading file /sys/devices/system/cpu/cpu4/cache/index2/coherency_line_size
[02Oct2025 21:58:46.333] [main/DEBUG] [oshi.util.FileUtil/]: Reading file /sys/devices/system/cpu/cpu4/cache/index2/size
[02Oct2025 21:58:46.333] [main/DEBUG] [oshi.util.FileUtil/]: Reading file /sys/devices/system/cpu/cpu4/cache/index2/size
[02Oct2025 21:58:46.333] [main/DEBUG] [oshi.util.FileUtil/]: Reading file /sys/devices/system/cpu/cpu4/cache/index0/level
[02Oct2025 21:58:46.333] [main/DEBUG] [oshi.util.FileUtil/]: Reading file /sys/devices/system/cpu/cpu4/cache/index0/level
[02Oct2025 21:58:46.333] [main/DEBUG] [oshi.util.FileUtil/]: Reading file /sys/devices/system/cpu/cpu4/cache/index0/type
[02Oct2025 21:58:46.333] [main/DEBUG] [oshi.util.FileUtil/]: Reading file /sys/devices/system/cpu/cpu4/cache/index0/type
[02Oct2025 21:58:46.333] [main/DEBUG] [oshi.util.FileUtil/]: Reading file /sys/devices/system/cpu/cpu4/cache/index0/ways_of_associativity
[02Oct2025 21:58:46.333] [main/DEBUG] [oshi.util.FileUtil/]: Reading file /sys/devices/system/cpu/cpu4/cache/index0/ways_of_associativity
[02Oct2025 21:58:46.333] [main/DEBUG] [oshi.util.FileUtil/]: Reading file /sys/devices/system/cpu/cpu4/cache/index0/coherency_line_size
[02Oct2025 21:58:46.333] [main/DEBUG] [oshi.util.FileUtil/]: Reading file /sys/devices/system/cpu/cpu4/cache/index0/coherency_line_size
[02Oct2025 21:58:46.333] [main/DEBUG] [oshi.util.FileUtil/]: Reading file /sys/devices/system/cpu/cpu4/cache/index0/size
[02Oct2025 21:58:46.333] [main/DEBUG] [oshi.util.FileUtil/]: Reading file /sys/devices/system/cpu/cpu4/cache/index0/size
[02Oct2025 21:58:46.333] [main/DEBUG] [oshi.util.FileUtil/]: Reading file /sys/devices/system/cpu/cpu4/cache/index3/level
[02Oct2025 21:58:46.333] [main/DEBUG] [oshi.util.FileUtil/]: Reading file /sys/devices/system/cpu/cpu4/cache/index3/level
[02Oct2025 21:58:46.333] [main/DEBUG] [oshi.util.FileUtil/]: Reading file /sys/devices/system/cpu/cpu4/cache/index3/type
[02Oct2025 21:58:46.333] [main/DEBUG] [oshi.util.FileUtil/]: Reading file /sys/devices/system/cpu/cpu4/cache/index3/type
[02Oct2025 21:58:46.333] [main/DEBUG] [oshi.util.FileUtil/]: Reading file /sys/devices/system/cpu/cpu4/cache/index3/ways_of_associativity
[02Oct2025 21:58:46.333] [main/DEBUG] [oshi.util.FileUtil/]: Reading file /sys/devices/system/cpu/cpu4/cache/index3/ways_of_associativity
[02Oct2025 21:58:46.333] [main/DEBUG] [oshi.util.FileUtil/]: Reading file /sys/devices/system/cpu/cpu4/cache/index3/coherency_line_size
[02Oct2025 21:58:46.333] [main/DEBUG] [oshi.util.FileUtil/]: Reading file /sys/devices/system/cpu/cpu4/cache/index3/coherency_line_size
[02Oct2025 21:58:46.333] [main/DEBUG] [oshi.util.FileUtil/]: Reading file /sys/devices/system/cpu/cpu4/cache/index3/size
[02Oct2025 21:58:46.333] [main/DEBUG] [oshi.util.FileUtil/]: Reading file /sys/devices/system/cpu/cpu4/cache/index3/size
[02Oct2025 21:58:46.333] [main/DEBUG] [oshi.util.FileUtil/]: Reading file /sys/devices/system/cpu/cpu4/cache/index1/level
[02Oct2025 21:58:46.333] [main/DEBUG] [oshi.util.FileUtil/]: Reading file /sys/devices/system/cpu/cpu4/cache/index1/level
[02Oct2025 21:58:46.333] [main/DEBUG] [oshi.util.FileUtil/]: Reading file /sys/devices/system/cpu/cpu4/cache/index1/type
[02Oct2025 21:58:46.333] [main/DEBUG] [oshi.util.FileUtil/]: Reading file /sys/devices/system/cpu/cpu4/cache/index1/type
[02Oct2025 21:58:46.333] [main/DEBUG] [oshi.util.FileUtil/]: Reading file /sys/devices/system/cpu/cpu4/cache/index1/ways_of_associativity
[02Oct2025 21:58:46.333] [main/DEBUG] [oshi.util.FileUtil/]: Reading file /sys/devices/system/cpu/cpu4/cache/index1/ways_of_associativity
[02Oct2025 21:58:46.333] [main/DEBUG] [oshi.util.FileUtil/]: Reading file /sys/devices/system/cpu/cpu4/cache/index1/coherency_line_size
[02Oct2025 21:58:46.333] [main/DEBUG] [oshi.util.FileUtil/]: Reading file /sys/devices/system/cpu/cpu4/cache/index1/coherency_line_size
[02Oct2025 21:58:46.333] [main/DEBUG] [oshi.util.FileUtil/]: Reading file /sys/devices/system/cpu/cpu4/cache/index1/size
[02Oct2025 21:58:46.333] [main/DEBUG] [oshi.util.FileUtil/]: Reading file /sys/devices/system/cpu/cpu4/cache/index1/size
[02Oct2025 21:58:46.334] [main/DEBUG] [oshi.util.FileUtil/]: Reading file /sys/devices/system/cpu/cpu5/topology/core_id
[02Oct2025 21:58:46.334] [main/DEBUG] [oshi.util.FileUtil/]: Reading file /sys/devices/system/cpu/cpu5/topology/core_id
[02Oct2025 21:58:46.334] [main/DEBUG] [oshi.util.FileUtil/]: Reading file /sys/devices/system/cpu/cpu5/topology/physical_package_id
[02Oct2025 21:58:46.334] [main/DEBUG] [oshi.util.FileUtil/]: Reading file /sys/devices/system/cpu/cpu5/topology/physical_package_id
[02Oct2025 21:58:46.334] [main/DEBUG] [oshi.util.FileUtil/]: Reading file /sys/devices/system/cpu/cpu5/cpu_capacity
[02Oct2025 21:58:46.334] [main/DEBUG] [oshi.util.FileUtil/]: Reading file /sys/devices/system/cpu/cpu5/cpu_capacity
[02Oct2025 21:58:46.334] [main/DEBUG] [oshi.util.FileUtil/]: Reading file /sys/devices/system/cpu/cpu5/cache/index2/level
[02Oct2025 21:58:46.334] [main/DEBUG] [oshi.util.FileUtil/]: Reading file /sys/devices/system/cpu/cpu5/cache/index2/level
[02Oct2025 21:58:46.334] [main/DEBUG] [oshi.util.FileUtil/]: Reading file /sys/devices/system/cpu/cpu5/cache/index2/type
[02Oct2025 21:58:46.334] [main/DEBUG] [oshi.util.FileUtil/]: Reading file /sys/devices/system/cpu/cpu5/cache/index2/type
[02Oct2025 21:58:46.334] [main/DEBUG] [oshi.util.FileUtil/]: Reading file /sys/devices/system/cpu/cpu5/cache/index2/ways_of_associativity
[02Oct2025 21:58:46.334] [main/DEBUG] [oshi.util.FileUtil/]: Reading file /sys/devices/system/cpu/cpu5/cache/index2/ways_of_associativity
[02Oct2025 21:58:46.334] [main/DEBUG] [oshi.util.FileUtil/]: Reading file /sys/devices/system/cpu/cpu5/cache/index2/coherency_line_size
[02Oct2025 21:58:46.334] [main/DEBUG] [oshi.util.FileUtil/]: Reading file /sys/devices/system/cpu/cpu5/cache/index2/coherency_line_size
[02Oct2025 21:58:46.334] [main/DEBUG] [oshi.util.FileUtil/]: Reading file /sys/devices/system/cpu/cpu5/cache/index2/size
[02Oct2025 21:58:46.334] [main/DEBUG] [oshi.util.FileUtil/]: Reading file /sys/devices/system/cpu/cpu5/cache/index2/size
[02Oct2025 21:58:46.334] [main/DEBUG] [oshi.util.FileUtil/]: Reading file /sys/devices/system/cpu/cpu5/cache/index0/level
[02Oct2025 21:58:46.334] [main/DEBUG] [oshi.util.FileUtil/]: Reading file /sys/devices/system/cpu/cpu5/cache/index0/level
[02Oct2025 21:58:46.334] [main/DEBUG] [oshi.util.FileUtil/]: Reading file /sys/devices/system/cpu/cpu5/cache/index0/type
[02Oct2025 21:58:46.334] [main/DEBUG] [oshi.util.FileUtil/]: Reading file /sys/devices/system/cpu/cpu5/cache/index0/type
[02Oct2025 21:58:46.334] [main/DEBUG] [oshi.util.FileUtil/]: Reading file /sys/devices/system/cpu/cpu5/cache/index0/ways_of_associativity
[02Oct2025 21:58:46.334] [main/DEBUG] [oshi.util.FileUtil/]: Reading file /sys/devices/system/cpu/cpu5/cache/index0/ways_of_associativity
[02Oct2025 21:58:46.334] [main/DEBUG] [oshi.util.FileUtil/]: Reading file /sys/devices/system/cpu/cpu5/cache/index0/coherency_line_size
[02Oct2025 21:58:46.334] [main/DEBUG] [oshi.util.FileUtil/]: Reading file /sys/devices/system/cpu/cpu5/cache/index0/coherency_line_size
[02Oct2025 21:58:46.334] [main/DEBUG] [oshi.util.FileUtil/]: Reading file /sys/devices/system/cpu/cpu5/cache/index0/size
[02Oct2025 21:58:46.334] [main/DEBUG] [oshi.util.FileUtil/]: Reading file /sys/devices/system/cpu/cpu5/cache/index0/size
[02Oct2025 21:58:46.334] [main/DEBUG] [oshi.util.FileUtil/]: Reading file /sys/devices/system/cpu/cpu5/cache/index3/level
[02Oct2025 21:58:46.334] [main/DEBUG] [oshi.util.FileUtil/]: Reading file /sys/devices/system/cpu/cpu5/cache/index3/level
[02Oct2025 21:58:46.334] [main/DEBUG] [oshi.util.FileUtil/]: Reading file /sys/devices/system/cpu/cpu5/cache/index3/type
[02Oct2025 21:58:46.334] [main/DEBUG] [oshi.util.FileUtil/]: Reading file /sys/devices/system/cpu/cpu5/cache/index3/type
[02Oct2025 21:58:46.334] [main/DEBUG] [oshi.util.FileUtil/]: Reading file /sys/devices/system/cpu/cpu5/cache/index3/ways_of_associativity
[02Oct2025 21:58:46.334] [main/DEBUG] [oshi.util.FileUtil/]: Reading file /sys/devices/system/cpu/cpu5/cache/index3/ways_of_associativity
[02Oct2025 21:58:46.334] [main/DEBUG] [oshi.util.FileUtil/]: Reading file /sys/devices/system/cpu/cpu5/cache/index3/coherency_line_size
[02Oct2025 21:58:46.334] [main/DEBUG] [oshi.util.FileUtil/]: Reading file /sys/devices/system/cpu/cpu5/cache/index3/coherency_line_size
[02Oct2025 21:58:46.334] [main/DEBUG] [oshi.util.FileUtil/]: Reading file /sys/devices/system/cpu/cpu5/cache/index3/size
[02Oct2025 21:58:46.334] [main/DEBUG] [oshi.util.FileUtil/]: Reading file /sys/devices/system/cpu/cpu5/cache/index3/size
[02Oct2025 21:58:46.334] [main/DEBUG] [oshi.util.FileUtil/]: Reading file /sys/devices/system/cpu/cpu5/cache/index1/level
[02Oct2025 21:58:46.334] [main/DEBUG] [oshi.util.FileUtil/]: Reading file /sys/devices/system/cpu/cpu5/cache/index1/level
[02Oct2025 21:58:46.334] [main/DEBUG] [oshi.util.FileUtil/]: Reading file /sys/devices/system/cpu/cpu5/cache/index1/type
[02Oct2025 21:58:46.334] [main/DEBUG] [oshi.util.FileUtil/]: Reading file /sys/devices/system/cpu/cpu5/cache/index1/type
[02Oct2025 21:58:46.334] [main/DEBUG] [oshi.util.FileUtil/]: Reading file /sys/devices/system/cpu/cpu5/cache/index1/ways_of_associativity
[02Oct2025 21:58:46.334] [main/DEBUG] [oshi.util.FileUtil/]: Reading file /sys/devices/system/cpu/cpu5/cache/index1/ways_of_associativity
[02Oct2025 21:58:46.334] [main/DEBUG] [oshi.util.FileUtil/]: Reading file /sys/devices/system/cpu/cpu5/cache/index1/coherency_line_size
[02Oct2025 21:58:46.334] [main/DEBUG] [oshi.util.FileUtil/]: Reading file /sys/devices/system/cpu/cpu5/cache/index1/coherency_line_size
[02Oct2025 21:58:46.334] [main/DEBUG] [oshi.util.FileUtil/]: Reading file /sys/devices/system/cpu/cpu5/cache/index1/size
[02Oct2025 21:58:46.334] [main/DEBUG] [oshi.util.FileUtil/]: Reading file /sys/devices/system/cpu/cpu5/cache/index1/size
[02Oct2025 21:58:46.334] [main/DEBUG] [oshi.util.FileUtil/]: Reading file /sys/devices/system/cpu/cpu6/topology/core_id
[02Oct2025 21:58:46.335] [main/DEBUG] [oshi.util.FileUtil/]: Reading file /sys/devices/system/cpu/cpu6/topology/core_id
[02Oct2025 21:58:46.335] [main/DEBUG] [oshi.util.FileUtil/]: Reading file /sys/devices/system/cpu/cpu6/topology/physical_package_id
[02Oct2025 21:58:46.335] [main/DEBUG] [oshi.util.FileUtil/]: Reading file /sys/devices/system/cpu/cpu6/topology/physical_package_id
[02Oct2025 21:58:46.335] [main/DEBUG] [oshi.util.FileUtil/]: Reading file /sys/devices/system/cpu/cpu6/cpu_capacity
[02Oct2025 21:58:46.335] [main/DEBUG] [oshi.util.FileUtil/]: Reading file /sys/devices/system/cpu/cpu6/cpu_capacity
[02Oct2025 21:58:46.335] [main/DEBUG] [oshi.util.FileUtil/]: Reading file /sys/devices/system/cpu/cpu6/cache/index2/level
[02Oct2025 21:58:46.335] [main/DEBUG] [oshi.util.FileUtil/]: Reading file /sys/devices/system/cpu/cpu6/cache/index2/level
[02Oct2025 21:58:46.335] [main/DEBUG] [oshi.util.FileUtil/]: Reading file /sys/devices/system/cpu/cpu6/cache/index2/type
[02Oct2025 21:58:46.335] [main/DEBUG] [oshi.util.FileUtil/]: Reading file /sys/devices/system/cpu/cpu6/cache/index2/type
[02Oct2025 21:58:46.335] [main/DEBUG] [oshi.util.FileUtil/]: Reading file /sys/devices/system/cpu/cpu6/cache/index2/ways_of_associativity
[02Oct2025 21:58:46.335] [main/DEBUG] [oshi.util.FileUtil/]: Reading file /sys/devices/system/cpu/cpu6/cache/index2/ways_of_associativity
[02Oct2025 21:58:46.335] [main/DEBUG] [oshi.util.FileUtil/]: Reading file /sys/devices/system/cpu/cpu6/cache/index2/coherency_line_size
[02Oct2025 21:58:46.335] [main/DEBUG] [oshi.util.FileUtil/]: Reading file /sys/devices/system/cpu/cpu6/cache/index2/coherency_line_size
[02Oct2025 21:58:46.335] [main/DEBUG] [oshi.util.FileUtil/]: Reading file /sys/devices/system/cpu/cpu6/cache/index2/size
[02Oct2025 21:58:46.335] [main/DEBUG] [oshi.util.FileUtil/]: Reading file /sys/devices/system/cpu/cpu6/cache/index2/size
[02Oct2025 21:58:46.335] [main/DEBUG] [oshi.util.FileUtil/]: Reading file /sys/devices/system/cpu/cpu6/cache/index0/level
[02Oct2025 21:58:46.335] [main/DEBUG] [oshi.util.FileUtil/]: Reading file /sys/devices/system/cpu/cpu6/cache/index0/level
[02Oct2025 21:58:46.335] [main/DEBUG] [oshi.util.FileUtil/]: Reading file /sys/devices/system/cpu/cpu6/cache/index0/type
[02Oct2025 21:58:46.335] [main/DEBUG] [oshi.util.FileUtil/]: Reading file /sys/devices/system/cpu/cpu6/cache/index0/type
[02Oct2025 21:58:46.335] [main/DEBUG] [oshi.util.FileUtil/]: Reading file /sys/devices/system/cpu/cpu6/cache/index0/ways_of_associativity
[02Oct2025 21:58:46.335] [main/DEBUG] [oshi.util.FileUtil/]: Reading file /sys/devices/system/cpu/cpu6/cache/index0/ways_of_associativity
[02Oct2025 21:58:46.335] [main/DEBUG] [oshi.util.FileUtil/]: Reading file /sys/devices/system/cpu/cpu6/cache/index0/coherency_line_size
[02Oct2025 21:58:46.335] [main/DEBUG] [oshi.util.FileUtil/]: Reading file /sys/devices/system/cpu/cpu6/cache/index0/coherency_line_size
[02Oct2025 21:58:46.335] [main/DEBUG] [oshi.util.FileUtil/]: Reading file /sys/devices/system/cpu/cpu6/cache/index0/size
[02Oct2025 21:58:46.335] [main/DEBUG] [oshi.util.FileUtil/]: Reading file /sys/devices/system/cpu/cpu6/cache/index0/size
[02Oct2025 21:58:46.335] [main/DEBUG] [oshi.util.FileUtil/]: Reading file /sys/devices/system/cpu/cpu6/cache/index3/level
[02Oct2025 21:58:46.335] [main/DEBUG] [oshi.util.FileUtil/]: Reading file /sys/devices/system/cpu/cpu6/cache/index3/level
[02Oct2025 21:58:46.335] [main/DEBUG] [oshi.util.FileUtil/]: Reading file /sys/devices/system/cpu/cpu6/cache/index3/type
[02Oct2025 21:58:46.335] [main/DEBUG] [oshi.util.FileUtil/]: Reading file /sys/devices/system/cpu/cpu6/cache/index3/type
[02Oct2025 21:58:46.335] [main/DEBUG] [oshi.util.FileUtil/]: Reading file /sys/devices/system/cpu/cpu6/cache/index3/ways_of_associativity
[02Oct2025 21:58:46.335] [main/DEBUG] [oshi.util.FileUtil/]: Reading file /sys/devices/system/cpu/cpu6/cache/index3/ways_of_associativity
[02Oct2025 21:58:46.335] [main/DEBUG] [oshi.util.FileUtil/]: Reading file /sys/devices/system/cpu/cpu6/cache/index3/coherency_line_size
[02Oct2025 21:58:46.335] [main/DEBUG] [oshi.util.FileUtil/]: Reading file /sys/devices/system/cpu/cpu6/cache/index3/coherency_line_size
[02Oct2025 21:58:46.335] [main/DEBUG] [oshi.util.FileUtil/]: Reading file /sys/devices/system/cpu/cpu6/cache/index3/size
[02Oct2025 21:58:46.335] [main/DEBUG] [oshi.util.FileUtil/]: Reading file /sys/devices/system/cpu/cpu6/cache/index3/size
[02Oct2025 21:58:46.335] [main/DEBUG] [oshi.util.FileUtil/]: Reading file /sys/devices/system/cpu/cpu6/cache/index1/level
[02Oct2025 21:58:46.335] [main/DEBUG] [oshi.util.FileUtil/]: Reading file /sys/devices/system/cpu/cpu6/cache/index1/level
[02Oct2025 21:58:46.335] [main/DEBUG] [oshi.util.FileUtil/]: Reading file /sys/devices/system/cpu/cpu6/cache/index1/type
[02Oct2025 21:58:46.335] [main/DEBUG] [oshi.util.FileUtil/]: Reading file /sys/devices/system/cpu/cpu6/cache/index1/type
[02Oct2025 21:58:46.335] [main/DEBUG] [oshi.util.FileUtil/]: Reading file /sys/devices/system/cpu/cpu6/cache/index1/ways_of_associativity
[02Oct2025 21:58:46.335] [main/DEBUG] [oshi.util.FileUtil/]: Reading file /sys/devices/system/cpu/cpu6/cache/index1/ways_of_associativity
[02Oct2025 21:58:46.335] [main/DEBUG] [oshi.util.FileUtil/]: Reading file /sys/devices/system/cpu/cpu6/cache/index1/coherency_line_size
[02Oct2025 21:58:46.335] [main/DEBUG] [oshi.util.FileUtil/]: Reading file /sys/devices/system/cpu/cpu6/cache/index1/coherency_line_size
[02Oct2025 21:58:46.335] [main/DEBUG] [oshi.util.FileUtil/]: Reading file /sys/devices/system/cpu/cpu6/cache/index1/size
[02Oct2025 21:58:46.335] [main/DEBUG] [oshi.util.FileUtil/]: Reading file /sys/devices/system/cpu/cpu6/cache/index1/size
[02Oct2025 21:58:46.335] [main/DEBUG] [oshi.util.FileUtil/]: Reading file /sys/devices/system/cpu/cpu7/topology/core_id
[02Oct2025 21:58:46.335] [main/DEBUG] [oshi.util.FileUtil/]: Reading file /sys/devices/system/cpu/cpu7/topology/core_id
[02Oct2025 21:58:46.335] [main/DEBUG] [oshi.util.FileUtil/]: Reading file /sys/devices/system/cpu/cpu7/topology/physical_package_id
[02Oct2025 21:58:46.335] [main/DEBUG] [oshi.util.FileUtil/]: Reading file /sys/devices/system/cpu/cpu7/topology/physical_package_id
[02Oct2025 21:58:46.335] [main/DEBUG] [oshi.util.FileUtil/]: Reading file /sys/devices/system/cpu/cpu7/cpu_capacity
[02Oct2025 21:58:46.335] [main/DEBUG] [oshi.util.FileUtil/]: Reading file /sys/devices/system/cpu/cpu7/cpu_capacity
[02Oct2025 21:58:46.335] [main/DEBUG] [oshi.util.FileUtil/]: Reading file /sys/devices/system/cpu/cpu7/cache/index2/level
[02Oct2025 21:58:46.335] [main/DEBUG] [oshi.util.FileUtil/]: Reading file /sys/devices/system/cpu/cpu7/cache/index2/level
[02Oct2025 21:58:46.335] [main/DEBUG] [oshi.util.FileUtil/]: Reading file /sys/devices/system/cpu/cpu7/cache/index2/type
[02Oct2025 21:58:46.335] [main/DEBUG] [oshi.util.FileUtil/]: Reading file /sys/devices/system/cpu/cpu7/cache/index2/type
[02Oct2025 21:58:46.335] [main/DEBUG] [oshi.util.FileUtil/]: Reading file /sys/devices/system/cpu/cpu7/cache/index2/ways_of_associativity
[02Oct2025 21:58:46.335] [main/DEBUG] [oshi.util.FileUtil/]: Reading file /sys/devices/system/cpu/cpu7/cache/index2/ways_of_associativity
[02Oct2025 21:58:46.335] [main/DEBUG] [oshi.util.FileUtil/]: Reading file /sys/devices/system/cpu/cpu7/cache/index2/coherency_line_size
[02Oct2025 21:58:46.335] [main/DEBUG] [oshi.util.FileUtil/]: Reading file /sys/devices/system/cpu/cpu7/cache/index2/coherency_line_size
[02Oct2025 21:58:46.335] [main/DEBUG] [oshi.util.FileUtil/]: Reading file /sys/devices/system/cpu/cpu7/cache/index2/size
[02Oct2025 21:58:46.335] [main/DEBUG] [oshi.util.FileUtil/]: Reading file /sys/devices/system/cpu/cpu7/cache/index2/size
[02Oct2025 21:58:46.335] [main/DEBUG] [oshi.util.FileUtil/]: Reading file /sys/devices/system/cpu/cpu7/cache/index0/level
[02Oct2025 21:58:46.335] [main/DEBUG] [oshi.util.FileUtil/]: Reading file /sys/devices/system/cpu/cpu7/cache/index0/level
[02Oct2025 21:58:46.335] [main/DEBUG] [oshi.util.FileUtil/]: Reading file /sys/devices/system/cpu/cpu7/cache/index0/type
[02Oct2025 21:58:46.335] [main/DEBUG] [oshi.util.FileUtil/]: Reading file /sys/devices/system/cpu/cpu7/cache/index0/type
[02Oct2025 21:58:46.336] [main/DEBUG] [oshi.util.FileUtil/]: Reading file /sys/devices/system/cpu/cpu7/cache/index0/ways_of_associativity
[02Oct2025 21:58:46.336] [main/DEBUG] [oshi.util.FileUtil/]: Reading file /sys/devices/system/cpu/cpu7/cache/index0/ways_of_associativity
[02Oct2025 21:58:46.336] [main/DEBUG] [oshi.util.FileUtil/]: Reading file /sys/devices/system/cpu/cpu7/cache/index0/coherency_line_size
[02Oct2025 21:58:46.336] [main/DEBUG] [oshi.util.FileUtil/]: Reading file /sys/devices/system/cpu/cpu7/cache/index0/coherency_line_size
[02Oct2025 21:58:46.336] [main/DEBUG] [oshi.util.FileUtil/]: Reading file /sys/devices/system/cpu/cpu7/cache/index0/size
[02Oct2025 21:58:46.336] [main/DEBUG] [oshi.util.FileUtil/]: Reading file /sys/devices/system/cpu/cpu7/cache/index0/size
[02Oct2025 21:58:46.336] [main/DEBUG] [oshi.util.FileUtil/]: Reading file /sys/devices/system/cpu/cpu7/cache/index3/level
[02Oct2025 21:58:46.336] [main/DEBUG] [oshi.util.FileUtil/]: Reading file /sys/devices/system/cpu/cpu7/cache/index3/level
[02Oct2025 21:58:46.336] [main/DEBUG] [oshi.util.FileUtil/]: Reading file /sys/devices/system/cpu/cpu7/cache/index3/type
[02Oct2025 21:58:46.336] [main/DEBUG] [oshi.util.FileUtil/]: Reading file /sys/devices/system/cpu/cpu7/cache/index3/type
[02Oct2025 21:58:46.336] [main/DEBUG] [oshi.util.FileUtil/]: Reading file /sys/devices/system/cpu/cpu7/cache/index3/ways_of_associativity
[02Oct2025 21:58:46.336] [main/DEBUG] [oshi.util.FileUtil/]: Reading file /sys/devices/system/cpu/cpu7/cache/index3/ways_of_associativity
[02Oct2025 21:58:46.336] [main/DEBUG] [oshi.util.FileUtil/]: Reading file /sys/devices/system/cpu/cpu7/cache/index3/coherency_line_size
[02Oct2025 21:58:46.336] [main/DEBUG] [oshi.util.FileUtil/]: Reading file /sys/devices/system/cpu/cpu7/cache/index3/coherency_line_size
[02Oct2025 21:58:46.336] [main/DEBUG] [oshi.util.FileUtil/]: Reading file /sys/devices/system/cpu/cpu7/cache/index3/size
[02Oct2025 21:58:46.336] [main/DEBUG] [oshi.util.FileUtil/]: Reading file /sys/devices/system/cpu/cpu7/cache/index3/size
[02Oct2025 21:58:46.336] [main/DEBUG] [oshi.util.FileUtil/]: Reading file /sys/devices/system/cpu/cpu7/cache/index1/level
[02Oct2025 21:58:46.336] [main/DEBUG] [oshi.util.FileUtil/]: Reading file /sys/devices/system/cpu/cpu7/cache/index1/level
[02Oct2025 21:58:46.336] [main/DEBUG] [oshi.util.FileUtil/]: Reading file /sys/devices/system/cpu/cpu7/cache/index1/type
[02Oct2025 21:58:46.336] [main/DEBUG] [oshi.util.FileUtil/]: Reading file /sys/devices/system/cpu/cpu7/cache/index1/type
[02Oct2025 21:58:46.336] [main/DEBUG] [oshi.util.FileUtil/]: Reading file /sys/devices/system/cpu/cpu7/cache/index1/ways_of_associativity
[02Oct2025 21:58:46.336] [main/DEBUG] [oshi.util.FileUtil/]: Reading file /sys/devices/system/cpu/cpu7/cache/index1/ways_of_associativity
[02Oct2025 21:58:46.336] [main/DEBUG] [oshi.util.FileUtil/]: Reading file /sys/devices/system/cpu/cpu7/cache/index1/coherency_line_size
[02Oct2025 21:58:46.336] [main/DEBUG] [oshi.util.FileUtil/]: Reading file /sys/devices/system/cpu/cpu7/cache/index1/coherency_line_size
[02Oct2025 21:58:46.336] [main/DEBUG] [oshi.util.FileUtil/]: Reading file /sys/devices/system/cpu/cpu7/cache/index1/size
[02Oct2025 21:58:46.336] [main/DEBUG] [oshi.util.FileUtil/]: Reading file /sys/devices/system/cpu/cpu7/cache/index1/size
[02Oct2025 21:58:46.336] [main/DEBUG] [oshi.util.FileUtil/]: Reading file /sys/devices/system/cpu/cpu8/topology/core_id
[02Oct2025 21:58:46.336] [main/DEBUG] [oshi.util.FileUtil/]: Reading file /sys/devices/system/cpu/cpu8/topology/core_id
[02Oct2025 21:58:46.336] [main/DEBUG] [oshi.util.FileUtil/]: Reading file /sys/devices/system/cpu/cpu8/topology/physical_package_id
[02Oct2025 21:58:46.336] [main/DEBUG] [oshi.util.FileUtil/]: Reading file /sys/devices/system/cpu/cpu8/topology/physical_package_id
[02Oct2025 21:58:46.336] [main/DEBUG] [oshi.util.FileUtil/]: Reading file /sys/devices/system/cpu/cpu8/cpu_capacity
[02Oct2025 21:58:46.336] [main/DEBUG] [oshi.util.FileUtil/]: Reading file /sys/devices/system/cpu/cpu8/cpu_capacity
[02Oct2025 21:58:46.336] [main/DEBUG] [oshi.util.FileUtil/]: Reading file /sys/devices/system/cpu/cpu8/cache/index2/level
[02Oct2025 21:58:46.336] [main/DEBUG] [oshi.util.FileUtil/]: Reading file /sys/devices/system/cpu/cpu8/cache/index2/level
[02Oct2025 21:58:46.336] [main/DEBUG] [oshi.util.FileUtil/]: Reading file /sys/devices/system/cpu/cpu8/cache/index2/type
[02Oct2025 21:58:46.336] [main/DEBUG] [oshi.util.FileUtil/]: Reading file /sys/devices/system/cpu/cpu8/cache/index2/type
[02Oct2025 21:58:46.336] [main/DEBUG] [oshi.util.FileUtil/]: Reading file /sys/devices/system/cpu/cpu8/cache/index2/ways_of_associativity
[02Oct2025 21:58:46.336] [main/DEBUG] [oshi.util.FileUtil/]: Reading file /sys/devices/system/cpu/cpu8/cache/index2/ways_of_associativity
[02Oct2025 21:58:46.336] [main/DEBUG] [oshi.util.FileUtil/]: Reading file /sys/devices/system/cpu/cpu8/cache/index2/coherency_line_size
[02Oct2025 21:58:46.336] [main/DEBUG] [oshi.util.FileUtil/]: Reading file /sys/devices/system/cpu/cpu8/cache/index2/coherency_line_size
[02Oct2025 21:58:46.336] [main/DEBUG] [oshi.util.FileUtil/]: Reading file /sys/devices/system/cpu/cpu8/cache/index2/size
[02Oct2025 21:58:46.336] [main/DEBUG] [oshi.util.FileUtil/]: Reading file /sys/devices/system/cpu/cpu8/cache/index2/size
[02Oct2025 21:58:46.336] [main/DEBUG] [oshi.util.FileUtil/]: Reading file /sys/devices/system/cpu/cpu8/cache/index0/level
[02Oct2025 21:58:46.336] [main/DEBUG] [oshi.util.FileUtil/]: Reading file /sys/devices/system/cpu/cpu8/cache/index0/level
[02Oct2025 21:58:46.336] [main/DEBUG] [oshi.util.FileUtil/]: Reading file /sys/devices/system/cpu/cpu8/cache/index0/type
[02Oct2025 21:58:46.336] [main/DEBUG] [oshi.util.FileUtil/]: Reading file /sys/devices/system/cpu/cpu8/cache/index0/type
[02Oct2025 21:58:46.336] [main/DEBUG] [oshi.util.FileUtil/]: Reading file /sys/devices/system/cpu/cpu8/cache/index0/ways_of_associativity
[02Oct2025 21:58:46.336] [main/DEBUG] [oshi.util.FileUtil/]: Reading file /sys/devices/system/cpu/cpu8/cache/index0/ways_of_associativity
[02Oct2025 21:58:46.336] [main/DEBUG] [oshi.util.FileUtil/]: Reading file /sys/devices/system/cpu/cpu8/cache/index0/coherency_line_size
[02Oct2025 21:58:46.336] [main/DEBUG] [oshi.util.FileUtil/]: Reading file /sys/devices/system/cpu/cpu8/cache/index0/coherency_line_size
[02Oct2025 21:58:46.336] [main/DEBUG] [oshi.util.FileUtil/]: Reading file /sys/devices/system/cpu/cpu8/cache/index0/size
[02Oct2025 21:58:46.336] [main/DEBUG] [oshi.util.FileUtil/]: Reading file /sys/devices/system/cpu/cpu8/cache/index0/size
[02Oct2025 21:58:46.336] [main/DEBUG] [oshi.util.FileUtil/]: Reading file /sys/devices/system/cpu/cpu8/cache/index3/level
[02Oct2025 21:58:46.336] [main/DEBUG] [oshi.util.FileUtil/]: Reading file /sys/devices/system/cpu/cpu8/cache/index3/level
[02Oct2025 21:58:46.336] [main/DEBUG] [oshi.util.FileUtil/]: Reading file /sys/devices/system/cpu/cpu8/cache/index3/type
[02Oct2025 21:58:46.336] [main/DEBUG] [oshi.util.FileUtil/]: Reading file /sys/devices/system/cpu/cpu8/cache/index3/type
[02Oct2025 21:58:46.336] [main/DEBUG] [oshi.util.FileUtil/]: Reading file /sys/devices/system/cpu/cpu8/cache/index3/ways_of_associativity
[02Oct2025 21:58:46.336] [main/DEBUG] [oshi.util.FileUtil/]: Reading file /sys/devices/system/cpu/cpu8/cache/index3/ways_of_associativity
[02Oct2025 21:58:46.336] [main/DEBUG] [oshi.util.FileUtil/]: Reading file /sys/devices/system/cpu/cpu8/cache/index3/coherency_line_size
[02Oct2025 21:58:46.336] [main/DEBUG] [oshi.util.FileUtil/]: Reading file /sys/devices/system/cpu/cpu8/cache/index3/coherency_line_size
[02Oct2025 21:58:46.336] [main/DEBUG] [oshi.util.FileUtil/]: Reading file /sys/devices/system/cpu/cpu8/cache/index3/size
[02Oct2025 21:58:46.336] [main/DEBUG] [oshi.util.FileUtil/]: Reading file /sys/devices/system/cpu/cpu8/cache/index3/size
[02Oct2025 21:58:46.336] [main/DEBUG] [oshi.util.FileUtil/]: Reading file /sys/devices/system/cpu/cpu8/cache/index1/level
[02Oct2025 21:58:46.337] [main/DEBUG] [oshi.util.FileUtil/]: Reading file /sys/devices/system/cpu/cpu8/cache/index1/level
[02Oct2025 21:58:46.337] [main/DEBUG] [oshi.util.FileUtil/]: Reading file /sys/devices/system/cpu/cpu8/cache/index1/type
[02Oct2025 21:58:46.337] [main/DEBUG] [oshi.util.FileUtil/]: Reading file /sys/devices/system/cpu/cpu8/cache/index1/type
[02Oct2025 21:58:46.337] [main/DEBUG] [oshi.util.FileUtil/]: Reading file /sys/devices/system/cpu/cpu8/cache/index1/ways_of_associativity
[02Oct2025 21:58:46.337] [main/DEBUG] [oshi.util.FileUtil/]: Reading file /sys/devices/system/cpu/cpu8/cache/index1/ways_of_associativity
[02Oct2025 21:58:46.337] [main/DEBUG] [oshi.util.FileUtil/]: Reading file /sys/devices/system/cpu/cpu8/cache/index1/coherency_line_size
[02Oct2025 21:58:46.337] [main/DEBUG] [oshi.util.FileUtil/]: Reading file /sys/devices/system/cpu/cpu8/cache/index1/coherency_line_size
[02Oct2025 21:58:46.337] [main/DEBUG] [oshi.util.FileUtil/]: Reading file /sys/devices/system/cpu/cpu8/cache/index1/size
[02Oct2025 21:58:46.337] [main/DEBUG] [oshi.util.FileUtil/]: Reading file /sys/devices/system/cpu/cpu8/cache/index1/size
[02Oct2025 21:58:46.337] [main/DEBUG] [oshi.util.FileUtil/]: Reading file /sys/devices/system/cpu/cpu9/topology/core_id
[02Oct2025 21:58:46.337] [main/DEBUG] [oshi.util.FileUtil/]: Reading file /sys/devices/system/cpu/cpu9/topology/core_id
[02Oct2025 21:58:46.337] [main/DEBUG] [oshi.util.FileUtil/]: Reading file /sys/devices/system/cpu/cpu9/topology/physical_package_id
[02Oct2025 21:58:46.337] [main/DEBUG] [oshi.util.FileUtil/]: Reading file /sys/devices/system/cpu/cpu9/topology/physical_package_id
[02Oct2025 21:58:46.337] [main/DEBUG] [oshi.util.FileUtil/]: Reading file /sys/devices/system/cpu/cpu9/cpu_capacity
[02Oct2025 21:58:46.337] [main/DEBUG] [oshi.util.FileUtil/]: Reading file /sys/devices/system/cpu/cpu9/cpu_capacity
[02Oct2025 21:58:46.337] [main/DEBUG] [oshi.util.FileUtil/]: Reading file /sys/devices/system/cpu/cpu9/cache/index2/level
[02Oct2025 21:58:46.337] [main/DEBUG] [oshi.util.FileUtil/]: Reading file /sys/devices/system/cpu/cpu9/cache/index2/level
[02Oct2025 21:58:46.337] [main/DEBUG] [oshi.util.FileUtil/]: Reading file /sys/devices/system/cpu/cpu9/cache/index2/type
[02Oct2025 21:58:46.337] [main/DEBUG] [oshi.util.FileUtil/]: Reading file /sys/devices/system/cpu/cpu9/cache/index2/type
[02Oct2025 21:58:46.337] [main/DEBUG] [oshi.util.FileUtil/]: Reading file /sys/devices/system/cpu/cpu9/cache/index2/ways_of_associativity
[02Oct2025 21:58:46.337] [main/DEBUG] [oshi.util.FileUtil/]: Reading file /sys/devices/system/cpu/cpu9/cache/index2/ways_of_associativity
[02Oct2025 21:58:46.337] [main/DEBUG] [oshi.util.FileUtil/]: Reading file /sys/devices/system/cpu/cpu9/cache/index2/coherency_line_size
[02Oct2025 21:58:46.337] [main/DEBUG] [oshi.util.FileUtil/]: Reading file /sys/devices/system/cpu/cpu9/cache/index2/coherency_line_size
[02Oct2025 21:58:46.337] [main/DEBUG] [oshi.util.FileUtil/]: Reading file /sys/devices/system/cpu/cpu9/cache/index2/size
[02Oct2025 21:58:46.337] [main/DEBUG] [oshi.util.FileUtil/]: Reading file /sys/devices/system/cpu/cpu9/cache/index2/size
[02Oct2025 21:58:46.337] [main/DEBUG] [oshi.util.FileUtil/]: Reading file /sys/devices/system/cpu/cpu9/cache/index0/level
[02Oct2025 21:58:46.337] [main/DEBUG] [oshi.util.FileUtil/]: Reading file /sys/devices/system/cpu/cpu9/cache/index0/level
[02Oct2025 21:58:46.337] [main/DEBUG] [oshi.util.FileUtil/]: Reading file /sys/devices/system/cpu/cpu9/cache/index0/type
[02Oct2025 21:58:46.337] [main/DEBUG] [oshi.util.FileUtil/]: Reading file /sys/devices/system/cpu/cpu9/cache/index0/type
[02Oct2025 21:58:46.337] [main/DEBUG] [oshi.util.FileUtil/]: Reading file /sys/devices/system/cpu/cpu9/cache/index0/ways_of_associativity
[02Oct2025 21:58:46.337] [main/DEBUG] [oshi.util.FileUtil/]: Reading file /sys/devices/system/cpu/cpu9/cache/index0/ways_of_associativity
[02Oct2025 21:58:46.337] [main/DEBUG] [oshi.util.FileUtil/]: Reading file /sys/devices/system/cpu/cpu9/cache/index0/coherency_line_size
[02Oct2025 21:58:46.337] [main/DEBUG] [oshi.util.FileUtil/]: Reading file /sys/devices/system/cpu/cpu9/cache/index0/coherency_line_size
[02Oct2025 21:58:46.337] [main/DEBUG] [oshi.util.FileUtil/]: Reading file /sys/devices/system/cpu/cpu9/cache/index0/size
[02Oct2025 21:58:46.337] [main/DEBUG] [oshi.util.FileUtil/]: Reading file /sys/devices/system/cpu/cpu9/cache/index0/size
[02Oct2025 21:58:46.337] [main/DEBUG] [oshi.util.FileUtil/]: Reading file /sys/devices/system/cpu/cpu9/cache/index3/level
[02Oct2025 21:58:46.337] [main/DEBUG] [oshi.util.FileUtil/]: Reading file /sys/devices/system/cpu/cpu9/cache/index3/level
[02Oct2025 21:58:46.337] [main/DEBUG] [oshi.util.FileUtil/]: Reading file /sys/devices/system/cpu/cpu9/cache/index3/type
[02Oct2025 21:58:46.337] [main/DEBUG] [oshi.util.FileUtil/]: Reading file /sys/devices/system/cpu/cpu9/cache/index3/type
[02Oct2025 21:58:46.337] [main/DEBUG] [oshi.util.FileUtil/]: Reading file /sys/devices/system/cpu/cpu9/cache/index3/ways_of_associativity
[02Oct2025 21:58:46.337] [main/DEBUG] [oshi.util.FileUtil/]: Reading file /sys/devices/system/cpu/cpu9/cache/index3/ways_of_associativity
[02Oct2025 21:58:46.337] [main/DEBUG] [oshi.util.FileUtil/]: Reading file /sys/devices/system/cpu/cpu9/cache/index3/coherency_line_size
[02Oct2025 21:58:46.337] [main/DEBUG] [oshi.util.FileUtil/]: Reading file /sys/devices/system/cpu/cpu9/cache/index3/coherency_line_size
[02Oct2025 21:58:46.337] [main/DEBUG] [oshi.util.FileUtil/]: Reading file /sys/devices/system/cpu/cpu9/cache/index3/size
[02Oct2025 21:58:46.337] [main/DEBUG] [oshi.util.FileUtil/]: Reading file /sys/devices/system/cpu/cpu9/cache/index3/size
[02Oct2025 21:58:46.337] [main/DEBUG] [oshi.util.FileUtil/]: Reading file /sys/devices/system/cpu/cpu9/cache/index1/level
[02Oct2025 21:58:46.337] [main/DEBUG] [oshi.util.FileUtil/]: Reading file /sys/devices/system/cpu/cpu9/cache/index1/level
[02Oct2025 21:58:46.337] [main/DEBUG] [oshi.util.FileUtil/]: Reading file /sys/devices/system/cpu/cpu9/cache/index1/type
[02Oct2025 21:58:46.337] [main/DEBUG] [oshi.util.FileUtil/]: Reading file /sys/devices/system/cpu/cpu9/cache/index1/type
[02Oct2025 21:58:46.337] [main/DEBUG] [oshi.util.FileUtil/]: Reading file /sys/devices/system/cpu/cpu9/cache/index1/ways_of_associativity
[02Oct2025 21:58:46.337] [main/DEBUG] [oshi.util.FileUtil/]: Reading file /sys/devices/system/cpu/cpu9/cache/index1/ways_of_associativity
[02Oct2025 21:58:46.337] [main/DEBUG] [oshi.util.FileUtil/]: Reading file /sys/devices/system/cpu/cpu9/cache/index1/coherency_line_size
[02Oct2025 21:58:46.338] [main/DEBUG] [oshi.util.FileUtil/]: Reading file /sys/devices/system/cpu/cpu9/cache/index1/coherency_line_size
[02Oct2025 21:58:46.338] [main/DEBUG] [oshi.util.FileUtil/]: Reading file /sys/devices/system/cpu/cpu9/cache/index1/size
[02Oct2025 21:58:46.338] [main/DEBUG] [oshi.util.FileUtil/]: Reading file /sys/devices/system/cpu/cpu9/cache/index1/size
[02Oct2025 21:58:46.339] [main/DEBUG] [oshi.util.FileUtil/]: Reading file /proc/cpuinfo
[02Oct2025 21:58:46.344] [main/DEBUG] [oshi.util.FileUtil/]: Reading file /proc/self/auxv
[02Oct2025 21:58:46.344] [main/DEBUG] [oshi.util.FileUtil/]: No oshi.architecture.properties file found from ClassLoader cpw.mods.modlauncher.TransformingClassLoader@2c63f1fe
[02Oct2025 21:58:46.383] [Datafixer Bootstrap/INFO] [com.mojang.datafixers.DataFixerBuilder/]: 229 Datafixer optimizations took 101 milliseconds
[02Oct2025 21:58:46.400] [main/DEBUG] [oshi.util.FileUtil/]: Reading file /proc/meminfo
[02Oct2025 21:58:46.400] [main/DEBUG] [oshi.util.FileUtil/]: Reading file /proc/meminfo
[02Oct2025 21:58:46.410] [pool-18-thread-1/DEBUG] [mixin/]: Mixing MappedRegistryAccessor from neoforge.mixins.json into net.minecraft.core.MappedRegistry
[02Oct2025 21:58:46.447] [pool-18-thread-1/DEBUG] [mixin/]: Mixing inject.MixinBlock from architectury-common.mixins.json into net.minecraft.world.level.block.Block
[02Oct2025 21:58:46.447] [pool-18-thread-1/DEBUG] [mixin/]: architectury-common.mixins.json:inject.MixinBlock from mod architectury: Class version 65 required is higher than the class version supported by the current version of Mixin (JAVA_16 supports class version 60)
[02Oct2025 21:58:46.455] [pool-18-thread-1/DEBUG] [mixin/]: Mixing BlockStateMixin from ftbchunks-common.mixins.json into net.minecraft.world.level.block.state.BlockState
[02Oct2025 21:58:46.456] [pool-18-thread-1/DEBUG] [mixin/]: ftbchunks-common.mixins.json:BlockStateMixin from mod ftbchunks: Class version 65 required is higher than the class version supported by the current version of Mixin (JAVA_17 supports class version 61)
[02Oct2025 21:58:46.482] [pool-18-thread-1/DEBUG] [mixin/]: Mixing MixinServerWorld from xaeroworldmap.mixins.json into net.minecraft.server.level.ServerLevel
[02Oct2025 21:58:46.482] [pool-18-thread-1/DEBUG] [mixin/]: xaeroworldmap.mixins.json:MixinServerWorld from mod xaeroworldmap: Class version 65 required is higher than the class version supported by the current version of Mixin (JAVA_17 supports class version 61)
[02Oct2025 21:58:46.576] [pool-18-thread-1/DEBUG] [mixin/]: Mixing PistonBaseBlockMixin from ftbchunks-common.mixins.json into net.minecraft.world.level.block.piston.PistonBaseBlock
[02Oct2025 21:58:46.577] [pool-18-thread-1/DEBUG] [mixin/]: ftbchunks-common.mixins.json:PistonBaseBlockMixin from mod ftbchunks: Class version 65 required is higher than the class version supported by the current version of Mixin (JAVA_17 supports class version 61)
[02Oct2025 21:58:46.584] [pool-18-thread-1/DEBUG] [mixin/]: ftbchunks-common.mixins.json:PistonBaseBlockMixin from mod ftbchunks->@Inject::onMoveBlocks(Lnet/minecraft/world/level/Level;Lnet/minecraft/core/BlockPos;Lnet/minecraft/core/Direction;ZLorg/spongepowered/asm/mixin/injection/callback/CallbackInfoReturnable;)V does use it's CallbackInfoReturnable
[02Oct2025 21:58:46.588] [pool-18-thread-1/DEBUG] [mixin/]: Mixing neoforge.LiquidBlockAccessor from architectury.mixins.json into net.minecraft.world.level.block.LiquidBlock
[02Oct2025 21:58:46.588] [pool-18-thread-1/DEBUG] [mixin/]: architectury.mixins.json:neoforge.LiquidBlockAccessor from mod architectury: Class version 65 required is higher than the class version supported by the current version of Mixin (JAVA_16 supports class version 60)
[02Oct2025 21:58:46.588] [pool-18-thread-1/DEBUG] [mixin/]: Mixing inject.MixinLiquidBlock from architectury-common.mixins.json into net.minecraft.world.level.block.LiquidBlock
[02Oct2025 21:58:46.588] [pool-18-thread-1/DEBUG] [mixin/]: architectury-common.mixins.json:inject.MixinLiquidBlock from mod architectury: Class version 65 required is higher than the class version supported by the current version of Mixin (JAVA_16 supports class version 60)
[02Oct2025 21:58:46.671] [pool-18-thread-1/DEBUG] [mixin/]: Mixing inject.MixinEntityType from architectury-common.mixins.json into net.minecraft.world.entity.EntityType
[02Oct2025 21:58:46.671] [pool-18-thread-1/DEBUG] [mixin/]: architectury-common.mixins.json:inject.MixinEntityType from mod architectury: Class version 65 required is higher than the class version supported by the current version of Mixin (JAVA_16 supports class version 60)
[02Oct2025 21:58:46.679] [pool-18-thread-1/DEBUG] [mixin/]: Mixing inject.MixinFluid from architectury-common.mixins.json into net.minecraft.world.level.material.Fluid
[02Oct2025 21:58:46.679] [pool-18-thread-1/DEBUG] [mixin/]: architectury-common.mixins.json:inject.MixinFluid from mod architectury: Class version 65 required is higher than the class version supported by the current version of Mixin (JAVA_16 supports class version 60)
[02Oct2025 21:58:46.711] [pool-18-thread-1/DEBUG] [mixin/]: Mixing MixinFallingBlockEntity from architectury.mixins.json into net.minecraft.world.entity.item.FallingBlockEntity
[02Oct2025 21:58:46.711] [pool-18-thread-1/DEBUG] [mixin/]: architectury.mixins.json:MixinFallingBlockEntity from mod architectury: Class version 65 required is higher than the class version supported by the current version of Mixin (JAVA_16 supports class version 60)
[02Oct2025 21:58:46.721] [pool-18-thread-1/DEBUG] [mixin/]: architectury.mixins.json:MixinFallingBlockEntity from mod architectury->@Inject::handleLand(Lorg/spongepowered/asm/mixin/injection/callback/CallbackInfo;Lnet/minecraft/world/level/block/Block;Lnet/minecraft/core/BlockPos;ZZDLnet/minecraft/world/level/block/state/BlockState;)V doesn't use it's CallbackInfo
[02Oct2025 21:58:46.721] [pool-18-thread-1/DEBUG] [mixin/]: architectury.mixins.json:MixinFallingBlockEntity from mod architectury->@Inject::handleLand(Lorg/spongepowered/asm/mixin/injection/callback/CallbackInfo;Lnet/minecraft/world/level/block/Block;Lnet/minecraft/core/BlockPos;ZZDLnet/minecraft/world/level/block/state/BlockState;)V has 0 override(s) in child classes
[02Oct2025 21:58:46.721] [pool-18-thread-1/DEBUG] [mixin/]: architectury.mixins.json:MixinFallingBlockEntity from mod architectury->@Inject::handleLand(Lorg/spongepowered/asm/mixin/injection/callback/CallbackInfo;Lnet/minecraft/world/level/block/Block;Lnet/minecraft/core/BlockPos;ZZDLnet/minecraft/world/level/block/state/BlockState;)V won't be passed a CallbackInfo as a result
[02Oct2025 21:58:46.829] [pool-18-thread-1/DEBUG] [mixin/]: Mixing BlockEntityTypeAccessor from neoforge.mixins.json into net.minecraft.world.level.block.entity.BlockEntityType
[02Oct2025 21:58:46.915] [pool-18-thread-1/DEBUG] [mixin/]: Mixing ItemStackMixin from emi.mixins.json into net.minecraft.world.item.ItemStack
[02Oct2025 21:58:46.915] [pool-18-thread-1/DEBUG] [mixin/]: emi.mixins.json:ItemStackMixin from mod emi: Class version 65 required is higher than the class version supported by the current version of Mixin (JAVA_17 supports class version 61)
[02Oct2025 21:58:46.922] [pool-18-thread-1/DEBUG] [mixin/]: emi.mixins.json:ItemStackMixin from mod emi->@Inject::getTooltip(Lnet/minecraft/world/item/Item$TooltipContext;Lnet/minecraft/world/entity/player/Player;Lnet/minecraft/world/item/TooltipFlag;Lorg/spongepowered/asm/mixin/injection/callback/CallbackInfoReturnable;)V does use it's CallbackInfoReturnable
[02Oct2025 21:58:46.922] [pool-18-thread-1/DEBUG] [mixin/]: emi.mixins.json:ItemStackMixin from mod emi->@Inject::getTooltip(Lnet/minecraft/world/item/Item$TooltipContext;Lnet/minecraft/world/entity/player/Player;Lnet/minecraft/world/item/TooltipFlag;Lorg/spongepowered/asm/mixin/injection/callback/CallbackInfoReturnable;)V does use it's CallbackInfoReturnable
[02Oct2025 21:58:46.926] [pool-18-thread-1/DEBUG] [mixin/]: Mixing BiomeMixin from ftbchunks-common.mixins.json into net.minecraft.world.level.biome.Biome
[02Oct2025 21:58:46.926] [pool-18-thread-1/DEBUG] [mixin/]: ftbchunks-common.mixins.json:BiomeMixin from mod ftbchunks: Class version 65 required is higher than the class version supported by the current version of Mixin (JAVA_17 supports class version 61)
[02Oct2025 21:58:47.128] [pool-18-thread-1/DEBUG] [mixin/]: Mixing MixinServerPlayer from xaerohud.mixins.json into net.minecraft.server.level.ServerPlayer
[02Oct2025 21:58:47.131] [pool-18-thread-1/DEBUG] [mixin/]: xaerohud.mixins.json:MixinServerPlayer from mod xaerominimap: Class version 65 required is higher than the class version supported by the current version of Mixin (JAVA_17 supports class version 61)
[02Oct2025 21:58:47.131] [pool-18-thread-1/DEBUG] [mixin/]: Mixing MixinServerPlayer from xaeroworldmap.mixins.json into net.minecraft.server.level.ServerPlayer
[02Oct2025 21:58:47.131] [pool-18-thread-1/DEBUG] [mixin/]: xaeroworldmap.mixins.json:MixinServerPlayer from mod xaeroworldmap: Class version 65 required is higher than the class version supported by the current version of Mixin (JAVA_17 supports class version 61)
[02Oct2025 21:58:47.384] [pool-18-thread-1/DEBUG] [mixin/]: Mixing inject.MixinItem from architectury-common.mixins.json into net.minecraft.world.item.Item
[02Oct2025 21:58:47.384] [pool-18-thread-1/DEBUG] [mixin/]: architectury-common.mixins.json:inject.MixinItem from mod architectury: Class version 65 required is higher than the class version supported by the current version of Mixin (JAVA_16 supports class version 60)
[02Oct2025 21:58:47.385] [pool-18-thread-1/DEBUG] [mixin/]: Mixing ItemMixin from ftblibrary-common.mixins.json into net.minecraft.world.item.Item
[02Oct2025 21:58:47.385] [pool-18-thread-1/DEBUG] [mixin/]: ftblibrary-common.mixins.json:ItemMixin from mod ftblibrary: Class version 65 required is higher than the class version supported by the current version of Mixin (JAVA_8 supports class version 52)
[02Oct2025 21:58:47.387] [pool-18-thread-1/DEBUG] [mixin/]: architectury-common.mixins.json:inject.MixinItem from mod architectury->@Inject::init(Lnet/minecraft/world/item/Item$Properties;Lorg/spongepowered/asm/mixin/injection/callback/CallbackInfo;)V doesn't use it's CallbackInfo
[02Oct2025 21:58:47.387] [pool-18-thread-1/DEBUG] [mixin/]: architectury-common.mixins.json:inject.MixinItem from mod architectury->@Inject::init(Lnet/minecraft/world/item/Item$Properties;Lorg/spongepowered/asm/mixin/injection/callback/CallbackInfo;)V has 0 override(s) in child classes
[02Oct2025 21:58:47.387] [pool-18-thread-1/DEBUG] [mixin/]: architectury-common.mixins.json:inject.MixinItem from mod architectury->@Inject::init(Lnet/minecraft/world/item/Item$Properties;Lorg/spongepowered/asm/mixin/injection/callback/CallbackInfo;)V won't be passed a CallbackInfo as a result
[02Oct2025 21:58:47.395] [pool-18-thread-1/DEBUG] [mixin/]: Mixing accessor.ShovelItemAccessor from emi.mixins.json into net.minecraft.world.item.ShovelItem
[02Oct2025 21:58:47.395] [pool-18-thread-1/DEBUG] [mixin/]: emi.mixins.json:accessor.ShovelItemAccessor from mod emi: Class version 65 required is higher than the class version supported by the current version of Mixin (JAVA_17 supports class version 61)
[02Oct2025 21:58:47.396] [pool-18-thread-1/DEBUG] [mixin/]: Renaming @Accessor method getPathStates()Ljava/util/Map; to getPathStates$emi_$md$3dfdde$0 in emi.mixins.json:accessor.ShovelItemAccessor from mod emi
[02Oct2025 21:58:47.397] [pool-18-thread-1/DEBUG] [mixin/]: Mixing accessor.AxeItemAccessor from emi.mixins.json into net.minecraft.world.item.AxeItem
[02Oct2025 21:58:47.397] [pool-18-thread-1/DEBUG] [mixin/]: emi.mixins.json:accessor.AxeItemAccessor from mod emi: Class version 65 required is higher than the class version supported by the current version of Mixin (JAVA_17 supports class version 61)
[02Oct2025 21:58:47.397] [pool-18-thread-1/DEBUG] [mixin/]: Renaming @Accessor method getStrippedBlocks()Ljava/util/Map; to getStrippedBlocks$emi_$md$3dfdde$0 in emi.mixins.json:accessor.AxeItemAccessor from mod emi
[02Oct2025 21:58:47.397] [pool-18-thread-1/DEBUG] [mixin/]: Mixing accessor.HoeItemAccessor from emi.mixins.json into net.minecraft.world.item.HoeItem
[02Oct2025 21:58:47.398] [pool-18-thread-1/DEBUG] [mixin/]: emi.mixins.json:accessor.HoeItemAccessor from mod emi: Class version 65 required is higher than the class version supported by the current version of Mixin (JAVA_17 supports class version 61)
[02Oct2025 21:58:47.398] [pool-18-thread-1/DEBUG] [mixin/]: Renaming @Accessor method getTillingActions()Ljava/util/Map; to getTillingActions$emi_$md$3dfdde$0 in emi.mixins.json:accessor.HoeItemAccessor from mod emi
[02Oct2025 21:58:47.398] [pool-18-thread-1/DEBUG] [mixin/]: Mixing HoeItemMixin from emi.mixins.json into net.minecraft.world.item.HoeItem
[02Oct2025 21:58:47.398] [pool-18-thread-1/DEBUG] [mixin/]: emi.mixins.json:HoeItemMixin from mod emi: Class version 65 required is higher than the class version supported by the current version of Mixin (JAVA_17 supports class version 61)
[02Oct2025 21:58:47.400] [pool-18-thread-1/DEBUG] [mixin/]: emi.mixins.json:HoeItemMixin from mod emi->@Inject::createTillAction(Lnet/minecraft/world/level/block/state/BlockState;Lorg/spongepowered/asm/mixin/injection/callback/CallbackInfoReturnable;)V does use it's CallbackInfoReturnable
[02Oct2025 21:58:47.400] [pool-18-thread-1/DEBUG] [mixin/]: emi.mixins.json:HoeItemMixin from mod emi->@Inject::createTillAndDropAction(Lnet/minecraft/world/level/block/state/BlockState;Lnet/minecraft/world/level/ItemLike;Lorg/spongepowered/asm/mixin/injection/callback/CallbackInfoReturnable;)V does use it's CallbackInfoReturnable
[02Oct2025 21:58:47.402] [pool-18-thread-1/DEBUG] [mixin/]: Mixing neoforge.MixinBucketItem from architectury.mixins.json into net.minecraft.world.item.BucketItem
[02Oct2025 21:58:47.402] [pool-18-thread-1/DEBUG] [mixin/]: architectury.mixins.json:neoforge.MixinBucketItem from mod architectury: Class version 65 required is higher than the class version supported by the current version of Mixin (JAVA_16 supports class version 60)
[02Oct2025 21:58:47.403] [pool-18-thread-1/DEBUG] [mixin/]: Mixing neoforge.BucketItemAccessor from architectury.mixins.json into net.minecraft.world.item.BucketItem
[02Oct2025 21:58:47.403] [pool-18-thread-1/DEBUG] [mixin/]: architectury.mixins.json:neoforge.BucketItemAccessor from mod architectury: Class version 65 required is higher than the class version supported by the current version of Mixin (JAVA_16 supports class version 60)
[02Oct2025 21:58:47.403] [pool-18-thread-1/DEBUG] [mixin/]: Mixing inject.MixinBucketItem from architectury-common.mixins.json into net.minecraft.world.item.BucketItem
[02Oct2025 21:58:47.403] [pool-18-thread-1/DEBUG] [mixin/]: architectury-common.mixins.json:inject.MixinBucketItem from mod architectury: Class version 65 required is higher than the class version supported by the current version of Mixin (JAVA_16 supports class version 60)
[02Oct2025 21:58:47.404] [pool-18-thread-1/DEBUG] [mixin/]: architectury.mixins.json:neoforge.MixinBucketItem from mod architectury->@Inject::fillBucket(Lnet/minecraft/world/level/Level;Lnet/minecraft/world/entity/player/Player;Lnet/minecraft/world/InteractionHand;Lorg/spongepowered/asm/mixin/injection/callback/CallbackInfoReturnable;Lnet/minecraft/world/item/ItemStack;Lnet/minecraft/world/phys/BlockHitResult;)V does use it's CallbackInfoReturnable
[02Oct2025 21:58:47.423] [pool-18-thread-1/DEBUG] [mixin/]: Mixing inject.MixinItemProperties from architectury-common.mixins.json into net.minecraft.world.item.Item$Properties
[02Oct2025 21:58:47.423] [pool-18-thread-1/DEBUG] [mixin/]: architectury-common.mixins.json:inject.MixinItemProperties from mod architectury: Class version 65 required is higher than the class version supported by the current version of Mixin (JAVA_16 supports class version 60)
[02Oct2025 21:58:47.441] [pool-18-thread-1/DEBUG] [io.netty.util.internal.PlatformDependent0/]: -Dio.netty.noUnsafe: false
[02Oct2025 21:58:47.441] [pool-18-thread-1/DEBUG] [io.netty.util.internal.PlatformDependent0/]: Java version: 24
[02Oct2025 21:58:47.441] [pool-18-thread-1/DEBUG] [io.netty.util.internal.PlatformDependent0/]: sun.misc.Unsafe.theUnsafe: available
[02Oct2025 21:58:47.442] [pool-18-thread-1/DEBUG] [io.netty.util.internal.PlatformDependent0/]: sun.misc.Unsafe.copyMemory: available
[02Oct2025 21:58:47.442] [pool-18-thread-1/DEBUG] [io.netty.util.internal.PlatformDependent0/]: sun.misc.Unsafe.storeFence: available
[02Oct2025 21:58:47.442] [pool-18-thread-1/DEBUG] [io.netty.util.internal.PlatformDependent0/]: java.nio.Buffer.address: available
[02Oct2025 21:58:47.442] [pool-18-thread-1/DEBUG] [io.netty.util.internal.PlatformDependent0/]: java.nio.Bits.unaligned: available, true
[02Oct2025 21:58:47.443] [pool-18-thread-1/DEBUG] [io.netty.util.internal.PlatformDependent0/]: java.nio.DirectByteBuffer.<init>(long, {int,long}): unavailable
[02Oct2025 21:58:47.443] [pool-18-thread-1/DEBUG] [io.netty.util.internal.PlatformDependent/]: sun.misc.Unsafe: available
[02Oct2025 21:58:47.443] [pool-18-thread-1/DEBUG] [io.netty.util.internal.PlatformDependent/]: maxDirectMemory: 16617832448 bytes (maybe)
[02Oct2025 21:58:47.443] [pool-18-thread-1/DEBUG] [io.netty.util.internal.PlatformDependent/]: -Dio.netty.tmpdir: /tmp (java.io.tmpdir)
[02Oct2025 21:58:47.443] [pool-18-thread-1/DEBUG] [io.netty.util.internal.PlatformDependent/]: -Dio.netty.bitMode: 64 (sun.arch.data.model)
[02Oct2025 21:58:47.443] [pool-18-thread-1/DEBUG] [io.netty.util.internal.PlatformDependent/]: -Dio.netty.maxDirectMemory: -1 bytes
[02Oct2025 21:58:47.443] [pool-18-thread-1/DEBUG] [io.netty.util.internal.PlatformDependent/]: -Dio.netty.uninitializedArrayAllocationThreshold: -1
[02Oct2025 21:58:47.444] [pool-18-thread-1/DEBUG] [io.netty.util.internal.CleanerJava9/]: java.nio.ByteBuffer.cleaner(): available
[02Oct2025 21:58:47.444] [pool-18-thread-1/DEBUG] [io.netty.util.internal.PlatformDependent/]: -Dio.netty.noPreferDirect: false
[02Oct2025 21:58:47.488] [pool-18-thread-1/DEBUG] [mixin/]: Mixing MixinWorldChunk from xaerohud.mixins.json into net.minecraft.world.level.chunk.LevelChunk
[02Oct2025 21:58:47.489] [pool-18-thread-1/DEBUG] [mixin/]: xaerohud.mixins.json:MixinWorldChunk from mod xaerominimap: Class version 65 required is higher than the class version supported by the current version of Mixin (JAVA_17 supports class version 61)
[02Oct2025 21:58:47.489] [pool-18-thread-1/DEBUG] [mixin/]: Mixing MixinWorldChunk from xaeroworldmap.mixins.json into net.minecraft.world.level.chunk.LevelChunk
[02Oct2025 21:58:47.489] [pool-18-thread-1/DEBUG] [mixin/]: xaeroworldmap.mixins.json:MixinWorldChunk from mod xaeroworldmap: Class version 65 required is higher than the class version supported by the current version of Mixin (JAVA_17 supports class version 61)
[02Oct2025 21:58:47.544] [pool-18-thread-1/DEBUG] [mixin/]: Mixing ArmorStandMixin from ftbchunks-common.mixins.json into net.minecraft.world.entity.decoration.ArmorStand
[02Oct2025 21:58:47.544] [pool-18-thread-1/DEBUG] [mixin/]: ftbchunks-common.mixins.json:ArmorStandMixin from mod ftbchunks: Class version 65 required is higher than the class version supported by the current version of Mixin (JAVA_17 supports class version 61)
[02Oct2025 21:58:47.546] [pool-18-thread-1/DEBUG] [mixin/]: ftbchunks-common.mixins.json:ArmorStandMixin from mod ftbchunks->@Inject::onInteractAt(Lnet/minecraft/world/entity/player/Player;Lnet/minecraft/world/phys/Vec3;Lnet/minecraft/world/InteractionHand;Lorg/spongepowered/asm/mixin/injection/callback/CallbackInfoReturnable;)V does use it's CallbackInfoReturnable
[02Oct2025 21:58:47.616] [pool-18-thread-1/DEBUG] [mixin/]: Mixing MixinLightningBolt from architectury-common.mixins.json into net.minecraft.world.entity.LightningBolt
[02Oct2025 21:58:47.616] [pool-18-thread-1/DEBUG] [mixin/]: architectury-common.mixins.json:MixinLightningBolt from mod architectury: Class version 65 required is higher than the class version supported by the current version of Mixin (JAVA_16 supports class version 60)
[02Oct2025 21:58:47.618] [pool-18-thread-1/DEBUG] [mixin/]: architectury-common.mixins.json:MixinLightningBolt from mod architectury->@Inject::handleLightning(Lorg/spongepowered/asm/mixin/injection/callback/CallbackInfo;Ljava/util/List;)V doesn't use it's CallbackInfo
[02Oct2025 21:58:47.618] [pool-18-thread-1/DEBUG] [mixin/]: architectury-common.mixins.json:MixinLightningBolt from mod architectury->@Inject::handleLightning(Lorg/spongepowered/asm/mixin/injection/callback/CallbackInfo;Ljava/util/List;)V has 0 override(s) in child classes
[02Oct2025 21:58:47.618] [pool-18-thread-1/DEBUG] [mixin/]: architectury-common.mixins.json:MixinLightningBolt from mod architectury->@Inject::handleLightning(Lorg/spongepowered/asm/mixin/injection/callback/CallbackInfo;Ljava/util/List;)V won't be passed a CallbackInfo as a result
[02Oct2025 21:58:47.686] [pool-18-thread-1/DEBUG] [mixin/]: Mixing inject.MixinFoodPropertiesBuilder from architectury-common.mixins.json into net.minecraft.world.food.FoodProperties$Builder
[02Oct2025 21:58:47.686] [pool-18-thread-1/DEBUG] [mixin/]: architectury-common.mixins.json:inject.MixinFoodPropertiesBuilder from mod architectury: Class version 65 required is higher than the class version supported by the current version of Mixin (JAVA_16 supports class version 60)
[02Oct2025 21:58:47.895] [pool-18-thread-1/DEBUG] [mixin/]: Mixing MixinInventory from architectury.mixins.json into net.minecraft.world.entity.player.Inventory
[02Oct2025 21:58:47.895] [pool-18-thread-1/DEBUG] [mixin/]: architectury.mixins.json:MixinInventory from mod architectury: Class version 65 required is higher than the class version supported by the current version of Mixin (JAVA_16 supports class version 60)
[02Oct2025 21:58:47.897] [pool-18-thread-1/DEBUG] [mixin/]: architectury.mixins.json:MixinInventory from mod architectury->@Inject::updateItems(Lorg/spongepowered/asm/mixin/injection/callback/CallbackInfo;)V doesn't use it's CallbackInfo
[02Oct2025 21:58:47.897] [pool-18-thread-1/DEBUG] [mixin/]: architectury.mixins.json:MixinInventory from mod architectury->@Inject::updateItems(Lorg/spongepowered/asm/mixin/injection/callback/CallbackInfo;)V has 0 override(s) in child classes
[02Oct2025 21:58:47.897] [pool-18-thread-1/DEBUG] [mixin/]: architectury.mixins.json:MixinInventory from mod architectury->@Inject::updateItems(Lorg/spongepowered/asm/mixin/injection/callback/CallbackInfo;)V won't be passed a CallbackInfo as a result
[02Oct2025 21:58:47.900] [pool-18-thread-1/DEBUG] [mixin/]: Mixing accessor.CraftingResultSlotAccessor from emi.mixins.json into net.minecraft.world.inventory.ResultSlot
[02Oct2025 21:58:47.900] [pool-18-thread-1/DEBUG] [mixin/]: emi.mixins.json:accessor.CraftingResultSlotAccessor from mod emi: Class version 65 required is higher than the class version supported by the current version of Mixin (JAVA_17 supports class version 61)
[02Oct2025 21:58:47.900] [pool-18-thread-1/DEBUG] [mixin/]: Mixing CraftingResultSlotMixin from emi.mixins.json into net.minecraft.world.inventory.ResultSlot
[02Oct2025 21:58:47.900] [pool-18-thread-1/DEBUG] [mixin/]: emi.mixins.json:CraftingResultSlotMixin from mod emi: Class version 65 required is higher than the class version supported by the current version of Mixin (JAVA_17 supports class version 61)
[02Oct2025 21:58:47.902] [pool-18-thread-1/DEBUG] [mixin/]: emi.mixins.json:CraftingResultSlotMixin from mod emi->@Inject::onCrafted(Lnet/minecraft/world/item/ItemStack;Lorg/spongepowered/asm/mixin/injection/callback/CallbackInfo;)V doesn't use it's CallbackInfo
[02Oct2025 21:58:47.902] [pool-18-thread-1/DEBUG] [mixin/]: emi.mixins.json:CraftingResultSlotMixin from mod emi->@Inject::onCrafted(Lnet/minecraft/world/item/ItemStack;Lorg/spongepowered/asm/mixin/injection/callback/CallbackInfo;)V has 0 override(s) in child classes
[02Oct2025 21:58:47.902] [pool-18-thread-1/DEBUG] [mixin/]: emi.mixins.json:CraftingResultSlotMixin from mod emi->@Inject::onCrafted(Lnet/minecraft/world/item/ItemStack;Lorg/spongepowered/asm/mixin/injection/callback/CallbackInfo;)V won't be passed a CallbackInfo as a result
[02Oct2025 21:58:47.920] [pool-18-thread-1/DEBUG] [mixin/]: Mixing accessor.SmithingTransformRecipeAccessor from emi.mixins.json into net.minecraft.world.item.crafting.SmithingTransformRecipe
[02Oct2025 21:58:47.920] [pool-18-thread-1/DEBUG] [mixin/]: emi.mixins.json:accessor.SmithingTransformRecipeAccessor from mod emi: Class version 65 required is higher than the class version supported by the current version of Mixin (JAVA_17 supports class version 61)
[02Oct2025 21:58:47.922] [pool-18-thread-1/DEBUG] [mixin/]: Mixing accessor.SmithingTrimRecipeAccessor from emi.mixins.json into net.minecraft.world.item.crafting.SmithingTrimRecipe
[02Oct2025 21:58:47.922] [pool-18-thread-1/DEBUG] [mixin/]: emi.mixins.json:accessor.SmithingTrimRecipeAccessor from mod emi: Class version 65 required is higher than the class version supported by the current version of Mixin (JAVA_17 supports class version 61)
[02Oct2025 21:58:48.276] [main/DEBUG] [mixin/]: Mixing MixinMinecraftServer from xaerohud.mixins.json into net.minecraft.server.MinecraftServer
[02Oct2025 21:58:48.276] [main/DEBUG] [mixin/]: xaerohud.mixins.json:MixinMinecraftServer from mod xaerominimap: Class version 65 required is higher than the class version supported by the current version of Mixin (JAVA_17 supports class version 61)
[02Oct2025 21:58:48.276] [main/DEBUG] [mixin/]: Mixing MixinMinecraftServer from xaeroworldmap.mixins.json into net.minecraft.server.MinecraftServer
[02Oct2025 21:58:48.277] [main/DEBUG] [mixin/]: xaeroworldmap.mixins.json:MixinMinecraftServer from mod xaeroworldmap: Class version 65 required is higher than the class version supported by the current version of Mixin (JAVA_17 supports class version 61)
[02Oct2025 21:58:48.299] [main/DEBUG] [mixin/]: Mixing MixinLevelEvent from architectury.mixins.json into net.neoforged.neoforge.event.level.LevelEvent
[02Oct2025 21:58:48.299] [main/DEBUG] [mixin/]: architectury.mixins.json:MixinLevelEvent from mod architectury: Class version 65 required is higher than the class version supported by the current version of Mixin (JAVA_16 supports class version 60)
[02Oct2025 21:58:48.436] [main/DEBUG] [mixin/]: Mixing client.MixinCommandSourceStack from architectury.mixins.json into net.minecraft.commands.CommandSourceStack
[02Oct2025 21:58:48.436] [main/DEBUG] [mixin/]: architectury.mixins.json:client.MixinCommandSourceStack from mod architectury: Class version 65 required is higher than the class version supported by the current version of Mixin (JAVA_16 supports class version 60)
[02Oct2025 21:58:48.550] [main/WARN] [net.minecraft.commands.Commands/]: Ambiguity between arguments [teleport, location] and [teleport, destination] with inputs: [0.1 -0.5 .9, 0 0 0]
[02Oct2025 21:58:48.551] [main/WARN] [net.minecraft.commands.Commands/]: Ambiguity between arguments [teleport, location] and [teleport, targets] with inputs: [0.1 -0.5 .9, 0 0 0]
[02Oct2025 21:58:48.552] [main/WARN] [net.minecraft.commands.Commands/]: Ambiguity between arguments [teleport, destination] and [teleport, targets] with inputs: [Player, 0123, @e, dd12be42-52a9-4a91-a8a1-11c01849e498]
[02Oct2025 21:58:48.553] [main/WARN] [net.minecraft.commands.Commands/]: Ambiguity between arguments [teleport, targets] and [teleport, destination] with inputs: [Player, 0123, dd12be42-52a9-4a91-a8a1-11c01849e498]
[02Oct2025 21:58:48.553] [main/WARN] [net.minecraft.commands.Commands/]: Ambiguity between arguments [teleport, targets, location] and [teleport, targets, destination] with inputs: [0.1 -0.5 .9, 0 0 0]
[02Oct2025 21:58:48.562] [Render thread/DEBUG] [mixin/]: Mixing ScreenMixin from emi.mixins.json into net.minecraft.client.gui.screens.Screen
[02Oct2025 21:58:48.562] [Render thread/DEBUG] [mixin/]: emi.mixins.json:ScreenMixin from mod emi: Class version 65 required is higher than the class version supported by the current version of Mixin (JAVA_17 supports class version 61)
[02Oct2025 21:58:48.564] [Render thread/DEBUG] [mixin/]: emi.mixins.json:ScreenMixin from mod emi->@Inject::init(Lnet/minecraft/client/Minecraft;IILorg/spongepowered/asm/mixin/injection/callback/CallbackInfo;)V doesn't use it's CallbackInfo
[02Oct2025 21:58:48.564] [Render thread/DEBUG] [mixin/]: emi.mixins.json:ScreenMixin from mod emi->@Inject::init(Lnet/minecraft/client/Minecraft;IILorg/spongepowered/asm/mixin/injection/callback/CallbackInfo;)V has 0 override(s) in child classes
[02Oct2025 21:58:48.564] [Render thread/DEBUG] [mixin/]: emi.mixins.json:ScreenMixin from mod emi->@Inject::init(Lnet/minecraft/client/Minecraft;IILorg/spongepowered/asm/mixin/injection/callback/CallbackInfo;)V won't be passed a CallbackInfo as a result
[02Oct2025 21:58:48.564] [Render thread/DEBUG] [mixin/]: emi.mixins.json:ScreenMixin from mod emi->@Inject::resize(Lnet/minecraft/client/Minecraft;IILorg/spongepowered/asm/mixin/injection/callback/CallbackInfo;)V doesn't use it's CallbackInfo
[02Oct2025 21:58:48.564] [Render thread/DEBUG] [mixin/]: emi.mixins.json:ScreenMixin from mod emi->@Inject::resize(Lnet/minecraft/client/Minecraft;IILorg/spongepowered/asm/mixin/injection/callback/CallbackInfo;)V has 0 override(s) in child classes
[02Oct2025 21:58:48.564] [Render thread/DEBUG] [mixin/]: emi.mixins.json:ScreenMixin from mod emi->@Inject::resize(Lnet/minecraft/client/Minecraft;IILorg/spongepowered/asm/mixin/injection/callback/CallbackInfo;)V won't be passed a CallbackInfo as a result
[02Oct2025 21:58:48.568] [Render thread/DEBUG] [mixin/]: Mixing MixinClientWorld from xaerohud.mixins.json into net.minecraft.client.multiplayer.ClientLevel
[02Oct2025 21:58:48.568] [Render thread/DEBUG] [mixin/]: xaerohud.mixins.json:MixinClientWorld from mod xaerominimap: Class version 65 required is higher than the class version supported by the current version of Mixin (JAVA_17 supports class version 61)
[02Oct2025 21:58:48.568] [Render thread/DEBUG] [mixin/]: Mixing MixinClientLevel from architectury.mixins.json into net.minecraft.client.multiplayer.ClientLevel
[02Oct2025 21:58:48.568] [Render thread/DEBUG] [mixin/]: architectury.mixins.json:MixinClientLevel from mod architectury: Class version 65 required is higher than the class version supported by the current version of Mixin (JAVA_16 supports class version 60)
[02Oct2025 21:58:48.569] [Render thread/DEBUG] [mixin/]: Mixing MixinClientWorld from xaeroworldmap.mixins.json into net.minecraft.client.multiplayer.ClientLevel
[02Oct2025 21:58:48.569] [Render thread/DEBUG] [mixin/]: xaeroworldmap.mixins.json:MixinClientWorld from mod xaeroworldmap: Class version 65 required is higher than the class version supported by the current version of Mixin (JAVA_17 supports class version 61)
[02Oct2025 21:58:48.570] [Render thread/DEBUG] [mixin/]: architectury.mixins.json:MixinClientLevel from mod architectury->@Inject::tickEntities(Lorg/spongepowered/asm/mixin/injection/callback/CallbackInfo;)V doesn't use it's CallbackInfo
[02Oct2025 21:58:48.570] [Render thread/DEBUG] [mixin/]: architectury.mixins.json:MixinClientLevel from mod architectury->@Inject::tickEntities(Lorg/spongepowered/asm/mixin/injection/callback/CallbackInfo;)V has 0 override(s) in child classes
[02Oct2025 21:58:48.570] [Render thread/DEBUG] [mixin/]: architectury.mixins.json:MixinClientLevel from mod architectury->@Inject::tickEntities(Lorg/spongepowered/asm/mixin/injection/callback/CallbackInfo;)V won't be passed a CallbackInfo as a result
[02Oct2025 21:58:48.570] [Render thread/DEBUG] [mixin/]: architectury.mixins.json:MixinClientLevel from mod architectury->@Inject::tickEntitiesPost(Lorg/spongepowered/asm/mixin/injection/callback/CallbackInfo;)V doesn't use it's CallbackInfo
[02Oct2025 21:58:48.570] [Render thread/DEBUG] [mixin/]: architectury.mixins.json:MixinClientLevel from mod architectury->@Inject::tickEntitiesPost(Lorg/spongepowered/asm/mixin/injection/callback/CallbackInfo;)V has 0 override(s) in child classes
[02Oct2025 21:58:48.570] [Render thread/DEBUG] [mixin/]: architectury.mixins.json:MixinClientLevel from mod architectury->@Inject::tickEntitiesPost(Lorg/spongepowered/asm/mixin/injection/callback/CallbackInfo;)V won't be passed a CallbackInfo as a result
[02Oct2025 21:58:48.575] [Render thread/DEBUG] [mixin/]: Mixing MixinClientPlayerEntity from xaerohud.mixins.json into net.minecraft.client.player.LocalPlayer
[02Oct2025 21:58:48.576] [Render thread/DEBUG] [mixin/]: xaerohud.mixins.json:MixinClientPlayerEntity from mod xaerominimap: Class version 65 required is higher than the class version supported by the current version of Mixin (JAVA_17 supports class version 61)
[02Oct2025 21:58:48.576] [Render thread/DEBUG] [mixin/]: Mixing MixinLocalPlayer from xaerohud.mixins.json into net.minecraft.client.player.LocalPlayer
[02Oct2025 21:58:48.576] [Render thread/DEBUG] [mixin/]: xaerohud.mixins.json:MixinLocalPlayer from mod xaerominimap: Class version 65 required is higher than the class version supported by the current version of Mixin (JAVA_17 supports class version 61)
[02Oct2025 21:58:48.576] [Render thread/DEBUG] [mixin/]: xaerohud.mixins.json:MixinClientPlayerEntity from mod xaerominimap->@Inject::onTickStart(Lorg/spongepowered/asm/mixin/injection/callback/CallbackInfo;)V doesn't use it's CallbackInfo
[02Oct2025 21:58:48.576] [Render thread/DEBUG] [mixin/]: xaerohud.mixins.json:MixinClientPlayerEntity from mod xaerominimap->@Inject::onTickStart(Lorg/spongepowered/asm/mixin/injection/callback/CallbackInfo;)V has 0 override(s) in child classes
[02Oct2025 21:58:48.576] [Render thread/DEBUG] [mixin/]: xaerohud.mixins.json:MixinClientPlayerEntity from mod xaerominimap->@Inject::onTickStart(Lorg/spongepowered/asm/mixin/injection/callback/CallbackInfo;)V won't be passed a CallbackInfo as a result
[02Oct2025 21:58:48.578] [Render thread/DEBUG] [mixin/]: Mixing MixinAbstractClientPlayerEntity from xaerohud.mixins.json into net.minecraft.client.player.AbstractClientPlayer
[02Oct2025 21:58:48.578] [Render thread/DEBUG] [mixin/]: xaerohud.mixins.json:MixinAbstractClientPlayerEntity from mod xaerominimap: Class version 65 required is higher than the class version supported by the current version of Mixin (JAVA_17 supports class version 61)
[02Oct2025 21:58:48.579] [Render thread/DEBUG] [mixin/]: Mixing AbstractInventoryScreenMixin from emi.mixins.json into net.minecraft.client.gui.screens.inventory.EffectRenderingInventoryScreen
[02Oct2025 21:58:48.579] [Render thread/DEBUG] [mixin/]: emi.mixins.json:AbstractInventoryScreenMixin from mod emi: Class version 65 required is higher than the class version supported by the current version of Mixin (JAVA_17 supports class version 61)
[02Oct2025 21:58:48.588] [Render thread/DEBUG] [mixin/]: emi.mixins.json:AbstractInventoryScreenMixin from mod emi->@Inject::drawStatusEffects(Lnet/minecraft/client/gui/GuiGraphics;IILorg/spongepowered/asm/mixin/injection/callback/CallbackInfo;)V doesn't use it's CallbackInfo
[02Oct2025 21:58:48.588] [Render thread/DEBUG] [mixin/]: emi.mixins.json:AbstractInventoryScreenMixin from mod emi->@Inject::drawStatusEffects(Lnet/minecraft/client/gui/GuiGraphics;IILorg/spongepowered/asm/mixin/injection/callback/CallbackInfo;)V has 0 override(s) in child classes
[02Oct2025 21:58:48.588] [Render thread/DEBUG] [mixin/]: emi.mixins.json:AbstractInventoryScreenMixin from mod emi->@Inject::drawStatusEffects(Lnet/minecraft/client/gui/GuiGraphics;IILorg/spongepowered/asm/mixin/injection/callback/CallbackInfo;)V won't be passed a CallbackInfo as a result
[02Oct2025 21:58:48.589] [Render thread/DEBUG] [mixin/]: Mixing accessor.HandledScreenAccessor from emi.mixins.json into net.minecraft.client.gui.screens.inventory.AbstractContainerScreen
[02Oct2025 21:58:48.589] [Render thread/DEBUG] [mixin/]: emi.mixins.json:accessor.HandledScreenAccessor from mod emi: Class version 65 required is higher than the class version supported by the current version of Mixin (JAVA_17 supports class version 61)
[02Oct2025 21:58:48.589] [Render thread/DEBUG] [mixin/]: Mixing HandledScreenMixin from emi.mixins.json into net.minecraft.client.gui.screens.inventory.AbstractContainerScreen
[02Oct2025 21:58:48.589] [Render thread/DEBUG] [mixin/]: emi.mixins.json:HandledScreenMixin from mod emi: Class version 65 required is higher than the class version supported by the current version of Mixin (JAVA_17 supports class version 61)
[02Oct2025 21:58:48.591] [Render thread/DEBUG] [mixin/]: emi.mixins.json:HandledScreenMixin from mod emi->@Inject::renderBackground(Lnet/minecraft/client/gui/GuiGraphics;IIFLorg/spongepowered/asm/mixin/injection/callback/CallbackInfo;)V doesn't use it's CallbackInfo
[02Oct2025 21:58:48.591] [Render thread/DEBUG] [mixin/]: emi.mixins.json:HandledScreenMixin from mod emi->@Inject::renderBackground(Lnet/minecraft/client/gui/GuiGraphics;IIFLorg/spongepowered/asm/mixin/injection/callback/CallbackInfo;)V has 0 override(s) in child classes
[02Oct2025 21:58:48.591] [Render thread/DEBUG] [mixin/]: emi.mixins.json:HandledScreenMixin from mod emi->@Inject::renderBackground(Lnet/minecraft/client/gui/GuiGraphics;IIFLorg/spongepowered/asm/mixin/injection/callback/CallbackInfo;)V won't be passed a CallbackInfo as a result
[02Oct2025 21:58:48.591] [Render thread/DEBUG] [mixin/]: emi.mixins.json:HandledScreenMixin from mod emi->@Inject::renderForeground(Lnet/minecraft/client/gui/GuiGraphics;IIFLorg/spongepowered/asm/mixin/injection/callback/CallbackInfo;)V doesn't use it's CallbackInfo
[02Oct2025 21:58:48.591] [Render thread/DEBUG] [mixin/]: emi.mixins.json:HandledScreenMixin from mod emi->@Inject::renderForeground(Lnet/minecraft/client/gui/GuiGraphics;IIFLorg/spongepowered/asm/mixin/injection/callback/CallbackInfo;)V has 0 override(s) in child classes
[02Oct2025 21:58:48.591] [Render thread/DEBUG] [mixin/]: emi.mixins.json:HandledScreenMixin from mod emi->@Inject::renderForeground(Lnet/minecraft/client/gui/GuiGraphics;IIFLorg/spongepowered/asm/mixin/injection/callback/CallbackInfo;)V won't be passed a CallbackInfo as a result
[02Oct2025 21:58:48.623] [Render thread/WARN] [net.minecraft.server.packs.VanillaPackResourcesBuilder/]: Assets URL 'union:/home/satherov/.gradle/caches/fabric-loom/minecraftMaven/net/minecraft/neoforge-21.1.209-minecraft-merged/1.21.1-loom.mappings.1_21_1.layered+hash.40359-v2-neoforge-21.1.209/neoforge-21.1.209-minecraft-merged-1.21.1-loom.mappings.1_21_1.layered+hash.40359-v2-neoforge-21.1.209.jar%23182!/assets/.mcassetsroot' uses unexpected schema
[02Oct2025 21:58:48.624] [Render thread/WARN] [net.minecraft.server.packs.VanillaPackResourcesBuilder/]: Assets URL 'union:/home/satherov/.gradle/caches/fabric-loom/minecraftMaven/net/minecraft/neoforge-21.1.209-minecraft-merged/1.21.1-loom.mappings.1_21_1.layered+hash.40359-v2-neoforge-21.1.209/neoforge-21.1.209-minecraft-merged-1.21.1-loom.mappings.1_21_1.layered+hash.40359-v2-neoforge-21.1.209.jar%23182!/data/.mcassetsroot' uses unexpected schema
[02Oct2025 21:58:48.633] [Render thread/INFO] [com.mojang.authlib.yggdrasil.YggdrasilAuthenticationService/]: Environment: Environment[sessionHost=https://sessionserver.mojang.com, servicesHost=https://api.minecraftservices.com, name=PROD]
[02Oct2025 21:58:48.637] [Render thread/INFO] [net.minecraft.client.Minecraft/]: Setting user: Dev
[02Oct2025 21:58:48.638] [Render thread/DEBUG] [mixin/]: Mixing ToastManagerMixin from emi.mixins.json into net.minecraft.client.gui.components.toasts.ToastComponent
[02Oct2025 21:58:48.638] [Render thread/DEBUG] [mixin/]: emi.mixins.json:ToastManagerMixin from mod emi: Class version 65 required is higher than the class version supported by the current version of Mixin (JAVA_17 supports class version 61)
[02Oct2025 21:58:48.639] [Render thread/DEBUG] [mixin/]: emi.mixins.json:ToastManagerMixin from mod emi->@Inject::drawHead(Lnet/minecraft/client/gui/GuiGraphics;Lorg/spongepowered/asm/mixin/injection/callback/CallbackInfo;)V does use it's CallbackInfo
[02Oct2025 21:58:48.642] [Render thread/DEBUG] [mixin/]: Mixing MixinNeoforgeToggleKeyMapping from xaerohud.neoforge.mixins.json into net.minecraft.client.ToggleKeyMapping
[02Oct2025 21:58:48.643] [Render thread/DEBUG] [mixin/]: xaerohud.neoforge.mixins.json:MixinNeoforgeToggleKeyMapping from mod xaerominimap: Class version 65 required is higher than the class version supported by the current version of Mixin (JAVA_17 supports class version 61)
[02Oct2025 21:58:48.646] [Render thread/DEBUG] [mixin/]: Mixing MixinCyclingButtonWidget from xaerohud.mixins.json into net.minecraft.client.gui.components.CycleButton
[02Oct2025 21:58:48.646] [Render thread/DEBUG] [mixin/]: xaerohud.mixins.json:MixinCyclingButtonWidget from mod xaerominimap: Class version 65 required is higher than the class version supported by the current version of Mixin (JAVA_17 supports class version 61)
[02Oct2025 21:58:48.646] [Render thread/DEBUG] [mixin/]: Mixing MixinCyclingButtonWidget from xaeroworldmap.mixins.json into net.minecraft.client.gui.components.CycleButton
[02Oct2025 21:58:48.646] [Render thread/DEBUG] [mixin/]: xaeroworldmap.mixins.json:MixinCyclingButtonWidget from mod xaeroworldmap: Class version 65 required is higher than the class version supported by the current version of Mixin (JAVA_17 supports class version 61)
[02Oct2025 21:58:48.674] [Render thread/INFO] [net.minecraft.client.Minecraft/]: Backend library: LWJGL version 3.3.3+5
[02Oct2025 21:58:48.696] [Render thread/DEBUG] [mixin/]: Mixing MouseMixin from emi.mixins.json into net.minecraft.client.MouseHandler
[02Oct2025 21:58:48.696] [Render thread/DEBUG] [mixin/]: emi.mixins.json:MouseMixin from mod emi: Class version 65 required is higher than the class version supported by the current version of Mixin (JAVA_17 supports class version 61)
[02Oct2025 21:58:48.704] [Render thread/DEBUG] [mixin/]: emi.mixins.json:MouseMixin from mod emi->@Inject::onMouseDown(JIIILorg/spongepowered/asm/mixin/injection/callback/CallbackInfo;)V does use it's CallbackInfo
[02Oct2025 21:58:48.704] [Render thread/DEBUG] [mixin/]: emi.mixins.json:MouseMixin from mod emi->@Inject::onMouseUp(JIIILorg/spongepowered/asm/mixin/injection/callback/CallbackInfo;)V does use it's CallbackInfo
[02Oct2025 21:58:48.704] [Render thread/DEBUG] [mixin/]: emi.mixins.json:MouseMixin from mod emi->@Inject::onMouseDragged(Lorg/spongepowered/asm/mixin/injection/callback/CallbackInfo;)V doesn't use it's CallbackInfo
[02Oct2025 21:58:48.704] [Render thread/DEBUG] [mixin/]: emi.mixins.json:MouseMixin from mod emi->@Inject::onMouseDragged(Lorg/spongepowered/asm/mixin/injection/callback/CallbackInfo;)V has 0 override(s) in child classes
[02Oct2025 21:58:48.704] [Render thread/DEBUG] [mixin/]: emi.mixins.json:MouseMixin from mod emi->@Inject::onMouseDragged(Lorg/spongepowered/asm/mixin/injection/callback/CallbackInfo;)V won't be passed a CallbackInfo as a result
[02Oct2025 21:58:48.704] [Render thread/DEBUG] [mixin/]: emi.mixins.json:MouseMixin from mod emi->@Inject::onMouseScrolled(JDDLorg/spongepowered/asm/mixin/injection/callback/CallbackInfo;)V does use it's CallbackInfo
[02Oct2025 21:58:48.705] [Render thread/DEBUG] [mixin/]: Mixing KeyboardMixin from emi.mixins.json into net.minecraft.client.KeyboardHandler
[02Oct2025 21:58:48.706] [Render thread/DEBUG] [mixin/]: emi.mixins.json:KeyboardMixin from mod emi: Class version 65 required is higher than the class version supported by the current version of Mixin (JAVA_17 supports class version 61)
[02Oct2025 21:58:48.708] [Render thread/DEBUG] [mixin/]: emi.mixins.json:KeyboardMixin from mod emi->@Inject::onKey(JIIIILorg/spongepowered/asm/mixin/injection/callback/CallbackInfo;)V does use it's CallbackInfo
[02Oct2025 21:58:48.708] [Render thread/DEBUG] [mixin/]: emi.mixins.json:KeyboardMixin from mod emi->@Inject::onChar(JIILorg/spongepowered/asm/mixin/injection/callback/CallbackInfo;)V does use it's CallbackInfo
[02Oct2025 21:58:48.713] [Render thread/DEBUG] [oshi.util.FileUtil/]: Reading file /sys/devices/system/cpu/cpu0/topology/core_id
[02Oct2025 21:58:48.713] [Render thread/DEBUG] [oshi.util.FileUtil/]: Reading file /sys/devices/system/cpu/cpu0/topology/core_id
[02Oct2025 21:58:48.713] [Render thread/DEBUG] [oshi.util.FileUtil/]: Reading file /sys/devices/system/cpu/cpu0/topology/physical_package_id
[02Oct2025 21:58:48.713] [Render thread/DEBUG] [oshi.util.FileUtil/]: Reading file /sys/devices/system/cpu/cpu0/topology/physical_package_id
[02Oct2025 21:58:48.713] [Render thread/DEBUG] [oshi.util.FileUtil/]: Reading file /sys/devices/system/cpu/cpu0/cpu_capacity
[02Oct2025 21:58:48.713] [Render thread/DEBUG] [oshi.util.FileUtil/]: Reading file /sys/devices/system/cpu/cpu0/cpu_capacity
[02Oct2025 21:58:48.713] [Render thread/DEBUG] [oshi.util.FileUtil/]: Reading file /sys/devices/system/cpu/cpu0/cache/index2/level
[02Oct2025 21:58:48.713] [Render thread/DEBUG] [oshi.util.FileUtil/]: Reading file /sys/devices/system/cpu/cpu0/cache/index2/level
[02Oct2025 21:58:48.713] [Render thread/DEBUG] [oshi.util.FileUtil/]: Reading file /sys/devices/system/cpu/cpu0/cache/index2/type
[02Oct2025 21:58:48.713] [Render thread/DEBUG] [oshi.util.FileUtil/]: Reading file /sys/devices/system/cpu/cpu0/cache/index2/type
[02Oct2025 21:58:48.713] [Render thread/DEBUG] [oshi.util.FileUtil/]: Reading file /sys/devices/system/cpu/cpu0/cache/index2/ways_of_associativity
[02Oct2025 21:58:48.713] [Render thread/DEBUG] [oshi.util.FileUtil/]: Reading file /sys/devices/system/cpu/cpu0/cache/index2/ways_of_associativity
[02Oct2025 21:58:48.713] [Render thread/DEBUG] [oshi.util.FileUtil/]: Reading file /sys/devices/system/cpu/cpu0/cache/index2/coherency_line_size
[02Oct2025 21:58:48.713] [Render thread/DEBUG] [oshi.util.FileUtil/]: Reading file /sys/devices/system/cpu/cpu0/cache/index2/coherency_line_size
[02Oct2025 21:58:48.713] [Render thread/DEBUG] [oshi.util.FileUtil/]: Reading file /sys/devices/system/cpu/cpu0/cache/index2/size
[02Oct2025 21:58:48.713] [Render thread/DEBUG] [oshi.util.FileUtil/]: Reading file /sys/devices/system/cpu/cpu0/cache/index2/size
[02Oct2025 21:58:48.713] [Render thread/DEBUG] [oshi.util.FileUtil/]: Reading file /sys/devices/system/cpu/cpu0/cache/index0/level
[02Oct2025 21:58:48.713] [Render thread/DEBUG] [oshi.util.FileUtil/]: Reading file /sys/devices/system/cpu/cpu0/cache/index0/level
[02Oct2025 21:58:48.713] [Render thread/DEBUG] [oshi.util.FileUtil/]: Reading file /sys/devices/system/cpu/cpu0/cache/index0/type
[02Oct2025 21:58:48.713] [Render thread/DEBUG] [oshi.util.FileUtil/]: Reading file /sys/devices/system/cpu/cpu0/cache/index0/type
[02Oct2025 21:58:48.713] [Render thread/DEBUG] [oshi.util.FileUtil/]: Reading file /sys/devices/system/cpu/cpu0/cache/index0/ways_of_associativity
[02Oct2025 21:58:48.713] [Render thread/DEBUG] [oshi.util.FileUtil/]: Reading file /sys/devices/system/cpu/cpu0/cache/index0/ways_of_associativity
[02Oct2025 21:58:48.713] [Render thread/DEBUG] [oshi.util.FileUtil/]: Reading file /sys/devices/system/cpu/cpu0/cache/index0/coherency_line_size
[02Oct2025 21:58:48.713] [Render thread/DEBUG] [oshi.util.FileUtil/]: Reading file /sys/devices/system/cpu/cpu0/cache/index0/coherency_line_size
[02Oct2025 21:58:48.713] [Render thread/DEBUG] [oshi.util.FileUtil/]: Reading file /sys/devices/system/cpu/cpu0/cache/index0/size
[02Oct2025 21:58:48.713] [Render thread/DEBUG] [oshi.util.FileUtil/]: Reading file /sys/devices/system/cpu/cpu0/cache/index0/size
[02Oct2025 21:58:48.713] [Render thread/DEBUG] [oshi.util.FileUtil/]: Reading file /sys/devices/system/cpu/cpu0/cache/index3/level
[02Oct2025 21:58:48.713] [Render thread/DEBUG] [oshi.util.FileUtil/]: Reading file /sys/devices/system/cpu/cpu0/cache/index3/level
[02Oct2025 21:58:48.713] [Render thread/DEBUG] [oshi.util.FileUtil/]: Reading file /sys/devices/system/cpu/cpu0/cache/index3/type
[02Oct2025 21:58:48.713] [Render thread/DEBUG] [oshi.util.FileUtil/]: Reading file /sys/devices/system/cpu/cpu0/cache/index3/type
[02Oct2025 21:58:48.713] [Render thread/DEBUG] [oshi.util.FileUtil/]: Reading file /sys/devices/system/cpu/cpu0/cache/index3/ways_of_associativity
[02Oct2025 21:58:48.713] [Render thread/DEBUG] [oshi.util.FileUtil/]: Reading file /sys/devices/system/cpu/cpu0/cache/index3/ways_of_associativity
[02Oct2025 21:58:48.713] [Render thread/DEBUG] [oshi.util.FileUtil/]: Reading file /sys/devices/system/cpu/cpu0/cache/index3/coherency_line_size
[02Oct2025 21:58:48.714] [Render thread/DEBUG] [oshi.util.FileUtil/]: Reading file /sys/devices/system/cpu/cpu0/cache/index3/coherency_line_size
[02Oct2025 21:58:48.714] [Render thread/DEBUG] [oshi.util.FileUtil/]: Reading file /sys/devices/system/cpu/cpu0/cache/index3/size
[02Oct2025 21:58:48.714] [Render thread/DEBUG] [oshi.util.FileUtil/]: Reading file /sys/devices/system/cpu/cpu0/cache/index3/size
[02Oct2025 21:58:48.714] [Render thread/DEBUG] [oshi.util.FileUtil/]: Reading file /sys/devices/system/cpu/cpu0/cache/index1/level
[02Oct2025 21:58:48.714] [Render thread/DEBUG] [oshi.util.FileUtil/]: Reading file /sys/devices/system/cpu/cpu0/cache/index1/level
[02Oct2025 21:58:48.714] [Render thread/DEBUG] [oshi.util.FileUtil/]: Reading file /sys/devices/system/cpu/cpu0/cache/index1/type
[02Oct2025 21:58:48.714] [Render thread/DEBUG] [oshi.util.FileUtil/]: Reading file /sys/devices/system/cpu/cpu0/cache/index1/type
[02Oct2025 21:58:48.714] [Render thread/DEBUG] [oshi.util.FileUtil/]: Reading file /sys/devices/system/cpu/cpu0/cache/index1/ways_of_associativity
[02Oct2025 21:58:48.714] [Render thread/DEBUG] [oshi.util.FileUtil/]: Reading file /sys/devices/system/cpu/cpu0/cache/index1/ways_of_associativity
[02Oct2025 21:58:48.714] [Render thread/DEBUG] [oshi.util.FileUtil/]: Reading file /sys/devices/system/cpu/cpu0/cache/index1/coherency_line_size
[02Oct2025 21:58:48.714] [Render thread/DEBUG] [oshi.util.FileUtil/]: Reading file /sys/devices/system/cpu/cpu0/cache/index1/coherency_line_size
[02Oct2025 21:58:48.714] [Render thread/DEBUG] [oshi.util.FileUtil/]: Reading file /sys/devices/system/cpu/cpu0/cache/index1/size
[02Oct2025 21:58:48.714] [Render thread/DEBUG] [oshi.util.FileUtil/]: Reading file /sys/devices/system/cpu/cpu0/cache/index1/size
[02Oct2025 21:58:48.714] [Render thread/DEBUG] [oshi.util.FileUtil/]: Reading file /sys/devices/system/cpu/cpu1/topology/core_id
[02Oct2025 21:58:48.714] [Render thread/DEBUG] [oshi.util.FileUtil/]: Reading file /sys/devices/system/cpu/cpu1/topology/core_id
[02Oct2025 21:58:48.714] [Render thread/DEBUG] [oshi.util.FileUtil/]: Reading file /sys/devices/system/cpu/cpu1/topology/physical_package_id
[02Oct2025 21:58:48.714] [Render thread/DEBUG] [oshi.util.FileUtil/]: Reading file /sys/devices/system/cpu/cpu1/topology/physical_package_id
[02Oct2025 21:58:48.714] [Render thread/DEBUG] [oshi.util.FileUtil/]: Reading file /sys/devices/system/cpu/cpu1/cpu_capacity
[02Oct2025 21:58:48.714] [Render thread/DEBUG] [oshi.util.FileUtil/]: Reading file /sys/devices/system/cpu/cpu1/cpu_capacity
[02Oct2025 21:58:48.714] [Render thread/DEBUG] [oshi.util.FileUtil/]: Reading file /sys/devices/system/cpu/cpu1/cache/index2/level
[02Oct2025 21:58:48.714] [Render thread/DEBUG] [oshi.util.FileUtil/]: Reading file /sys/devices/system/cpu/cpu1/cache/index2/level
[02Oct2025 21:58:48.714] [Render thread/DEBUG] [oshi.util.FileUtil/]: Reading file /sys/devices/system/cpu/cpu1/cache/index2/type
[02Oct2025 21:58:48.714] [Render thread/DEBUG] [oshi.util.FileUtil/]: Reading file /sys/devices/system/cpu/cpu1/cache/index2/type
[02Oct2025 21:58:48.714] [Render thread/DEBUG] [oshi.util.FileUtil/]: Reading file /sys/devices/system/cpu/cpu1/cache/index2/ways_of_associativity
[02Oct2025 21:58:48.714] [Render thread/DEBUG] [oshi.util.FileUtil/]: Reading file /sys/devices/system/cpu/cpu1/cache/index2/ways_of_associativity
[02Oct2025 21:58:48.714] [Render thread/DEBUG] [oshi.util.FileUtil/]: Reading file /sys/devices/system/cpu/cpu1/cache/index2/coherency_line_size
[02Oct2025 21:58:48.714] [Render thread/DEBUG] [oshi.util.FileUtil/]: Reading file /sys/devices/system/cpu/cpu1/cache/index2/coherency_line_size
[02Oct2025 21:58:48.714] [Render thread/DEBUG] [oshi.util.FileUtil/]: Reading file /sys/devices/system/cpu/cpu1/cache/index2/size
[02Oct2025 21:58:48.714] [Render thread/DEBUG] [oshi.util.FileUtil/]: Reading file /sys/devices/system/cpu/cpu1/cache/index2/size
[02Oct2025 21:58:48.714] [Render thread/DEBUG] [oshi.util.FileUtil/]: Reading file /sys/devices/system/cpu/cpu1/cache/index0/level
[02Oct2025 21:58:48.714] [Render thread/DEBUG] [oshi.util.FileUtil/]: Reading file /sys/devices/system/cpu/cpu1/cache/index0/level
[02Oct2025 21:58:48.714] [Render thread/DEBUG] [oshi.util.FileUtil/]: Reading file /sys/devices/system/cpu/cpu1/cache/index0/type
[02Oct2025 21:58:48.714] [Render thread/DEBUG] [oshi.util.FileUtil/]: Reading file /sys/devices/system/cpu/cpu1/cache/index0/type
[02Oct2025 21:58:48.714] [Render thread/DEBUG] [oshi.util.FileUtil/]: Reading file /sys/devices/system/cpu/cpu1/cache/index0/ways_of_associativity
[02Oct2025 21:58:48.714] [Render thread/DEBUG] [oshi.util.FileUtil/]: Reading file /sys/devices/system/cpu/cpu1/cache/index0/ways_of_associativity
[02Oct2025 21:58:48.714] [Render thread/DEBUG] [oshi.util.FileUtil/]: Reading file /sys/devices/system/cpu/cpu1/cache/index0/coherency_line_size
[02Oct2025 21:58:48.714] [Render thread/DEBUG] [oshi.util.FileUtil/]: Reading file /sys/devices/system/cpu/cpu1/cache/index0/coherency_line_size
[02Oct2025 21:58:48.714] [Render thread/DEBUG] [oshi.util.FileUtil/]: Reading file /sys/devices/system/cpu/cpu1/cache/index0/size
[02Oct2025 21:58:48.714] [Render thread/DEBUG] [oshi.util.FileUtil/]: Reading file /sys/devices/system/cpu/cpu1/cache/index0/size
[02Oct2025 21:58:48.714] [Render thread/DEBUG] [oshi.util.FileUtil/]: Reading file /sys/devices/system/cpu/cpu1/cache/index3/level
[02Oct2025 21:58:48.714] [Render thread/DEBUG] [oshi.util.FileUtil/]: Reading file /sys/devices/system/cpu/cpu1/cache/index3/level
[02Oct2025 21:58:48.715] [Render thread/DEBUG] [oshi.util.FileUtil/]: Reading file /sys/devices/system/cpu/cpu1/cache/index3/type
[02Oct2025 21:58:48.715] [Render thread/DEBUG] [oshi.util.FileUtil/]: Reading file /sys/devices/system/cpu/cpu1/cache/index3/type
[02Oct2025 21:58:48.715] [Render thread/DEBUG] [oshi.util.FileUtil/]: Reading file /sys/devices/system/cpu/cpu1/cache/index3/ways_of_associativity
[02Oct2025 21:58:48.715] [Render thread/DEBUG] [oshi.util.FileUtil/]: Reading file /sys/devices/system/cpu/cpu1/cache/index3/ways_of_associativity
[02Oct2025 21:58:48.715] [Render thread/DEBUG] [oshi.util.FileUtil/]: Reading file /sys/devices/system/cpu/cpu1/cache/index3/coherency_line_size
[02Oct2025 21:58:48.715] [Render thread/DEBUG] [oshi.util.FileUtil/]: Reading file /sys/devices/system/cpu/cpu1/cache/index3/coherency_line_size
[02Oct2025 21:58:48.715] [Render thread/DEBUG] [oshi.util.FileUtil/]: Reading file /sys/devices/system/cpu/cpu1/cache/index3/size
[02Oct2025 21:58:48.715] [Render thread/DEBUG] [oshi.util.FileUtil/]: Reading file /sys/devices/system/cpu/cpu1/cache/index3/size
[02Oct2025 21:58:48.715] [Render thread/DEBUG] [oshi.util.FileUtil/]: Reading file /sys/devices/system/cpu/cpu1/cache/index1/level
[02Oct2025 21:58:48.715] [Render thread/DEBUG] [oshi.util.FileUtil/]: Reading file /sys/devices/system/cpu/cpu1/cache/index1/level
[02Oct2025 21:58:48.715] [Render thread/DEBUG] [oshi.util.FileUtil/]: Reading file /sys/devices/system/cpu/cpu1/cache/index1/type
[02Oct2025 21:58:48.715] [Render thread/DEBUG] [oshi.util.FileUtil/]: Reading file /sys/devices/system/cpu/cpu1/cache/index1/type
[02Oct2025 21:58:48.715] [Render thread/DEBUG] [oshi.util.FileUtil/]: Reading file /sys/devices/system/cpu/cpu1/cache/index1/ways_of_associativity
[02Oct2025 21:58:48.715] [Render thread/DEBUG] [oshi.util.FileUtil/]: Reading file /sys/devices/system/cpu/cpu1/cache/index1/ways_of_associativity
[02Oct2025 21:58:48.715] [Render thread/DEBUG] [oshi.util.FileUtil/]: Reading file /sys/devices/system/cpu/cpu1/cache/index1/coherency_line_size
[02Oct2025 21:58:48.715] [Render thread/DEBUG] [oshi.util.FileUtil/]: Reading file /sys/devices/system/cpu/cpu1/cache/index1/coherency_line_size
[02Oct2025 21:58:48.715] [Render thread/DEBUG] [oshi.util.FileUtil/]: Reading file /sys/devices/system/cpu/cpu1/cache/index1/size
[02Oct2025 21:58:48.715] [Render thread/DEBUG] [oshi.util.FileUtil/]: Reading file /sys/devices/system/cpu/cpu1/cache/index1/size
[02Oct2025 21:58:48.715] [Render thread/DEBUG] [oshi.util.FileUtil/]: Reading file /sys/devices/system/cpu/cpu10/topology/core_id
[02Oct2025 21:58:48.715] [Render thread/DEBUG] [oshi.util.FileUtil/]: Reading file /sys/devices/system/cpu/cpu10/topology/core_id
[02Oct2025 21:58:48.715] [Render thread/DEBUG] [oshi.util.FileUtil/]: Reading file /sys/devices/system/cpu/cpu10/topology/physical_package_id
[02Oct2025 21:58:48.715] [Render thread/DEBUG] [oshi.util.FileUtil/]: Reading file /sys/devices/system/cpu/cpu10/topology/physical_package_id
[02Oct2025 21:58:48.715] [Render thread/DEBUG] [oshi.util.FileUtil/]: Reading file /sys/devices/system/cpu/cpu10/cpu_capacity
[02Oct2025 21:58:48.715] [Render thread/DEBUG] [oshi.util.FileUtil/]: Reading file /sys/devices/system/cpu/cpu10/cpu_capacity
[02Oct2025 21:58:48.715] [Render thread/DEBUG] [oshi.util.FileUtil/]: Reading file /sys/devices/system/cpu/cpu10/cache/index2/level
[02Oct2025 21:58:48.715] [Render thread/DEBUG] [oshi.util.FileUtil/]: Reading file /sys/devices/system/cpu/cpu10/cache/index2/level
[02Oct2025 21:58:48.715] [Render thread/DEBUG] [oshi.util.FileUtil/]: Reading file /sys/devices/system/cpu/cpu10/cache/index2/type
[02Oct2025 21:58:48.715] [Render thread/DEBUG] [oshi.util.FileUtil/]: Reading file /sys/devices/system/cpu/cpu10/cache/index2/type
[02Oct2025 21:58:48.715] [Render thread/DEBUG] [oshi.util.FileUtil/]: Reading file /sys/devices/system/cpu/cpu10/cache/index2/ways_of_associativity
[02Oct2025 21:58:48.715] [Render thread/DEBUG] [oshi.util.FileUtil/]: Reading file /sys/devices/system/cpu/cpu10/cache/index2/ways_of_associativity
[02Oct2025 21:58:48.715] [Render thread/DEBUG] [oshi.util.FileUtil/]: Reading file /sys/devices/system/cpu/cpu10/cache/index2/coherency_line_size
[02Oct2025 21:58:48.715] [Render thread/DEBUG] [oshi.util.FileUtil/]: Reading file /sys/devices/system/cpu/cpu10/cache/index2/coherency_line_size
[02Oct2025 21:58:48.715] [Render thread/DEBUG] [oshi.util.FileUtil/]: Reading file /sys/devices/system/cpu/cpu10/cache/index2/size
[02Oct2025 21:58:48.715] [Render thread/DEBUG] [oshi.util.FileUtil/]: Reading file /sys/devices/system/cpu/cpu10/cache/index2/size
[02Oct2025 21:58:48.715] [Render thread/DEBUG] [oshi.util.FileUtil/]: Reading file /sys/devices/system/cpu/cpu10/cache/index0/level
[02Oct2025 21:58:48.715] [Render thread/DEBUG] [oshi.util.FileUtil/]: Reading file /sys/devices/system/cpu/cpu10/cache/index0/level
[02Oct2025 21:58:48.715] [Render thread/DEBUG] [oshi.util.FileUtil/]: Reading file /sys/devices/system/cpu/cpu10/cache/index0/type
[02Oct2025 21:58:48.715] [Render thread/DEBUG] [oshi.util.FileUtil/]: Reading file /sys/devices/system/cpu/cpu10/cache/index0/type
[02Oct2025 21:58:48.715] [Render thread/DEBUG] [oshi.util.FileUtil/]: Reading file /sys/devices/system/cpu/cpu10/cache/index0/ways_of_associativity
[02Oct2025 21:58:48.715] [Render thread/DEBUG] [oshi.util.FileUtil/]: Reading file /sys/devices/system/cpu/cpu10/cache/index0/ways_of_associativity
[02Oct2025 21:58:48.715] [Render thread/DEBUG] [oshi.util.FileUtil/]: Reading file /sys/devices/system/cpu/cpu10/cache/index0/coherency_line_size
[02Oct2025 21:58:48.715] [Render thread/DEBUG] [oshi.util.FileUtil/]: Reading file /sys/devices/system/cpu/cpu10/cache/index0/coherency_line_size
[02Oct2025 21:58:48.715] [Render thread/DEBUG] [oshi.util.FileUtil/]: Reading file /sys/devices/system/cpu/cpu10/cache/index0/size
[02Oct2025 21:58:48.715] [Render thread/DEBUG] [oshi.util.FileUtil/]: Reading file /sys/devices/system/cpu/cpu10/cache/index0/size
[02Oct2025 21:58:48.715] [Render thread/DEBUG] [oshi.util.FileUtil/]: Reading file /sys/devices/system/cpu/cpu10/cache/index3/level
[02Oct2025 21:58:48.715] [Render thread/DEBUG] [oshi.util.FileUtil/]: Reading file /sys/devices/system/cpu/cpu10/cache/index3/level
[02Oct2025 21:58:48.715] [Render thread/DEBUG] [oshi.util.FileUtil/]: Reading file /sys/devices/system/cpu/cpu10/cache/index3/type
[02Oct2025 21:58:48.715] [Render thread/DEBUG] [oshi.util.FileUtil/]: Reading file /sys/devices/system/cpu/cpu10/cache/index3/type
[02Oct2025 21:58:48.715] [Render thread/DEBUG] [oshi.util.FileUtil/]: Reading file /sys/devices/system/cpu/cpu10/cache/index3/ways_of_associativity
[02Oct2025 21:58:48.715] [Render thread/DEBUG] [oshi.util.FileUtil/]: Reading file /sys/devices/system/cpu/cpu10/cache/index3/ways_of_associativity
[02Oct2025 21:58:48.715] [Render thread/DEBUG] [oshi.util.FileUtil/]: Reading file /sys/devices/system/cpu/cpu10/cache/index3/coherency_line_size
[02Oct2025 21:58:48.715] [Render thread/DEBUG] [oshi.util.FileUtil/]: Reading file /sys/devices/system/cpu/cpu10/cache/index3/coherency_line_size
[02Oct2025 21:58:48.715] [Render thread/DEBUG] [oshi.util.FileUtil/]: Reading file /sys/devices/system/cpu/cpu10/cache/index3/size
[02Oct2025 21:58:48.715] [Render thread/DEBUG] [oshi.util.FileUtil/]: Reading file /sys/devices/system/cpu/cpu10/cache/index3/size
[02Oct2025 21:58:48.715] [Render thread/DEBUG] [oshi.util.FileUtil/]: Reading file /sys/devices/system/cpu/cpu10/cache/index1/level
[02Oct2025 21:58:48.715] [Render thread/DEBUG] [oshi.util.FileUtil/]: Reading file /sys/devices/system/cpu/cpu10/cache/index1/level
[02Oct2025 21:58:48.715] [Render thread/DEBUG] [oshi.util.FileUtil/]: Reading file /sys/devices/system/cpu/cpu10/cache/index1/type
[02Oct2025 21:58:48.715] [Render thread/DEBUG] [oshi.util.FileUtil/]: Reading file /sys/devices/system/cpu/cpu10/cache/index1/type
[02Oct2025 21:58:48.715] [Render thread/DEBUG] [oshi.util.FileUtil/]: Reading file /sys/devices/system/cpu/cpu10/cache/index1/ways_of_associativity
[02Oct2025 21:58:48.715] [Render thread/DEBUG] [oshi.util.FileUtil/]: Reading file /sys/devices/system/cpu/cpu10/cache/index1/ways_of_associativity
[02Oct2025 21:58:48.716] [Render thread/DEBUG] [oshi.util.FileUtil/]: Reading file /sys/devices/system/cpu/cpu10/cache/index1/coherency_line_size
[02Oct2025 21:58:48.716] [Render thread/DEBUG] [oshi.util.FileUtil/]: Reading file /sys/devices/system/cpu/cpu10/cache/index1/coherency_line_size
[02Oct2025 21:58:48.716] [Render thread/DEBUG] [oshi.util.FileUtil/]: Reading file /sys/devices/system/cpu/cpu10/cache/index1/size
[02Oct2025 21:58:48.716] [Render thread/DEBUG] [oshi.util.FileUtil/]: Reading file /sys/devices/system/cpu/cpu10/cache/index1/size
[02Oct2025 21:58:48.716] [Render thread/DEBUG] [oshi.util.FileUtil/]: Reading file /sys/devices/system/cpu/cpu11/topology/core_id
[02Oct2025 21:58:48.716] [Render thread/DEBUG] [oshi.util.FileUtil/]: Reading file /sys/devices/system/cpu/cpu11/topology/core_id
[02Oct2025 21:58:48.716] [Render thread/DEBUG] [oshi.util.FileUtil/]: Reading file /sys/devices/system/cpu/cpu11/topology/physical_package_id
[02Oct2025 21:58:48.716] [Render thread/DEBUG] [oshi.util.FileUtil/]: Reading file /sys/devices/system/cpu/cpu11/topology/physical_package_id
[02Oct2025 21:58:48.716] [Render thread/DEBUG] [oshi.util.FileUtil/]: Reading file /sys/devices/system/cpu/cpu11/cpu_capacity
[02Oct2025 21:58:48.716] [Render thread/DEBUG] [oshi.util.FileUtil/]: Reading file /sys/devices/system/cpu/cpu11/cpu_capacity
[02Oct2025 21:58:48.716] [Render thread/DEBUG] [oshi.util.FileUtil/]: Reading file /sys/devices/system/cpu/cpu11/cache/index2/level
[02Oct2025 21:58:48.716] [Render thread/DEBUG] [oshi.util.FileUtil/]: Reading file /sys/devices/system/cpu/cpu11/cache/index2/level
[02Oct2025 21:58:48.716] [Render thread/DEBUG] [oshi.util.FileUtil/]: Reading file /sys/devices/system/cpu/cpu11/cache/index2/type
[02Oct2025 21:58:48.716] [Render thread/DEBUG] [oshi.util.FileUtil/]: Reading file /sys/devices/system/cpu/cpu11/cache/index2/type
[02Oct2025 21:58:48.716] [Render thread/DEBUG] [oshi.util.FileUtil/]: Reading file /sys/devices/system/cpu/cpu11/cache/index2/ways_of_associativity
[02Oct2025 21:58:48.716] [Render thread/DEBUG] [oshi.util.FileUtil/]: Reading file /sys/devices/system/cpu/cpu11/cache/index2/ways_of_associativity
[02Oct2025 21:58:48.716] [Render thread/DEBUG] [oshi.util.FileUtil/]: Reading file /sys/devices/system/cpu/cpu11/cache/index2/coherency_line_size
[02Oct2025 21:58:48.716] [Render thread/DEBUG] [oshi.util.FileUtil/]: Reading file /sys/devices/system/cpu/cpu11/cache/index2/coherency_line_size
[02Oct2025 21:58:48.716] [Render thread/DEBUG] [oshi.util.FileUtil/]: Reading file /sys/devices/system/cpu/cpu11/cache/index2/size
[02Oct2025 21:58:48.716] [Render thread/DEBUG] [oshi.util.FileUtil/]: Reading file /sys/devices/system/cpu/cpu11/cache/index2/size
[02Oct2025 21:58:48.716] [Render thread/DEBUG] [oshi.util.FileUtil/]: Reading file /sys/devices/system/cpu/cpu11/cache/index0/level
[02Oct2025 21:58:48.716] [Render thread/DEBUG] [oshi.util.FileUtil/]: Reading file /sys/devices/system/cpu/cpu11/cache/index0/level
[02Oct2025 21:58:48.716] [Render thread/DEBUG] [oshi.util.FileUtil/]: Reading file /sys/devices/system/cpu/cpu11/cache/index0/type
[02Oct2025 21:58:48.716] [Render thread/DEBUG] [oshi.util.FileUtil/]: Reading file /sys/devices/system/cpu/cpu11/cache/index0/type
[02Oct2025 21:58:48.716] [Render thread/DEBUG] [oshi.util.FileUtil/]: Reading file /sys/devices/system/cpu/cpu11/cache/index0/ways_of_associativity
[02Oct2025 21:58:48.716] [Render thread/DEBUG] [oshi.util.FileUtil/]: Reading file /sys/devices/system/cpu/cpu11/cache/index0/ways_of_associativity
[02Oct2025 21:58:48.716] [Render thread/DEBUG] [oshi.util.FileUtil/]: Reading file /sys/devices/system/cpu/cpu11/cache/index0/coherency_line_size
[02Oct2025 21:58:48.716] [Render thread/DEBUG] [oshi.util.FileUtil/]: Reading file /sys/devices/system/cpu/cpu11/cache/index0/coherency_line_size
[02Oct2025 21:58:48.716] [Render thread/DEBUG] [oshi.util.FileUtil/]: Reading file /sys/devices/system/cpu/cpu11/cache/index0/size
[02Oct2025 21:58:48.716] [Render thread/DEBUG] [oshi.util.FileUtil/]: Reading file /sys/devices/system/cpu/cpu11/cache/index0/size
[02Oct2025 21:58:48.725] [Render thread/DEBUG] [oshi.util.FileUtil/]: Reading file /sys/devices/system/cpu/cpu11/cache/index3/level
[02Oct2025 21:58:48.725] [Render thread/DEBUG] [oshi.util.FileUtil/]: Reading file /sys/devices/system/cpu/cpu11/cache/index3/level
[02Oct2025 21:58:48.725] [Render thread/DEBUG] [oshi.util.FileUtil/]: Reading file /sys/devices/system/cpu/cpu11/cache/index3/type
[02Oct2025 21:58:48.725] [Render thread/DEBUG] [oshi.util.FileUtil/]: Reading file /sys/devices/system/cpu/cpu11/cache/index3/type
[02Oct2025 21:58:48.725] [Render thread/DEBUG] [oshi.util.FileUtil/]: Reading file /sys/devices/system/cpu/cpu11/cache/index3/ways_of_associativity
[02Oct2025 21:58:48.725] [Render thread/DEBUG] [oshi.util.FileUtil/]: Reading file /sys/devices/system/cpu/cpu11/cache/index3/ways_of_associativity
[02Oct2025 21:58:48.725] [Render thread/DEBUG] [oshi.util.FileUtil/]: Reading file /sys/devices/system/cpu/cpu11/cache/index3/coherency_line_size
[02Oct2025 21:58:48.725] [Render thread/DEBUG] [oshi.util.FileUtil/]: Reading file /sys/devices/system/cpu/cpu11/cache/index3/coherency_line_size
[02Oct2025 21:58:48.725] [Render thread/DEBUG] [oshi.util.FileUtil/]: Reading file /sys/devices/system/cpu/cpu11/cache/index3/size
[02Oct2025 21:58:48.725] [Render thread/DEBUG] [oshi.util.FileUtil/]: Reading file /sys/devices/system/cpu/cpu11/cache/index3/size
[02Oct2025 21:58:48.725] [Render thread/DEBUG] [oshi.util.FileUtil/]: Reading file /sys/devices/system/cpu/cpu11/cache/index1/level
[02Oct2025 21:58:48.725] [Render thread/DEBUG] [oshi.util.FileUtil/]: Reading file /sys/devices/system/cpu/cpu11/cache/index1/level
[02Oct2025 21:58:48.725] [Render thread/DEBUG] [oshi.util.FileUtil/]: Reading file /sys/devices/system/cpu/cpu11/cache/index1/type
[02Oct2025 21:58:48.725] [Render thread/DEBUG] [oshi.util.FileUtil/]: Reading file /sys/devices/system/cpu/cpu11/cache/index1/type
[02Oct2025 21:58:48.725] [Render thread/DEBUG] [oshi.util.FileUtil/]: Reading file /sys/devices/system/cpu/cpu11/cache/index1/ways_of_associativity
[02Oct2025 21:58:48.725] [Render thread/DEBUG] [oshi.util.FileUtil/]: Reading file /sys/devices/system/cpu/cpu11/cache/index1/ways_of_associativity
[02Oct2025 21:58:48.725] [Render thread/DEBUG] [oshi.util.FileUtil/]: Reading file /sys/devices/system/cpu/cpu11/cache/index1/coherency_line_size
[02Oct2025 21:58:48.725] [Render thread/DEBUG] [oshi.util.FileUtil/]: Reading file /sys/devices/system/cpu/cpu11/cache/index1/coherency_line_size
[02Oct2025 21:58:48.725] [Render thread/DEBUG] [oshi.util.FileUtil/]: Reading file /sys/devices/system/cpu/cpu11/cache/index1/size
[02Oct2025 21:58:48.725] [Render thread/DEBUG] [oshi.util.FileUtil/]: Reading file /sys/devices/system/cpu/cpu11/cache/index1/size
[02Oct2025 21:58:48.725] [Render thread/DEBUG] [oshi.util.FileUtil/]: Reading file /sys/devices/system/cpu/cpu12/topology/core_id
[02Oct2025 21:58:48.725] [Render thread/DEBUG] [oshi.util.FileUtil/]: Reading file /sys/devices/system/cpu/cpu12/topology/core_id
[02Oct2025 21:58:48.725] [Render thread/DEBUG] [oshi.util.FileUtil/]: Reading file /sys/devices/system/cpu/cpu12/topology/physical_package_id
[02Oct2025 21:58:48.725] [Render thread/DEBUG] [oshi.util.FileUtil/]: Reading file /sys/devices/system/cpu/cpu12/topology/physical_package_id
[02Oct2025 21:58:48.725] [Render thread/DEBUG] [oshi.util.FileUtil/]: Reading file /sys/devices/system/cpu/cpu12/cpu_capacity
[02Oct2025 21:58:48.725] [Render thread/DEBUG] [oshi.util.FileUtil/]: Reading file /sys/devices/system/cpu/cpu12/cpu_capacity
[02Oct2025 21:58:48.725] [Render thread/DEBUG] [oshi.util.FileUtil/]: Reading file /sys/devices/system/cpu/cpu12/cache/index2/level
[02Oct2025 21:58:48.725] [Render thread/DEBUG] [oshi.util.FileUtil/]: Reading file /sys/devices/system/cpu/cpu12/cache/index2/level
[02Oct2025 21:58:48.725] [Render thread/DEBUG] [oshi.util.FileUtil/]: Reading file /sys/devices/system/cpu/cpu12/cache/index2/type
[02Oct2025 21:58:48.725] [Render thread/DEBUG] [oshi.util.FileUtil/]: Reading file /sys/devices/system/cpu/cpu12/cache/index2/type
[02Oct2025 21:58:48.726] [Render thread/DEBUG] [oshi.util.FileUtil/]: Reading file /sys/devices/system/cpu/cpu12/cache/index2/ways_of_associativity
[02Oct2025 21:58:48.726] [Render thread/DEBUG] [oshi.util.FileUtil/]: Reading file /sys/devices/system/cpu/cpu12/cache/index2/ways_of_associativity
[02Oct2025 21:58:48.726] [Render thread/DEBUG] [oshi.util.FileUtil/]: Reading file /sys/devices/system/cpu/cpu12/cache/index2/coherency_line_size
[02Oct2025 21:58:48.726] [Render thread/DEBUG] [oshi.util.FileUtil/]: Reading file /sys/devices/system/cpu/cpu12/cache/index2/coherency_line_size
[02Oct2025 21:58:48.726] [Render thread/DEBUG] [oshi.util.FileUtil/]: Reading file /sys/devices/system/cpu/cpu12/cache/index2/size
[02Oct2025 21:58:48.726] [Render thread/DEBUG] [oshi.util.FileUtil/]: Reading file /sys/devices/system/cpu/cpu12/cache/index2/size
[02Oct2025 21:58:48.726] [Render thread/DEBUG] [oshi.util.FileUtil/]: Reading file /sys/devices/system/cpu/cpu12/cache/index0/level
[02Oct2025 21:58:48.726] [Render thread/DEBUG] [oshi.util.FileUtil/]: Reading file /sys/devices/system/cpu/cpu12/cache/index0/level
[02Oct2025 21:58:48.726] [Render thread/DEBUG] [oshi.util.FileUtil/]: Reading file /sys/devices/system/cpu/cpu12/cache/index0/type
[02Oct2025 21:58:48.726] [Render thread/DEBUG] [oshi.util.FileUtil/]: Reading file /sys/devices/system/cpu/cpu12/cache/index0/type
[02Oct2025 21:58:48.726] [Render thread/DEBUG] [oshi.util.FileUtil/]: Reading file /sys/devices/system/cpu/cpu12/cache/index0/ways_of_associativity
[02Oct2025 21:58:48.726] [Render thread/DEBUG] [oshi.util.FileUtil/]: Reading file /sys/devices/system/cpu/cpu12/cache/index0/ways_of_associativity
[02Oct2025 21:58:48.726] [Render thread/DEBUG] [oshi.util.FileUtil/]: Reading file /sys/devices/system/cpu/cpu12/cache/index0/coherency_line_size
[02Oct2025 21:58:48.726] [Render thread/DEBUG] [oshi.util.FileUtil/]: Reading file /sys/devices/system/cpu/cpu12/cache/index0/coherency_line_size
[02Oct2025 21:58:48.726] [Render thread/DEBUG] [oshi.util.FileUtil/]: Reading file /sys/devices/system/cpu/cpu12/cache/index0/size
[02Oct2025 21:58:48.726] [Render thread/DEBUG] [oshi.util.FileUtil/]: Reading file /sys/devices/system/cpu/cpu12/cache/index0/size
[02Oct2025 21:58:48.726] [Render thread/DEBUG] [oshi.util.FileUtil/]: Reading file /sys/devices/system/cpu/cpu12/cache/index3/level
[02Oct2025 21:58:48.726] [Render thread/DEBUG] [oshi.util.FileUtil/]: Reading file /sys/devices/system/cpu/cpu12/cache/index3/level
[02Oct2025 21:58:48.726] [Render thread/DEBUG] [oshi.util.FileUtil/]: Reading file /sys/devices/system/cpu/cpu12/cache/index3/type
[02Oct2025 21:58:48.726] [Render thread/DEBUG] [oshi.util.FileUtil/]: Reading file /sys/devices/system/cpu/cpu12/cache/index3/type
[02Oct2025 21:58:48.726] [Render thread/DEBUG] [oshi.util.FileUtil/]: Reading file /sys/devices/system/cpu/cpu12/cache/index3/ways_of_associativity
[02Oct2025 21:58:48.726] [Render thread/DEBUG] [oshi.util.FileUtil/]: Reading file /sys/devices/system/cpu/cpu12/cache/index3/ways_of_associativity
[02Oct2025 21:58:48.726] [Render thread/DEBUG] [oshi.util.FileUtil/]: Reading file /sys/devices/system/cpu/cpu12/cache/index3/coherency_line_size
[02Oct2025 21:58:48.726] [Render thread/DEBUG] [oshi.util.FileUtil/]: Reading file /sys/devices/system/cpu/cpu12/cache/index3/coherency_line_size
[02Oct2025 21:58:48.726] [Render thread/DEBUG] [oshi.util.FileUtil/]: Reading file /sys/devices/system/cpu/cpu12/cache/index3/size
[02Oct2025 21:58:48.726] [Render thread/DEBUG] [oshi.util.FileUtil/]: Reading file /sys/devices/system/cpu/cpu12/cache/index3/size
[02Oct2025 21:58:48.726] [Render thread/DEBUG] [oshi.util.FileUtil/]: Reading file /sys/devices/system/cpu/cpu12/cache/index1/level
[02Oct2025 21:58:48.726] [Render thread/DEBUG] [oshi.util.FileUtil/]: Reading file /sys/devices/system/cpu/cpu12/cache/index1/level
[02Oct2025 21:58:48.726] [Render thread/DEBUG] [oshi.util.FileUtil/]: Reading file /sys/devices/system/cpu/cpu12/cache/index1/type
[02Oct2025 21:58:48.726] [Render thread/DEBUG] [oshi.util.FileUtil/]: Reading file /sys/devices/system/cpu/cpu12/cache/index1/type
[02Oct2025 21:58:48.726] [Render thread/DEBUG] [oshi.util.FileUtil/]: Reading file /sys/devices/system/cpu/cpu12/cache/index1/ways_of_associativity
[02Oct2025 21:58:48.726] [Render thread/DEBUG] [oshi.util.FileUtil/]: Reading file /sys/devices/system/cpu/cpu12/cache/index1/ways_of_associativity
[02Oct2025 21:58:48.726] [Render thread/DEBUG] [oshi.util.FileUtil/]: Reading file /sys/devices/system/cpu/cpu12/cache/index1/coherency_line_size
[02Oct2025 21:58:48.726] [Render thread/DEBUG] [oshi.util.FileUtil/]: Reading file /sys/devices/system/cpu/cpu12/cache/index1/coherency_line_size
[02Oct2025 21:58:48.726] [Render thread/DEBUG] [oshi.util.FileUtil/]: Reading file /sys/devices/system/cpu/cpu12/cache/index1/size
[02Oct2025 21:58:48.726] [Render thread/DEBUG] [oshi.util.FileUtil/]: Reading file /sys/devices/system/cpu/cpu12/cache/index1/size
[02Oct2025 21:58:48.726] [Render thread/DEBUG] [oshi.util.FileUtil/]: Reading file /sys/devices/system/cpu/cpu13/topology/core_id
[02Oct2025 21:58:48.726] [Render thread/DEBUG] [oshi.util.FileUtil/]: Reading file /sys/devices/system/cpu/cpu13/topology/core_id
[02Oct2025 21:58:48.726] [Render thread/DEBUG] [oshi.util.FileUtil/]: Reading file /sys/devices/system/cpu/cpu13/topology/physical_package_id
[02Oct2025 21:58:48.727] [Render thread/DEBUG] [oshi.util.FileUtil/]: Reading file /sys/devices/system/cpu/cpu13/topology/physical_package_id
[02Oct2025 21:58:48.727] [Render thread/DEBUG] [oshi.util.FileUtil/]: Reading file /sys/devices/system/cpu/cpu13/cpu_capacity
[02Oct2025 21:58:48.727] [Render thread/DEBUG] [oshi.util.FileUtil/]: Reading file /sys/devices/system/cpu/cpu13/cpu_capacity
[02Oct2025 21:58:48.727] [Render thread/DEBUG] [oshi.util.FileUtil/]: Reading file /sys/devices/system/cpu/cpu13/cache/index2/level
[02Oct2025 21:58:48.727] [Render thread/DEBUG] [oshi.util.FileUtil/]: Reading file /sys/devices/system/cpu/cpu13/cache/index2/level
[02Oct2025 21:58:48.727] [Render thread/DEBUG] [oshi.util.FileUtil/]: Reading file /sys/devices/system/cpu/cpu13/cache/index2/type
[02Oct2025 21:58:48.727] [Render thread/DEBUG] [oshi.util.FileUtil/]: Reading file /sys/devices/system/cpu/cpu13/cache/index2/type
[02Oct2025 21:58:48.727] [Render thread/DEBUG] [oshi.util.FileUtil/]: Reading file /sys/devices/system/cpu/cpu13/cache/index2/ways_of_associativity
[02Oct2025 21:58:48.727] [Render thread/DEBUG] [oshi.util.FileUtil/]: Reading file /sys/devices/system/cpu/cpu13/cache/index2/ways_of_associativity
[02Oct2025 21:58:48.727] [Render thread/DEBUG] [oshi.util.FileUtil/]: Reading file /sys/devices/system/cpu/cpu13/cache/index2/coherency_line_size
[02Oct2025 21:58:48.727] [Render thread/DEBUG] [oshi.util.FileUtil/]: Reading file /sys/devices/system/cpu/cpu13/cache/index2/coherency_line_size
[02Oct2025 21:58:48.727] [Render thread/DEBUG] [oshi.util.FileUtil/]: Reading file /sys/devices/system/cpu/cpu13/cache/index2/size
[02Oct2025 21:58:48.727] [Render thread/DEBUG] [oshi.util.FileUtil/]: Reading file /sys/devices/system/cpu/cpu13/cache/index2/size
[02Oct2025 21:58:48.727] [Render thread/DEBUG] [oshi.util.FileUtil/]: Reading file /sys/devices/system/cpu/cpu13/cache/index0/level
[02Oct2025 21:58:48.727] [Render thread/DEBUG] [oshi.util.FileUtil/]: Reading file /sys/devices/system/cpu/cpu13/cache/index0/level
[02Oct2025 21:58:48.727] [Render thread/DEBUG] [oshi.util.FileUtil/]: Reading file /sys/devices/system/cpu/cpu13/cache/index0/type
[02Oct2025 21:58:48.727] [Render thread/DEBUG] [oshi.util.FileUtil/]: Reading file /sys/devices/system/cpu/cpu13/cache/index0/type
[02Oct2025 21:58:48.727] [Render thread/DEBUG] [oshi.util.FileUtil/]: Reading file /sys/devices/system/cpu/cpu13/cache/index0/ways_of_associativity
[02Oct2025 21:58:48.727] [Render thread/DEBUG] [oshi.util.FileUtil/]: Reading file /sys/devices/system/cpu/cpu13/cache/index0/ways_of_associativity
[02Oct2025 21:58:48.727] [Render thread/DEBUG] [oshi.util.FileUtil/]: Reading file /sys/devices/system/cpu/cpu13/cache/index0/coherency_line_size
[02Oct2025 21:58:48.727] [Render thread/DEBUG] [oshi.util.FileUtil/]: Reading file /sys/devices/system/cpu/cpu13/cache/index0/coherency_line_size
[02Oct2025 21:58:48.727] [Render thread/DEBUG] [oshi.util.FileUtil/]: Reading file /sys/devices/system/cpu/cpu13/cache/index0/size
[02Oct2025 21:58:48.727] [Render thread/DEBUG] [oshi.util.FileUtil/]: Reading file /sys/devices/system/cpu/cpu13/cache/index0/size
[02Oct2025 21:58:48.727] [Render thread/DEBUG] [oshi.util.FileUtil/]: Reading file /sys/devices/system/cpu/cpu13/cache/index3/level
[02Oct2025 21:58:48.727] [Render thread/DEBUG] [oshi.util.FileUtil/]: Reading file /sys/devices/system/cpu/cpu13/cache/index3/level
[02Oct2025 21:58:48.727] [Render thread/DEBUG] [oshi.util.FileUtil/]: Reading file /sys/devices/system/cpu/cpu13/cache/index3/type
[02Oct2025 21:58:48.727] [Render thread/DEBUG] [oshi.util.FileUtil/]: Reading file /sys/devices/system/cpu/cpu13/cache/index3/type
[02Oct2025 21:58:48.727] [Render thread/DEBUG] [oshi.util.FileUtil/]: Reading file /sys/devices/system/cpu/cpu13/cache/index3/ways_of_associativity
[02Oct2025 21:58:48.727] [Render thread/DEBUG] [oshi.util.FileUtil/]: Reading file /sys/devices/system/cpu/cpu13/cache/index3/ways_of_associativity
[02Oct2025 21:58:48.727] [Render thread/DEBUG] [oshi.util.FileUtil/]: Reading file /sys/devices/system/cpu/cpu13/cache/index3/coherency_line_size
[02Oct2025 21:58:48.727] [Render thread/DEBUG] [oshi.util.FileUtil/]: Reading file /sys/devices/system/cpu/cpu13/cache/index3/coherency_line_size
[02Oct2025 21:58:48.727] [Render thread/DEBUG] [oshi.util.FileUtil/]: Reading file /sys/devices/system/cpu/cpu13/cache/index3/size
[02Oct2025 21:58:48.727] [Render thread/DEBUG] [oshi.util.FileUtil/]: Reading file /sys/devices/system/cpu/cpu13/cache/index3/size
[02Oct2025 21:58:48.727] [Render thread/DEBUG] [oshi.util.FileUtil/]: Reading file /sys/devices/system/cpu/cpu13/cache/index1/level
[02Oct2025 21:58:48.727] [Render thread/DEBUG] [oshi.util.FileUtil/]: Reading file /sys/devices/system/cpu/cpu13/cache/index1/level
[02Oct2025 21:58:48.727] [Render thread/DEBUG] [oshi.util.FileUtil/]: Reading file /sys/devices/system/cpu/cpu13/cache/index1/type
[02Oct2025 21:58:48.727] [Render thread/DEBUG] [oshi.util.FileUtil/]: Reading file /sys/devices/system/cpu/cpu13/cache/index1/type
[02Oct2025 21:58:48.727] [Render thread/DEBUG] [oshi.util.FileUtil/]: Reading file /sys/devices/system/cpu/cpu13/cache/index1/ways_of_associativity
[02Oct2025 21:58:48.727] [Render thread/DEBUG] [oshi.util.FileUtil/]: Reading file /sys/devices/system/cpu/cpu13/cache/index1/ways_of_associativity
[02Oct2025 21:58:48.727] [Render thread/DEBUG] [oshi.util.FileUtil/]: Reading file /sys/devices/system/cpu/cpu13/cache/index1/coherency_line_size
[02Oct2025 21:58:48.727] [Render thread/DEBUG] [oshi.util.FileUtil/]: Reading file /sys/devices/system/cpu/cpu13/cache/index1/coherency_line_size
[02Oct2025 21:58:48.727] [Render thread/DEBUG] [oshi.util.FileUtil/]: Reading file /sys/devices/system/cpu/cpu13/cache/index1/size
[02Oct2025 21:58:48.727] [Render thread/DEBUG] [oshi.util.FileUtil/]: Reading file /sys/devices/system/cpu/cpu13/cache/index1/size
[02Oct2025 21:58:48.728] [Render thread/DEBUG] [oshi.util.FileUtil/]: Reading file /sys/devices/system/cpu/cpu14/topology/core_id
[02Oct2025 21:58:48.728] [Render thread/DEBUG] [oshi.util.FileUtil/]: Reading file /sys/devices/system/cpu/cpu14/topology/core_id
[02Oct2025 21:58:48.728] [Render thread/DEBUG] [oshi.util.FileUtil/]: Reading file /sys/devices/system/cpu/cpu14/topology/physical_package_id
[02Oct2025 21:58:48.728] [Render thread/DEBUG] [oshi.util.FileUtil/]: Reading file /sys/devices/system/cpu/cpu14/topology/physical_package_id
[02Oct2025 21:58:48.728] [Render thread/DEBUG] [oshi.util.FileUtil/]: Reading file /sys/devices/system/cpu/cpu14/cpu_capacity
[02Oct2025 21:58:48.728] [Render thread/DEBUG] [oshi.util.FileUtil/]: Reading file /sys/devices/system/cpu/cpu14/cpu_capacity
[02Oct2025 21:58:48.728] [Render thread/DEBUG] [oshi.util.FileUtil/]: Reading file /sys/devices/system/cpu/cpu14/cache/index2/level
[02Oct2025 21:58:48.728] [Render thread/DEBUG] [oshi.util.FileUtil/]: Reading file /sys/devices/system/cpu/cpu14/cache/index2/level
[02Oct2025 21:58:48.728] [Render thread/DEBUG] [oshi.util.FileUtil/]: Reading file /sys/devices/system/cpu/cpu14/cache/index2/type
[02Oct2025 21:58:48.728] [Render thread/DEBUG] [oshi.util.FileUtil/]: Reading file /sys/devices/system/cpu/cpu14/cache/index2/type
[02Oct2025 21:58:48.728] [Render thread/DEBUG] [oshi.util.FileUtil/]: Reading file /sys/devices/system/cpu/cpu14/cache/index2/ways_of_associativity
[02Oct2025 21:58:48.728] [Render thread/DEBUG] [oshi.util.FileUtil/]: Reading file /sys/devices/system/cpu/cpu14/cache/index2/ways_of_associativity
[02Oct2025 21:58:48.728] [Render thread/DEBUG] [oshi.util.FileUtil/]: Reading file /sys/devices/system/cpu/cpu14/cache/index2/coherency_line_size
[02Oct2025 21:58:48.728] [Render thread/DEBUG] [oshi.util.FileUtil/]: Reading file /sys/devices/system/cpu/cpu14/cache/index2/coherency_line_size
[02Oct2025 21:58:48.728] [Render thread/DEBUG] [oshi.util.FileUtil/]: Reading file /sys/devices/system/cpu/cpu14/cache/index2/size
[02Oct2025 21:58:48.728] [Render thread/DEBUG] [oshi.util.FileUtil/]: Reading file /sys/devices/system/cpu/cpu14/cache/index2/size
[02Oct2025 21:58:48.728] [Render thread/DEBUG] [oshi.util.FileUtil/]: Reading file /sys/devices/system/cpu/cpu14/cache/index0/level
[02Oct2025 21:58:48.728] [Render thread/DEBUG] [oshi.util.FileUtil/]: Reading file /sys/devices/system/cpu/cpu14/cache/index0/level
[02Oct2025 21:58:48.728] [Render thread/DEBUG] [oshi.util.FileUtil/]: Reading file /sys/devices/system/cpu/cpu14/cache/index0/type
[02Oct2025 21:58:48.728] [Render thread/DEBUG] [oshi.util.FileUtil/]: Reading file /sys/devices/system/cpu/cpu14/cache/index0/type
[02Oct2025 21:58:48.728] [Render thread/DEBUG] [oshi.util.FileUtil/]: Reading file /sys/devices/system/cpu/cpu14/cache/index0/ways_of_associativity
[02Oct2025 21:58:48.728] [Render thread/DEBUG] [oshi.util.FileUtil/]: Reading file /sys/devices/system/cpu/cpu14/cache/index0/ways_of_associativity
[02Oct2025 21:58:48.728] [Render thread/DEBUG] [oshi.util.FileUtil/]: Reading file /sys/devices/system/cpu/cpu14/cache/index0/coherency_line_size
[02Oct2025 21:58:48.728] [Render thread/DEBUG] [oshi.util.FileUtil/]: Reading file /sys/devices/system/cpu/cpu14/cache/index0/coherency_line_size
[02Oct2025 21:58:48.728] [Render thread/DEBUG] [oshi.util.FileUtil/]: Reading file /sys/devices/system/cpu/cpu14/cache/index0/size
[02Oct2025 21:58:48.728] [Render thread/DEBUG] [oshi.util.FileUtil/]: Reading file /sys/devices/system/cpu/cpu14/cache/index0/size
[02Oct2025 21:58:48.728] [Render thread/DEBUG] [oshi.util.FileUtil/]: Reading file /sys/devices/system/cpu/cpu14/cache/index3/level
[02Oct2025 21:58:48.728] [Render thread/DEBUG] [oshi.util.FileUtil/]: Reading file /sys/devices/system/cpu/cpu14/cache/index3/level
[02Oct2025 21:58:48.728] [Render thread/DEBUG] [oshi.util.FileUtil/]: Reading file /sys/devices/system/cpu/cpu14/cache/index3/type
[02Oct2025 21:58:48.728] [Render thread/DEBUG] [oshi.util.FileUtil/]: Reading file /sys/devices/system/cpu/cpu14/cache/index3/type
[02Oct2025 21:58:48.728] [Render thread/DEBUG] [oshi.util.FileUtil/]: Reading file /sys/devices/system/cpu/cpu14/cache/index3/ways_of_associativity
[02Oct2025 21:58:48.728] [Render thread/DEBUG] [oshi.util.FileUtil/]: Reading file /sys/devices/system/cpu/cpu14/cache/index3/ways_of_associativity
[02Oct2025 21:58:48.728] [Render thread/DEBUG] [oshi.util.FileUtil/]: Reading file /sys/devices/system/cpu/cpu14/cache/index3/coherency_line_size
[02Oct2025 21:58:48.728] [Render thread/DEBUG] [oshi.util.FileUtil/]: Reading file /sys/devices/system/cpu/cpu14/cache/index3/coherency_line_size
[02Oct2025 21:58:48.728] [Render thread/DEBUG] [oshi.util.FileUtil/]: Reading file /sys/devices/system/cpu/cpu14/cache/index3/size
[02Oct2025 21:58:48.728] [Render thread/DEBUG] [oshi.util.FileUtil/]: Reading file /sys/devices/system/cpu/cpu14/cache/index3/size
[02Oct2025 21:58:48.728] [Render thread/DEBUG] [oshi.util.FileUtil/]: Reading file /sys/devices/system/cpu/cpu14/cache/index1/level
[02Oct2025 21:58:48.728] [Render thread/DEBUG] [oshi.util.FileUtil/]: Reading file /sys/devices/system/cpu/cpu14/cache/index1/level
[02Oct2025 21:58:48.728] [Render thread/DEBUG] [oshi.util.FileUtil/]: Reading file /sys/devices/system/cpu/cpu14/cache/index1/type
[02Oct2025 21:58:48.728] [Render thread/DEBUG] [oshi.util.FileUtil/]: Reading file /sys/devices/system/cpu/cpu14/cache/index1/type
[02Oct2025 21:58:48.728] [Render thread/DEBUG] [oshi.util.FileUtil/]: Reading file /sys/devices/system/cpu/cpu14/cache/index1/ways_of_associativity
[02Oct2025 21:58:48.728] [Render thread/DEBUG] [oshi.util.FileUtil/]: Reading file /sys/devices/system/cpu/cpu14/cache/index1/ways_of_associativity
[02Oct2025 21:58:48.728] [Render thread/DEBUG] [oshi.util.FileUtil/]: Reading file /sys/devices/system/cpu/cpu14/cache/index1/coherency_line_size
[02Oct2025 21:58:48.728] [Render thread/DEBUG] [oshi.util.FileUtil/]: Reading file /sys/devices/system/cpu/cpu14/cache/index1/coherency_line_size
[02Oct2025 21:58:48.729] [Render thread/DEBUG] [oshi.util.FileUtil/]: Reading file /sys/devices/system/cpu/cpu14/cache/index1/size
[02Oct2025 21:58:48.729] [Render thread/DEBUG] [oshi.util.FileUtil/]: Reading file /sys/devices/system/cpu/cpu14/cache/index1/size
[02Oct2025 21:58:48.729] [Render thread/DEBUG] [oshi.util.FileUtil/]: Reading file /sys/devices/system/cpu/cpu15/topology/core_id
[02Oct2025 21:58:48.729] [Render thread/DEBUG] [oshi.util.FileUtil/]: Reading file /sys/devices/system/cpu/cpu15/topology/core_id
[02Oct2025 21:58:48.729] [Render thread/DEBUG] [oshi.util.FileUtil/]: Reading file /sys/devices/system/cpu/cpu15/topology/physical_package_id
[02Oct2025 21:58:48.729] [Render thread/DEBUG] [oshi.util.FileUtil/]: Reading file /sys/devices/system/cpu/cpu15/topology/physical_package_id
[02Oct2025 21:58:48.729] [Render thread/DEBUG] [oshi.util.FileUtil/]: Reading file /sys/devices/system/cpu/cpu15/cpu_capacity
[02Oct2025 21:58:48.729] [Render thread/DEBUG] [oshi.util.FileUtil/]: Reading file /sys/devices/system/cpu/cpu15/cpu_capacity
[02Oct2025 21:58:48.729] [Render thread/DEBUG] [oshi.util.FileUtil/]: Reading file /sys/devices/system/cpu/cpu15/cache/index2/level
[02Oct2025 21:58:48.729] [Render thread/DEBUG] [oshi.util.FileUtil/]: Reading file /sys/devices/system/cpu/cpu15/cache/index2/level
[02Oct2025 21:58:48.729] [Render thread/DEBUG] [oshi.util.FileUtil/]: Reading file /sys/devices/system/cpu/cpu15/cache/index2/type
[02Oct2025 21:58:48.729] [Render thread/DEBUG] [oshi.util.FileUtil/]: Reading file /sys/devices/system/cpu/cpu15/cache/index2/type
[02Oct2025 21:58:48.729] [Render thread/DEBUG] [oshi.util.FileUtil/]: Reading file /sys/devices/system/cpu/cpu15/cache/index2/ways_of_associativity
[02Oct2025 21:58:48.729] [Render thread/DEBUG] [oshi.util.FileUtil/]: Reading file /sys/devices/system/cpu/cpu15/cache/index2/ways_of_associativity
[02Oct2025 21:58:48.729] [Render thread/DEBUG] [oshi.util.FileUtil/]: Reading file /sys/devices/system/cpu/cpu15/cache/index2/coherency_line_size
[02Oct2025 21:58:48.729] [Render thread/DEBUG] [oshi.util.FileUtil/]: Reading file /sys/devices/system/cpu/cpu15/cache/index2/coherency_line_size
[02Oct2025 21:58:48.729] [Render thread/DEBUG] [oshi.util.FileUtil/]: Reading file /sys/devices/system/cpu/cpu15/cache/index2/size
[02Oct2025 21:58:48.729] [Render thread/DEBUG] [oshi.util.FileUtil/]: Reading file /sys/devices/system/cpu/cpu15/cache/index2/size
[02Oct2025 21:58:48.729] [Render thread/DEBUG] [oshi.util.FileUtil/]: Reading file /sys/devices/system/cpu/cpu15/cache/index0/level
[02Oct2025 21:58:48.729] [Render thread/DEBUG] [oshi.util.FileUtil/]: Reading file /sys/devices/system/cpu/cpu15/cache/index0/level
[02Oct2025 21:58:48.729] [Render thread/DEBUG] [oshi.util.FileUtil/]: Reading file /sys/devices/system/cpu/cpu15/cache/index0/type
[02Oct2025 21:58:48.729] [Render thread/DEBUG] [oshi.util.FileUtil/]: Reading file /sys/devices/system/cpu/cpu15/cache/index0/type
[02Oct2025 21:58:48.729] [Render thread/DEBUG] [oshi.util.FileUtil/]: Reading file /sys/devices/system/cpu/cpu15/cache/index0/ways_of_associativity
[02Oct2025 21:58:48.729] [Render thread/DEBUG] [oshi.util.FileUtil/]: Reading file /sys/devices/system/cpu/cpu15/cache/index0/ways_of_associativity
[02Oct2025 21:58:48.729] [Render thread/DEBUG] [oshi.util.FileUtil/]: Reading file /sys/devices/system/cpu/cpu15/cache/index0/coherency_line_size
[02Oct2025 21:58:48.729] [Render thread/DEBUG] [oshi.util.FileUtil/]: Reading file /sys/devices/system/cpu/cpu15/cache/index0/coherency_line_size
[02Oct2025 21:58:48.729] [Render thread/DEBUG] [oshi.util.FileUtil/]: Reading file /sys/devices/system/cpu/cpu15/cache/index0/size
[02Oct2025 21:58:48.729] [Render thread/DEBUG] [oshi.util.FileUtil/]: Reading file /sys/devices/system/cpu/cpu15/cache/index0/size
[02Oct2025 21:58:48.729] [Render thread/DEBUG] [oshi.util.FileUtil/]: Reading file /sys/devices/system/cpu/cpu15/cache/index3/level
[02Oct2025 21:58:48.729] [Render thread/DEBUG] [oshi.util.FileUtil/]: Reading file /sys/devices/system/cpu/cpu15/cache/index3/level
[02Oct2025 21:58:48.729] [Render thread/DEBUG] [oshi.util.FileUtil/]: Reading file /sys/devices/system/cpu/cpu15/cache/index3/type
[02Oct2025 21:58:48.729] [Render thread/DEBUG] [oshi.util.FileUtil/]: Reading file /sys/devices/system/cpu/cpu15/cache/index3/type
[02Oct2025 21:58:48.729] [Render thread/DEBUG] [oshi.util.FileUtil/]: Reading file /sys/devices/system/cpu/cpu15/cache/index3/ways_of_associativity
[02Oct2025 21:58:48.729] [Render thread/DEBUG] [oshi.util.FileUtil/]: Reading file /sys/devices/system/cpu/cpu15/cache/index3/ways_of_associativity
[02Oct2025 21:58:48.729] [Render thread/DEBUG] [oshi.util.FileUtil/]: Reading file /sys/devices/system/cpu/cpu15/cache/index3/coherency_line_size
[02Oct2025 21:58:48.729] [Render thread/DEBUG] [oshi.util.FileUtil/]: Reading file /sys/devices/system/cpu/cpu15/cache/index3/coherency_line_size
[02Oct2025 21:58:48.729] [Render thread/DEBUG] [oshi.util.FileUtil/]: Reading file /sys/devices/system/cpu/cpu15/cache/index3/size
[02Oct2025 21:58:48.729] [Render thread/DEBUG] [oshi.util.FileUtil/]: Reading file /sys/devices/system/cpu/cpu15/cache/index3/size
[02Oct2025 21:58:48.729] [Render thread/DEBUG] [oshi.util.FileUtil/]: Reading file /sys/devices/system/cpu/cpu15/cache/index1/level
[02Oct2025 21:58:48.729] [Render thread/DEBUG] [oshi.util.FileUtil/]: Reading file /sys/devices/system/cpu/cpu15/cache/index1/level
[02Oct2025 21:58:48.729] [Render thread/DEBUG] [oshi.util.FileUtil/]: Reading file /sys/devices/system/cpu/cpu15/cache/index1/type
[02Oct2025 21:58:48.729] [Render thread/DEBUG] [oshi.util.FileUtil/]: Reading file /sys/devices/system/cpu/cpu15/cache/index1/type
[02Oct2025 21:58:48.729] [Render thread/DEBUG] [oshi.util.FileUtil/]: Reading file /sys/devices/system/cpu/cpu15/cache/index1/ways_of_associativity
[02Oct2025 21:58:48.729] [Render thread/DEBUG] [oshi.util.FileUtil/]: Reading file /sys/devices/system/cpu/cpu15/cache/index1/ways_of_associativity
[02Oct2025 21:58:48.729] [Render thread/DEBUG] [oshi.util.FileUtil/]: Reading file /sys/devices/system/cpu/cpu15/cache/index1/coherency_line_size
[02Oct2025 21:58:48.730] [Render thread/DEBUG] [oshi.util.FileUtil/]: Reading file /sys/devices/system/cpu/cpu15/cache/index1/coherency_line_size
[02Oct2025 21:58:48.730] [Render thread/DEBUG] [oshi.util.FileUtil/]: Reading file /sys/devices/system/cpu/cpu15/cache/index1/size
[02Oct2025 21:58:48.730] [Render thread/DEBUG] [oshi.util.FileUtil/]: Reading file /sys/devices/system/cpu/cpu15/cache/index1/size
[02Oct2025 21:58:48.730] [Render thread/DEBUG] [oshi.util.FileUtil/]: Reading file /sys/devices/system/cpu/cpu2/topology/core_id
[02Oct2025 21:58:48.730] [Render thread/DEBUG] [oshi.util.FileUtil/]: Reading file /sys/devices/system/cpu/cpu2/topology/core_id
[02Oct2025 21:58:48.730] [Render thread/DEBUG] [oshi.util.FileUtil/]: Reading file /sys/devices/system/cpu/cpu2/topology/physical_package_id
[02Oct2025 21:58:48.730] [Render thread/DEBUG] [oshi.util.FileUtil/]: Reading file /sys/devices/system/cpu/cpu2/topology/physical_package_id
[02Oct2025 21:58:48.730] [Render thread/DEBUG] [oshi.util.FileUtil/]: Reading file /sys/devices/system/cpu/cpu2/cpu_capacity
[02Oct2025 21:58:48.730] [Render thread/DEBUG] [oshi.util.FileUtil/]: Reading file /sys/devices/system/cpu/cpu2/cpu_capacity
[02Oct2025 21:58:48.730] [Render thread/DEBUG] [oshi.util.FileUtil/]: Reading file /sys/devices/system/cpu/cpu2/cache/index2/level
[02Oct2025 21:58:48.730] [Render thread/DEBUG] [oshi.util.FileUtil/]: Reading file /sys/devices/system/cpu/cpu2/cache/index2/level
[02Oct2025 21:58:48.730] [Render thread/DEBUG] [oshi.util.FileUtil/]: Reading file /sys/devices/system/cpu/cpu2/cache/index2/type
[02Oct2025 21:58:48.730] [Render thread/DEBUG] [oshi.util.FileUtil/]: Reading file /sys/devices/system/cpu/cpu2/cache/index2/type
[02Oct2025 21:58:48.730] [Render thread/DEBUG] [oshi.util.FileUtil/]: Reading file /sys/devices/system/cpu/cpu2/cache/index2/ways_of_associativity
[02Oct2025 21:58:48.730] [Render thread/DEBUG] [oshi.util.FileUtil/]: Reading file /sys/devices/system/cpu/cpu2/cache/index2/ways_of_associativity
[02Oct2025 21:58:48.730] [Render thread/DEBUG] [oshi.util.FileUtil/]: Reading file /sys/devices/system/cpu/cpu2/cache/index2/coherency_line_size
[02Oct2025 21:58:48.730] [Render thread/DEBUG] [oshi.util.FileUtil/]: Reading file /sys/devices/system/cpu/cpu2/cache/index2/coherency_line_size
[02Oct2025 21:58:48.730] [Render thread/DEBUG] [oshi.util.FileUtil/]: Reading file /sys/devices/system/cpu/cpu2/cache/index2/size
[02Oct2025 21:58:48.730] [Render thread/DEBUG] [oshi.util.FileUtil/]: Reading file /sys/devices/system/cpu/cpu2/cache/index2/size
[02Oct2025 21:58:48.730] [Render thread/DEBUG] [oshi.util.FileUtil/]: Reading file /sys/devices/system/cpu/cpu2/cache/index0/level
[02Oct2025 21:58:48.730] [Render thread/DEBUG] [oshi.util.FileUtil/]: Reading file /sys/devices/system/cpu/cpu2/cache/index0/level
[02Oct2025 21:58:48.730] [Render thread/DEBUG] [oshi.util.FileUtil/]: Reading file /sys/devices/system/cpu/cpu2/cache/index0/type
[02Oct2025 21:58:48.730] [Render thread/DEBUG] [oshi.util.FileUtil/]: Reading file /sys/devices/system/cpu/cpu2/cache/index0/type
[02Oct2025 21:58:48.730] [Render thread/DEBUG] [oshi.util.FileUtil/]: Reading file /sys/devices/system/cpu/cpu2/cache/index0/ways_of_associativity
[02Oct2025 21:58:48.730] [Render thread/DEBUG] [oshi.util.FileUtil/]: Reading file /sys/devices/system/cpu/cpu2/cache/index0/ways_of_associativity
[02Oct2025 21:58:48.730] [Render thread/DEBUG] [oshi.util.FileUtil/]: Reading file /sys/devices/system/cpu/cpu2/cache/index0/coherency_line_size
[02Oct2025 21:58:48.730] [Render thread/DEBUG] [oshi.util.FileUtil/]: Reading file /sys/devices/system/cpu/cpu2/cache/index0/coherency_line_size
[02Oct2025 21:58:48.730] [Render thread/DEBUG] [oshi.util.FileUtil/]: Reading file /sys/devices/system/cpu/cpu2/cache/index0/size
[02Oct2025 21:58:48.730] [Render thread/DEBUG] [oshi.util.FileUtil/]: Reading file /sys/devices/system/cpu/cpu2/cache/index0/size
[02Oct2025 21:58:48.730] [Render thread/DEBUG] [oshi.util.FileUtil/]: Reading file /sys/devices/system/cpu/cpu2/cache/index3/level
[02Oct2025 21:58:48.730] [Render thread/DEBUG] [oshi.util.FileUtil/]: Reading file /sys/devices/system/cpu/cpu2/cache/index3/level
[02Oct2025 21:58:48.730] [Render thread/DEBUG] [oshi.util.FileUtil/]: Reading file /sys/devices/system/cpu/cpu2/cache/index3/type
[02Oct2025 21:58:48.730] [Render thread/DEBUG] [oshi.util.FileUtil/]: Reading file /sys/devices/system/cpu/cpu2/cache/index3/type
[02Oct2025 21:58:48.730] [Render thread/DEBUG] [oshi.util.FileUtil/]: Reading file /sys/devices/system/cpu/cpu2/cache/index3/ways_of_associativity
[02Oct2025 21:58:48.730] [Render thread/DEBUG] [oshi.util.FileUtil/]: Reading file /sys/devices/system/cpu/cpu2/cache/index3/ways_of_associativity
[02Oct2025 21:58:48.730] [Render thread/DEBUG] [oshi.util.FileUtil/]: Reading file /sys/devices/system/cpu/cpu2/cache/index3/coherency_line_size
[02Oct2025 21:58:48.730] [Render thread/DEBUG] [oshi.util.FileUtil/]: Reading file /sys/devices/system/cpu/cpu2/cache/index3/coherency_line_size
[02Oct2025 21:58:48.730] [Render thread/DEBUG] [oshi.util.FileUtil/]: Reading file /sys/devices/system/cpu/cpu2/cache/index3/size
[02Oct2025 21:58:48.730] [Render thread/DEBUG] [oshi.util.FileUtil/]: Reading file /sys/devices/system/cpu/cpu2/cache/index3/size
[02Oct2025 21:58:48.730] [Render thread/DEBUG] [oshi.util.FileUtil/]: Reading file /sys/devices/system/cpu/cpu2/cache/index1/level
[02Oct2025 21:58:48.730] [Render thread/DEBUG] [oshi.util.FileUtil/]: Reading file /sys/devices/system/cpu/cpu2/cache/index1/level
[02Oct2025 21:58:48.730] [Render thread/DEBUG] [oshi.util.FileUtil/]: Reading file /sys/devices/system/cpu/cpu2/cache/index1/type
[02Oct2025 21:58:48.730] [Render thread/DEBUG] [oshi.util.FileUtil/]: Reading file /sys/devices/system/cpu/cpu2/cache/index1/type
[02Oct2025 21:58:48.730] [Render thread/DEBUG] [oshi.util.FileUtil/]: Reading file /sys/devices/system/cpu/cpu2/cache/index1/ways_of_associativity
[02Oct2025 21:58:48.730] [Render thread/DEBUG] [oshi.util.FileUtil/]: Reading file /sys/devices/system/cpu/cpu2/cache/index1/ways_of_associativity
[02Oct2025 21:58:48.730] [Render thread/DEBUG] [oshi.util.FileUtil/]: Reading file /sys/devices/system/cpu/cpu2/cache/index1/coherency_line_size
[02Oct2025 21:58:48.730] [Render thread/DEBUG] [oshi.util.FileUtil/]: Reading file /sys/devices/system/cpu/cpu2/cache/index1/coherency_line_size
[02Oct2025 21:58:48.730] [Render thread/DEBUG] [oshi.util.FileUtil/]: Reading file /sys/devices/system/cpu/cpu2/cache/index1/size
[02Oct2025 21:58:48.730] [Render thread/DEBUG] [oshi.util.FileUtil/]: Reading file /sys/devices/system/cpu/cpu2/cache/index1/size
[02Oct2025 21:58:48.731] [Render thread/DEBUG] [oshi.util.FileUtil/]: Reading file /sys/devices/system/cpu/cpu3/topology/core_id
[02Oct2025 21:58:48.731] [Render thread/DEBUG] [oshi.util.FileUtil/]: Reading file /sys/devices/system/cpu/cpu3/topology/core_id
[02Oct2025 21:58:48.731] [Render thread/DEBUG] [oshi.util.FileUtil/]: Reading file /sys/devices/system/cpu/cpu3/topology/physical_package_id
[02Oct2025 21:58:48.731] [Render thread/DEBUG] [oshi.util.FileUtil/]: Reading file /sys/devices/system/cpu/cpu3/topology/physical_package_id
[02Oct2025 21:58:48.731] [Render thread/DEBUG] [oshi.util.FileUtil/]: Reading file /sys/devices/system/cpu/cpu3/cpu_capacity
[02Oct2025 21:58:48.731] [Render thread/DEBUG] [oshi.util.FileUtil/]: Reading file /sys/devices/system/cpu/cpu3/cpu_capacity
[02Oct2025 21:58:48.731] [Render thread/DEBUG] [oshi.util.FileUtil/]: Reading file /sys/devices/system/cpu/cpu3/cache/index2/level
[02Oct2025 21:58:48.731] [Render thread/DEBUG] [oshi.util.FileUtil/]: Reading file /sys/devices/system/cpu/cpu3/cache/index2/level
[02Oct2025 21:58:48.731] [Render thread/DEBUG] [oshi.util.FileUtil/]: Reading file /sys/devices/system/cpu/cpu3/cache/index2/type
[02Oct2025 21:58:48.731] [Render thread/DEBUG] [oshi.util.FileUtil/]: Reading file /sys/devices/system/cpu/cpu3/cache/index2/type
[02Oct2025 21:58:48.731] [Render thread/DEBUG] [oshi.util.FileUtil/]: Reading file /sys/devices/system/cpu/cpu3/cache/index2/ways_of_associativity
[02Oct2025 21:58:48.731] [Render thread/DEBUG] [oshi.util.FileUtil/]: Reading file /sys/devices/system/cpu/cpu3/cache/index2/ways_of_associativity
[02Oct2025 21:58:48.731] [Render thread/DEBUG] [oshi.util.FileUtil/]: Reading file /sys/devices/system/cpu/cpu3/cache/index2/coherency_line_size
[02Oct2025 21:58:48.731] [Render thread/DEBUG] [oshi.util.FileUtil/]: Reading file /sys/devices/system/cpu/cpu3/cache/index2/coherency_line_size
[02Oct2025 21:58:48.731] [Render thread/DEBUG] [oshi.util.FileUtil/]: Reading file /sys/devices/system/cpu/cpu3/cache/index2/size
[02Oct2025 21:58:48.731] [Render thread/DEBUG] [oshi.util.FileUtil/]: Reading file /sys/devices/system/cpu/cpu3/cache/index2/size
[02Oct2025 21:58:48.731] [Render thread/DEBUG] [oshi.util.FileUtil/]: Reading file /sys/devices/system/cpu/cpu3/cache/index0/level
[02Oct2025 21:58:48.731] [Render thread/DEBUG] [oshi.util.FileUtil/]: Reading file /sys/devices/system/cpu/cpu3/cache/index0/level
[02Oct2025 21:58:48.731] [Render thread/DEBUG] [oshi.util.FileUtil/]: Reading file /sys/devices/system/cpu/cpu3/cache/index0/type
[02Oct2025 21:58:48.731] [Render thread/DEBUG] [oshi.util.FileUtil/]: Reading file /sys/devices/system/cpu/cpu3/cache/index0/type
[02Oct2025 21:58:48.731] [Render thread/DEBUG] [oshi.util.FileUtil/]: Reading file /sys/devices/system/cpu/cpu3/cache/index0/ways_of_associativity
[02Oct2025 21:58:48.731] [Render thread/DEBUG] [oshi.util.FileUtil/]: Reading file /sys/devices/system/cpu/cpu3/cache/index0/ways_of_associativity
[02Oct2025 21:58:48.731] [Render thread/DEBUG] [oshi.util.FileUtil/]: Reading file /sys/devices/system/cpu/cpu3/cache/index0/coherency_line_size
[02Oct2025 21:58:48.731] [Render thread/DEBUG] [oshi.util.FileUtil/]: Reading file /sys/devices/system/cpu/cpu3/cache/index0/coherency_line_size
[02Oct2025 21:58:48.731] [Render thread/DEBUG] [oshi.util.FileUtil/]: Reading file /sys/devices/system/cpu/cpu3/cache/index0/size
[02Oct2025 21:58:48.731] [Render thread/DEBUG] [oshi.util.FileUtil/]: Reading file /sys/devices/system/cpu/cpu3/cache/index0/size
[02Oct2025 21:58:48.731] [Render thread/DEBUG] [oshi.util.FileUtil/]: Reading file /sys/devices/system/cpu/cpu3/cache/index3/level
[02Oct2025 21:58:48.731] [Render thread/DEBUG] [oshi.util.FileUtil/]: Reading file /sys/devices/system/cpu/cpu3/cache/index3/level
[02Oct2025 21:58:48.731] [Render thread/DEBUG] [oshi.util.FileUtil/]: Reading file /sys/devices/system/cpu/cpu3/cache/index3/type
[02Oct2025 21:58:48.731] [Render thread/DEBUG] [oshi.util.FileUtil/]: Reading file /sys/devices/system/cpu/cpu3/cache/index3/type
[02Oct2025 21:58:48.731] [Render thread/DEBUG] [oshi.util.FileUtil/]: Reading file /sys/devices/system/cpu/cpu3/cache/index3/ways_of_associativity
[02Oct2025 21:58:48.731] [Render thread/DEBUG] [oshi.util.FileUtil/]: Reading file /sys/devices/system/cpu/cpu3/cache/index3/ways_of_associativity
[02Oct2025 21:58:48.731] [Render thread/DEBUG] [oshi.util.FileUtil/]: Reading file /sys/devices/system/cpu/cpu3/cache/index3/coherency_line_size
[02Oct2025 21:58:48.731] [Render thread/DEBUG] [oshi.util.FileUtil/]: Reading file /sys/devices/system/cpu/cpu3/cache/index3/coherency_line_size
[02Oct2025 21:58:48.731] [Render thread/DEBUG] [oshi.util.FileUtil/]: Reading file /sys/devices/system/cpu/cpu3/cache/index3/size
[02Oct2025 21:58:48.731] [Render thread/DEBUG] [oshi.util.FileUtil/]: Reading file /sys/devices/system/cpu/cpu3/cache/index3/size
[02Oct2025 21:58:48.731] [Render thread/DEBUG] [oshi.util.FileUtil/]: Reading file /sys/devices/system/cpu/cpu3/cache/index1/level
[02Oct2025 21:58:48.731] [Render thread/DEBUG] [oshi.util.FileUtil/]: Reading file /sys/devices/system/cpu/cpu3/cache/index1/level
[02Oct2025 21:58:48.731] [Render thread/DEBUG] [oshi.util.FileUtil/]: Reading file /sys/devices/system/cpu/cpu3/cache/index1/type
[02Oct2025 21:58:48.731] [Render thread/DEBUG] [oshi.util.FileUtil/]: Reading file /sys/devices/system/cpu/cpu3/cache/index1/type
[02Oct2025 21:58:48.731] [Render thread/DEBUG] [oshi.util.FileUtil/]: Reading file /sys/devices/system/cpu/cpu3/cache/index1/ways_of_associativity
[02Oct2025 21:58:48.731] [Render thread/DEBUG] [oshi.util.FileUtil/]: Reading file /sys/devices/system/cpu/cpu3/cache/index1/ways_of_associativity
[02Oct2025 21:58:48.731] [Render thread/DEBUG] [oshi.util.FileUtil/]: Reading file /sys/devices/system/cpu/cpu3/cache/index1/coherency_line_size
[02Oct2025 21:58:48.731] [Render thread/DEBUG] [oshi.util.FileUtil/]: Reading file /sys/devices/system/cpu/cpu3/cache/index1/coherency_line_size
[02Oct2025 21:58:48.731] [Render thread/DEBUG] [oshi.util.FileUtil/]: Reading file /sys/devices/system/cpu/cpu3/cache/index1/size
[02Oct2025 21:58:48.731] [Render thread/DEBUG] [oshi.util.FileUtil/]: Reading file /sys/devices/system/cpu/cpu3/cache/index1/size
[02Oct2025 21:58:48.731] [Render thread/DEBUG] [oshi.util.FileUtil/]: Reading file /sys/devices/system/cpu/cpu4/topology/core_id
[02Oct2025 21:58:48.731] [Render thread/DEBUG] [oshi.util.FileUtil/]: Reading file /sys/devices/system/cpu/cpu4/topology/core_id
[02Oct2025 21:58:48.732] [Render thread/DEBUG] [oshi.util.FileUtil/]: Reading file /sys/devices/system/cpu/cpu4/topology/physical_package_id
[02Oct2025 21:58:48.732] [Render thread/DEBUG] [oshi.util.FileUtil/]: Reading file /sys/devices/system/cpu/cpu4/topology/physical_package_id
[02Oct2025 21:58:48.732] [Render thread/DEBUG] [oshi.util.FileUtil/]: Reading file /sys/devices/system/cpu/cpu4/cpu_capacity
[02Oct2025 21:58:48.732] [Render thread/DEBUG] [oshi.util.FileUtil/]: Reading file /sys/devices/system/cpu/cpu4/cpu_capacity
[02Oct2025 21:58:48.732] [Render thread/DEBUG] [oshi.util.FileUtil/]: Reading file /sys/devices/system/cpu/cpu4/cache/index2/level
[02Oct2025 21:58:48.732] [Render thread/DEBUG] [oshi.util.FileUtil/]: Reading file /sys/devices/system/cpu/cpu4/cache/index2/level
[02Oct2025 21:58:48.732] [Render thread/DEBUG] [oshi.util.FileUtil/]: Reading file /sys/devices/system/cpu/cpu4/cache/index2/type
[02Oct2025 21:58:48.732] [Render thread/DEBUG] [oshi.util.FileUtil/]: Reading file /sys/devices/system/cpu/cpu4/cache/index2/type
[02Oct2025 21:58:48.732] [Render thread/DEBUG] [oshi.util.FileUtil/]: Reading file /sys/devices/system/cpu/cpu4/cache/index2/ways_of_associativity
[02Oct2025 21:58:48.732] [Render thread/DEBUG] [oshi.util.FileUtil/]: Reading file /sys/devices/system/cpu/cpu4/cache/index2/ways_of_associativity
[02Oct2025 21:58:48.732] [Render thread/DEBUG] [oshi.util.FileUtil/]: Reading file /sys/devices/system/cpu/cpu4/cache/index2/coherency_line_size
[02Oct2025 21:58:48.732] [Render thread/DEBUG] [oshi.util.FileUtil/]: Reading file /sys/devices/system/cpu/cpu4/cache/index2/coherency_line_size
[02Oct2025 21:58:48.732] [Render thread/DEBUG] [oshi.util.FileUtil/]: Reading file /sys/devices/system/cpu/cpu4/cache/index2/size
[02Oct2025 21:58:48.732] [Render thread/DEBUG] [oshi.util.FileUtil/]: Reading file /sys/devices/system/cpu/cpu4/cache/index2/size
[02Oct2025 21:58:48.732] [Render thread/DEBUG] [oshi.util.FileUtil/]: Reading file /sys/devices/system/cpu/cpu4/cache/index0/level
[02Oct2025 21:58:48.732] [Render thread/DEBUG] [oshi.util.FileUtil/]: Reading file /sys/devices/system/cpu/cpu4/cache/index0/level
[02Oct2025 21:58:48.732] [Render thread/DEBUG] [oshi.util.FileUtil/]: Reading file /sys/devices/system/cpu/cpu4/cache/index0/type
[02Oct2025 21:58:48.732] [Render thread/DEBUG] [oshi.util.FileUtil/]: Reading file /sys/devices/system/cpu/cpu4/cache/index0/type
[02Oct2025 21:58:48.732] [Render thread/DEBUG] [oshi.util.FileUtil/]: Reading file /sys/devices/system/cpu/cpu4/cache/index0/ways_of_associativity
[02Oct2025 21:58:48.732] [Render thread/DEBUG] [oshi.util.FileUtil/]: Reading file /sys/devices/system/cpu/cpu4/cache/index0/ways_of_associativity
[02Oct2025 21:58:48.732] [Render thread/DEBUG] [oshi.util.FileUtil/]: Reading file /sys/devices/system/cpu/cpu4/cache/index0/coherency_line_size
[02Oct2025 21:58:48.732] [Render thread/DEBUG] [oshi.util.FileUtil/]: Reading file /sys/devices/system/cpu/cpu4/cache/index0/coherency_line_size
[02Oct2025 21:58:48.732] [Render thread/DEBUG] [oshi.util.FileUtil/]: Reading file /sys/devices/system/cpu/cpu4/cache/index0/size
[02Oct2025 21:58:48.732] [Render thread/DEBUG] [oshi.util.FileUtil/]: Reading file /sys/devices/system/cpu/cpu4/cache/index0/size
[02Oct2025 21:58:48.732] [Render thread/DEBUG] [oshi.util.FileUtil/]: Reading file /sys/devices/system/cpu/cpu4/cache/index3/level
[02Oct2025 21:58:48.732] [Render thread/DEBUG] [oshi.util.FileUtil/]: Reading file /sys/devices/system/cpu/cpu4/cache/index3/level
[02Oct2025 21:58:48.732] [Render thread/DEBUG] [oshi.util.FileUtil/]: Reading file /sys/devices/system/cpu/cpu4/cache/index3/type
[02Oct2025 21:58:48.732] [Render thread/DEBUG] [oshi.util.FileUtil/]: Reading file /sys/devices/system/cpu/cpu4/cache/index3/type
[02Oct2025 21:58:48.732] [Render thread/DEBUG] [oshi.util.FileUtil/]: Reading file /sys/devices/system/cpu/cpu4/cache/index3/ways_of_associativity
[02Oct2025 21:58:48.732] [Render thread/DEBUG] [oshi.util.FileUtil/]: Reading file /sys/devices/system/cpu/cpu4/cache/index3/ways_of_associativity
[02Oct2025 21:58:48.732] [Render thread/DEBUG] [oshi.util.FileUtil/]: Reading file /sys/devices/system/cpu/cpu4/cache/index3/coherency_line_size
[02Oct2025 21:58:48.732] [Render thread/DEBUG] [oshi.util.FileUtil/]: Reading file /sys/devices/system/cpu/cpu4/cache/index3/coherency_line_size
[02Oct2025 21:58:48.732] [Render thread/DEBUG] [oshi.util.FileUtil/]: Reading file /sys/devices/system/cpu/cpu4/cache/index3/size
[02Oct2025 21:58:48.732] [Render thread/DEBUG] [oshi.util.FileUtil/]: Reading file /sys/devices/system/cpu/cpu4/cache/index3/size
[02Oct2025 21:58:48.732] [Render thread/DEBUG] [oshi.util.FileUtil/]: Reading file /sys/devices/system/cpu/cpu4/cache/index1/level
[02Oct2025 21:58:48.732] [Render thread/DEBUG] [oshi.util.FileUtil/]: Reading file /sys/devices/system/cpu/cpu4/cache/index1/level
[02Oct2025 21:58:48.732] [Render thread/DEBUG] [oshi.util.FileUtil/]: Reading file /sys/devices/system/cpu/cpu4/cache/index1/type
[02Oct2025 21:58:48.732] [Render thread/DEBUG] [oshi.util.FileUtil/]: Reading file /sys/devices/system/cpu/cpu4/cache/index1/type
[02Oct2025 21:58:48.732] [Render thread/DEBUG] [oshi.util.FileUtil/]: Reading file /sys/devices/system/cpu/cpu4/cache/index1/ways_of_associativity
[02Oct2025 21:58:48.732] [Render thread/DEBUG] [oshi.util.FileUtil/]: Reading file /sys/devices/system/cpu/cpu4/cache/index1/ways_of_associativity
[02Oct2025 21:58:48.732] [Render thread/DEBUG] [oshi.util.FileUtil/]: Reading file /sys/devices/system/cpu/cpu4/cache/index1/coherency_line_size
[02Oct2025 21:58:48.732] [Render thread/DEBUG] [oshi.util.FileUtil/]: Reading file /sys/devices/system/cpu/cpu4/cache/index1/coherency_line_size
[02Oct2025 21:58:48.732] [Render thread/DEBUG] [oshi.util.FileUtil/]: Reading file /sys/devices/system/cpu/cpu4/cache/index1/size
[02Oct2025 21:58:48.732] [Render thread/DEBUG] [oshi.util.FileUtil/]: Reading file /sys/devices/system/cpu/cpu4/cache/index1/size
[02Oct2025 21:58:48.733] [Render thread/DEBUG] [oshi.util.FileUtil/]: Reading file /sys/devices/system/cpu/cpu5/topology/core_id
[02Oct2025 21:58:48.733] [Render thread/DEBUG] [oshi.util.FileUtil/]: Reading file /sys/devices/system/cpu/cpu5/topology/core_id
[02Oct2025 21:58:48.733] [Render thread/DEBUG] [oshi.util.FileUtil/]: Reading file /sys/devices/system/cpu/cpu5/topology/physical_package_id
[02Oct2025 21:58:48.733] [Render thread/DEBUG] [oshi.util.FileUtil/]: Reading file /sys/devices/system/cpu/cpu5/topology/physical_package_id
[02Oct2025 21:58:48.733] [Render thread/DEBUG] [oshi.util.FileUtil/]: Reading file /sys/devices/system/cpu/cpu5/cpu_capacity
[02Oct2025 21:58:48.733] [Render thread/DEBUG] [oshi.util.FileUtil/]: Reading file /sys/devices/system/cpu/cpu5/cpu_capacity
[02Oct2025 21:58:48.733] [Render thread/DEBUG] [oshi.util.FileUtil/]: Reading file /sys/devices/system/cpu/cpu5/cache/index2/level
[02Oct2025 21:58:48.733] [Render thread/DEBUG] [oshi.util.FileUtil/]: Reading file /sys/devices/system/cpu/cpu5/cache/index2/level
[02Oct2025 21:58:48.733] [Render thread/DEBUG] [oshi.util.FileUtil/]: Reading file /sys/devices/system/cpu/cpu5/cache/index2/type
[02Oct2025 21:58:48.733] [Render thread/DEBUG] [oshi.util.FileUtil/]: Reading file /sys/devices/system/cpu/cpu5/cache/index2/type
[02Oct2025 21:58:48.733] [Render thread/DEBUG] [oshi.util.FileUtil/]: Reading file /sys/devices/system/cpu/cpu5/cache/index2/ways_of_associativity
[02Oct2025 21:58:48.733] [Render thread/DEBUG] [oshi.util.FileUtil/]: Reading file /sys/devices/system/cpu/cpu5/cache/index2/ways_of_associativity
[02Oct2025 21:58:48.733] [Render thread/DEBUG] [oshi.util.FileUtil/]: Reading file /sys/devices/system/cpu/cpu5/cache/index2/coherency_line_size
[02Oct2025 21:58:48.733] [Render thread/DEBUG] [oshi.util.FileUtil/]: Reading file /sys/devices/system/cpu/cpu5/cache/index2/coherency_line_size
[02Oct2025 21:58:48.733] [Render thread/DEBUG] [oshi.util.FileUtil/]: Reading file /sys/devices/system/cpu/cpu5/cache/index2/size
[02Oct2025 21:58:48.733] [Render thread/DEBUG] [oshi.util.FileUtil/]: Reading file /sys/devices/system/cpu/cpu5/cache/index2/size
[02Oct2025 21:58:48.733] [Render thread/DEBUG] [oshi.util.FileUtil/]: Reading file /sys/devices/system/cpu/cpu5/cache/index0/level
[02Oct2025 21:58:48.733] [Render thread/DEBUG] [oshi.util.FileUtil/]: Reading file /sys/devices/system/cpu/cpu5/cache/index0/level
[02Oct2025 21:58:48.733] [Render thread/DEBUG] [oshi.util.FileUtil/]: Reading file /sys/devices/system/cpu/cpu5/cache/index0/type
[02Oct2025 21:58:48.733] [Render thread/DEBUG] [oshi.util.FileUtil/]: Reading file /sys/devices/system/cpu/cpu5/cache/index0/type
[02Oct2025 21:58:48.733] [Render thread/DEBUG] [oshi.util.FileUtil/]: Reading file /sys/devices/system/cpu/cpu5/cache/index0/ways_of_associativity
[02Oct2025 21:58:48.733] [Render thread/DEBUG] [oshi.util.FileUtil/]: Reading file /sys/devices/system/cpu/cpu5/cache/index0/ways_of_associativity
[02Oct2025 21:58:48.733] [Render thread/DEBUG] [oshi.util.FileUtil/]: Reading file /sys/devices/system/cpu/cpu5/cache/index0/coherency_line_size
[02Oct2025 21:58:48.733] [Render thread/DEBUG] [oshi.util.FileUtil/]: Reading file /sys/devices/system/cpu/cpu5/cache/index0/coherency_line_size
[02Oct2025 21:58:48.733] [Render thread/DEBUG] [oshi.util.FileUtil/]: Reading file /sys/devices/system/cpu/cpu5/cache/index0/size
[02Oct2025 21:58:48.733] [Render thread/DEBUG] [oshi.util.FileUtil/]: Reading file /sys/devices/system/cpu/cpu5/cache/index0/size
[02Oct2025 21:58:48.733] [Render thread/DEBUG] [oshi.util.FileUtil/]: Reading file /sys/devices/system/cpu/cpu5/cache/index3/level
[02Oct2025 21:58:48.733] [Render thread/DEBUG] [oshi.util.FileUtil/]: Reading file /sys/devices/system/cpu/cpu5/cache/index3/level
[02Oct2025 21:58:48.733] [Render thread/DEBUG] [oshi.util.FileUtil/]: Reading file /sys/devices/system/cpu/cpu5/cache/index3/type
[02Oct2025 21:58:48.733] [Render thread/DEBUG] [oshi.util.FileUtil/]: Reading file /sys/devices/system/cpu/cpu5/cache/index3/type
[02Oct2025 21:58:48.733] [Render thread/DEBUG] [oshi.util.FileUtil/]: Reading file /sys/devices/system/cpu/cpu5/cache/index3/ways_of_associativity
[02Oct2025 21:58:48.733] [Render thread/DEBUG] [oshi.util.FileUtil/]: Reading file /sys/devices/system/cpu/cpu5/cache/index3/ways_of_associativity
[02Oct2025 21:58:48.733] [Render thread/DEBUG] [oshi.util.FileUtil/]: Reading file /sys/devices/system/cpu/cpu5/cache/index3/coherency_line_size
[02Oct2025 21:58:48.733] [Render thread/DEBUG] [oshi.util.FileUtil/]: Reading file /sys/devices/system/cpu/cpu5/cache/index3/coherency_line_size
[02Oct2025 21:58:48.733] [Render thread/DEBUG] [oshi.util.FileUtil/]: Reading file /sys/devices/system/cpu/cpu5/cache/index3/size
[02Oct2025 21:58:48.733] [Render thread/DEBUG] [oshi.util.FileUtil/]: Reading file /sys/devices/system/cpu/cpu5/cache/index3/size
[02Oct2025 21:58:48.733] [Render thread/DEBUG] [oshi.util.FileUtil/]: Reading file /sys/devices/system/cpu/cpu5/cache/index1/level
[02Oct2025 21:58:48.733] [Render thread/DEBUG] [oshi.util.FileUtil/]: Reading file /sys/devices/system/cpu/cpu5/cache/index1/level
[02Oct2025 21:58:48.733] [Render thread/DEBUG] [oshi.util.FileUtil/]: Reading file /sys/devices/system/cpu/cpu5/cache/index1/type
[02Oct2025 21:58:48.733] [Render thread/DEBUG] [oshi.util.FileUtil/]: Reading file /sys/devices/system/cpu/cpu5/cache/index1/type
[02Oct2025 21:58:48.733] [Render thread/DEBUG] [oshi.util.FileUtil/]: Reading file /sys/devices/system/cpu/cpu5/cache/index1/ways_of_associativity
[02Oct2025 21:58:48.733] [Render thread/DEBUG] [oshi.util.FileUtil/]: Reading file /sys/devices/system/cpu/cpu5/cache/index1/ways_of_associativity
[02Oct2025 21:58:48.733] [Render thread/DEBUG] [oshi.util.FileUtil/]: Reading file /sys/devices/system/cpu/cpu5/cache/index1/coherency_line_size
[02Oct2025 21:58:48.733] [Render thread/DEBUG] [oshi.util.FileUtil/]: Reading file /sys/devices/system/cpu/cpu5/cache/index1/coherency_line_size
[02Oct2025 21:58:48.733] [Render thread/DEBUG] [oshi.util.FileUtil/]: Reading file /sys/devices/system/cpu/cpu5/cache/index1/size
[02Oct2025 21:58:48.733] [Render thread/DEBUG] [oshi.util.FileUtil/]: Reading file /sys/devices/system/cpu/cpu5/cache/index1/size
[02Oct2025 21:58:48.733] [Render thread/DEBUG] [oshi.util.FileUtil/]: Reading file /sys/devices/system/cpu/cpu6/topology/core_id
[02Oct2025 21:58:48.733] [Render thread/DEBUG] [oshi.util.FileUtil/]: Reading file /sys/devices/system/cpu/cpu6/topology/core_id
[02Oct2025 21:58:48.733] [Render thread/DEBUG] [oshi.util.FileUtil/]: Reading file /sys/devices/system/cpu/cpu6/topology/physical_package_id
[02Oct2025 21:58:48.733] [Render thread/DEBUG] [oshi.util.FileUtil/]: Reading file /sys/devices/system/cpu/cpu6/topology/physical_package_id
[02Oct2025 21:58:48.733] [Render thread/DEBUG] [oshi.util.FileUtil/]: Reading file /sys/devices/system/cpu/cpu6/cpu_capacity
[02Oct2025 21:58:48.733] [Render thread/DEBUG] [oshi.util.FileUtil/]: Reading file /sys/devices/system/cpu/cpu6/cpu_capacity
[02Oct2025 21:58:48.734] [Render thread/DEBUG] [oshi.util.FileUtil/]: Reading file /sys/devices/system/cpu/cpu6/cache/index2/level
[02Oct2025 21:58:48.734] [Render thread/DEBUG] [oshi.util.FileUtil/]: Reading file /sys/devices/system/cpu/cpu6/cache/index2/level
[02Oct2025 21:58:48.734] [Render thread/DEBUG] [oshi.util.FileUtil/]: Reading file /sys/devices/system/cpu/cpu6/cache/index2/type
[02Oct2025 21:58:48.734] [Render thread/DEBUG] [oshi.util.FileUtil/]: Reading file /sys/devices/system/cpu/cpu6/cache/index2/type
[02Oct2025 21:58:48.734] [Render thread/DEBUG] [oshi.util.FileUtil/]: Reading file /sys/devices/system/cpu/cpu6/cache/index2/ways_of_associativity
[02Oct2025 21:58:48.734] [Render thread/DEBUG] [oshi.util.FileUtil/]: Reading file /sys/devices/system/cpu/cpu6/cache/index2/ways_of_associativity
[02Oct2025 21:58:48.734] [Render thread/DEBUG] [oshi.util.FileUtil/]: Reading file /sys/devices/system/cpu/cpu6/cache/index2/coherency_line_size
[02Oct2025 21:58:48.734] [Render thread/DEBUG] [oshi.util.FileUtil/]: Reading file /sys/devices/system/cpu/cpu6/cache/index2/coherency_line_size
[02Oct2025 21:58:48.734] [Render thread/DEBUG] [oshi.util.FileUtil/]: Reading file /sys/devices/system/cpu/cpu6/cache/index2/size
[02Oct2025 21:58:48.734] [Render thread/DEBUG] [oshi.util.FileUtil/]: Reading file /sys/devices/system/cpu/cpu6/cache/index2/size
[02Oct2025 21:58:48.734] [Render thread/DEBUG] [oshi.util.FileUtil/]: Reading file /sys/devices/system/cpu/cpu6/cache/index0/level
[02Oct2025 21:58:48.734] [Render thread/DEBUG] [oshi.util.FileUtil/]: Reading file /sys/devices/system/cpu/cpu6/cache/index0/level
[02Oct2025 21:58:48.734] [Render thread/DEBUG] [oshi.util.FileUtil/]: Reading file /sys/devices/system/cpu/cpu6/cache/index0/type
[02Oct2025 21:58:48.734] [Render thread/DEBUG] [oshi.util.FileUtil/]: Reading file /sys/devices/system/cpu/cpu6/cache/index0/type
[02Oct2025 21:58:48.734] [Render thread/DEBUG] [oshi.util.FileUtil/]: Reading file /sys/devices/system/cpu/cpu6/cache/index0/ways_of_associativity
[02Oct2025 21:58:48.734] [Render thread/DEBUG] [oshi.util.FileUtil/]: Reading file /sys/devices/system/cpu/cpu6/cache/index0/ways_of_associativity
[02Oct2025 21:58:48.734] [Render thread/DEBUG] [oshi.util.FileUtil/]: Reading file /sys/devices/system/cpu/cpu6/cache/index0/coherency_line_size
[02Oct2025 21:58:48.734] [Render thread/DEBUG] [oshi.util.FileUtil/]: Reading file /sys/devices/system/cpu/cpu6/cache/index0/coherency_line_size
[02Oct2025 21:58:48.734] [Render thread/DEBUG] [oshi.util.FileUtil/]: Reading file /sys/devices/system/cpu/cpu6/cache/index0/size
[02Oct2025 21:58:48.734] [Render thread/DEBUG] [oshi.util.FileUtil/]: Reading file /sys/devices/system/cpu/cpu6/cache/index0/size
[02Oct2025 21:58:48.734] [Render thread/DEBUG] [oshi.util.FileUtil/]: Reading file /sys/devices/system/cpu/cpu6/cache/index3/level
[02Oct2025 21:58:48.734] [Render thread/DEBUG] [oshi.util.FileUtil/]: Reading file /sys/devices/system/cpu/cpu6/cache/index3/level
[02Oct2025 21:58:48.734] [Render thread/DEBUG] [oshi.util.FileUtil/]: Reading file /sys/devices/system/cpu/cpu6/cache/index3/type
[02Oct2025 21:58:48.734] [Render thread/DEBUG] [oshi.util.FileUtil/]: Reading file /sys/devices/system/cpu/cpu6/cache/index3/type
[02Oct2025 21:58:48.734] [Render thread/DEBUG] [oshi.util.FileUtil/]: Reading file /sys/devices/system/cpu/cpu6/cache/index3/ways_of_associativity
[02Oct2025 21:58:48.734] [Render thread/DEBUG] [oshi.util.FileUtil/]: Reading file /sys/devices/system/cpu/cpu6/cache/index3/ways_of_associativity
[02Oct2025 21:58:48.734] [Render thread/DEBUG] [oshi.util.FileUtil/]: Reading file /sys/devices/system/cpu/cpu6/cache/index3/coherency_line_size
[02Oct2025 21:58:48.734] [Render thread/DEBUG] [oshi.util.FileUtil/]: Reading file /sys/devices/system/cpu/cpu6/cache/index3/coherency_line_size
[02Oct2025 21:58:48.734] [Render thread/DEBUG] [oshi.util.FileUtil/]: Reading file /sys/devices/system/cpu/cpu6/cache/index3/size
[02Oct2025 21:58:48.734] [Render thread/DEBUG] [oshi.util.FileUtil/]: Reading file /sys/devices/system/cpu/cpu6/cache/index3/size
[02Oct2025 21:58:48.734] [Render thread/DEBUG] [oshi.util.FileUtil/]: Reading file /sys/devices/system/cpu/cpu6/cache/index1/level
[02Oct2025 21:58:48.734] [Render thread/DEBUG] [oshi.util.FileUtil/]: Reading file /sys/devices/system/cpu/cpu6/cache/index1/level
[02Oct2025 21:58:48.734] [Render thread/DEBUG] [oshi.util.FileUtil/]: Reading file /sys/devices/system/cpu/cpu6/cache/index1/type
[02Oct2025 21:58:48.734] [Render thread/DEBUG] [oshi.util.FileUtil/]: Reading file /sys/devices/system/cpu/cpu6/cache/index1/type
[02Oct2025 21:58:48.734] [Render thread/DEBUG] [oshi.util.FileUtil/]: Reading file /sys/devices/system/cpu/cpu6/cache/index1/ways_of_associativity
[02Oct2025 21:58:48.734] [Render thread/DEBUG] [oshi.util.FileUtil/]: Reading file /sys/devices/system/cpu/cpu6/cache/index1/ways_of_associativity
[02Oct2025 21:58:48.734] [Render thread/DEBUG] [oshi.util.FileUtil/]: Reading file /sys/devices/system/cpu/cpu6/cache/index1/coherency_line_size
[02Oct2025 21:58:48.734] [Render thread/DEBUG] [oshi.util.FileUtil/]: Reading file /sys/devices/system/cpu/cpu6/cache/index1/coherency_line_size
[02Oct2025 21:58:48.734] [Render thread/DEBUG] [oshi.util.FileUtil/]: Reading file /sys/devices/system/cpu/cpu6/cache/index1/size
[02Oct2025 21:58:48.734] [Render thread/DEBUG] [oshi.util.FileUtil/]: Reading file /sys/devices/system/cpu/cpu6/cache/index1/size
[02Oct2025 21:58:48.734] [Render thread/DEBUG] [oshi.util.FileUtil/]: Reading file /sys/devices/system/cpu/cpu7/topology/core_id
[02Oct2025 21:58:48.734] [Render thread/DEBUG] [oshi.util.FileUtil/]: Reading file /sys/devices/system/cpu/cpu7/topology/core_id
[02Oct2025 21:58:48.734] [Render thread/DEBUG] [oshi.util.FileUtil/]: Reading file /sys/devices/system/cpu/cpu7/topology/physical_package_id
[02Oct2025 21:58:48.734] [Render thread/DEBUG] [oshi.util.FileUtil/]: Reading file /sys/devices/system/cpu/cpu7/topology/physical_package_id
[02Oct2025 21:58:48.734] [Render thread/DEBUG] [oshi.util.FileUtil/]: Reading file /sys/devices/system/cpu/cpu7/cpu_capacity
[02Oct2025 21:58:48.734] [Render thread/DEBUG] [oshi.util.FileUtil/]: Reading file /sys/devices/system/cpu/cpu7/cpu_capacity
[02Oct2025 21:58:48.734] [Render thread/DEBUG] [oshi.util.FileUtil/]: Reading file /sys/devices/system/cpu/cpu7/cache/index2/level
[02Oct2025 21:58:48.734] [Render thread/DEBUG] [oshi.util.FileUtil/]: Reading file /sys/devices/system/cpu/cpu7/cache/index2/level
[02Oct2025 21:58:48.734] [Render thread/DEBUG] [oshi.util.FileUtil/]: Reading file /sys/devices/system/cpu/cpu7/cache/index2/type
[02Oct2025 21:58:48.734] [Render thread/DEBUG] [oshi.util.FileUtil/]: Reading file /sys/devices/system/cpu/cpu7/cache/index2/type
[02Oct2025 21:58:48.734] [Render thread/DEBUG] [oshi.util.FileUtil/]: Reading file /sys/devices/system/cpu/cpu7/cache/index2/ways_of_associativity
[02Oct2025 21:58:48.734] [Render thread/DEBUG] [oshi.util.FileUtil/]: Reading file /sys/devices/system/cpu/cpu7/cache/index2/ways_of_associativity
[02Oct2025 21:58:48.734] [Render thread/DEBUG] [oshi.util.FileUtil/]: Reading file /sys/devices/system/cpu/cpu7/cache/index2/coherency_line_size
[02Oct2025 21:58:48.734] [Render thread/DEBUG] [oshi.util.FileUtil/]: Reading file /sys/devices/system/cpu/cpu7/cache/index2/coherency_line_size
[02Oct2025 21:58:48.734] [Render thread/DEBUG] [oshi.util.FileUtil/]: Reading file /sys/devices/system/cpu/cpu7/cache/index2/size
[02Oct2025 21:58:48.734] [Render thread/DEBUG] [oshi.util.FileUtil/]: Reading file /sys/devices/system/cpu/cpu7/cache/index2/size
[02Oct2025 21:58:48.734] [Render thread/DEBUG] [oshi.util.FileUtil/]: Reading file /sys/devices/system/cpu/cpu7/cache/index0/level
[02Oct2025 21:58:48.734] [Render thread/DEBUG] [oshi.util.FileUtil/]: Reading file /sys/devices/system/cpu/cpu7/cache/index0/level
[02Oct2025 21:58:48.734] [Render thread/DEBUG] [oshi.util.FileUtil/]: Reading file /sys/devices/system/cpu/cpu7/cache/index0/type
[02Oct2025 21:58:48.734] [Render thread/DEBUG] [oshi.util.FileUtil/]: Reading file /sys/devices/system/cpu/cpu7/cache/index0/type
[02Oct2025 21:58:48.734] [Render thread/DEBUG] [oshi.util.FileUtil/]: Reading file /sys/devices/system/cpu/cpu7/cache/index0/ways_of_associativity
[02Oct2025 21:58:48.734] [Render thread/DEBUG] [oshi.util.FileUtil/]: Reading file /sys/devices/system/cpu/cpu7/cache/index0/ways_of_associativity
[02Oct2025 21:58:48.734] [Render thread/DEBUG] [oshi.util.FileUtil/]: Reading file /sys/devices/system/cpu/cpu7/cache/index0/coherency_line_size
[02Oct2025 21:58:48.734] [Render thread/DEBUG] [oshi.util.FileUtil/]: Reading file /sys/devices/system/cpu/cpu7/cache/index0/coherency_line_size
[02Oct2025 21:58:48.734] [Render thread/DEBUG] [oshi.util.FileUtil/]: Reading file /sys/devices/system/cpu/cpu7/cache/index0/size
[02Oct2025 21:58:48.735] [Render thread/DEBUG] [oshi.util.FileUtil/]: Reading file /sys/devices/system/cpu/cpu7/cache/index0/size
[02Oct2025 21:58:48.735] [Render thread/DEBUG] [oshi.util.FileUtil/]: Reading file /sys/devices/system/cpu/cpu7/cache/index3/level
[02Oct2025 21:58:48.735] [Render thread/DEBUG] [oshi.util.FileUtil/]: Reading file /sys/devices/system/cpu/cpu7/cache/index3/level
[02Oct2025 21:58:48.735] [Render thread/DEBUG] [oshi.util.FileUtil/]: Reading file /sys/devices/system/cpu/cpu7/cache/index3/type
[02Oct2025 21:58:48.735] [Render thread/DEBUG] [oshi.util.FileUtil/]: Reading file /sys/devices/system/cpu/cpu7/cache/index3/type
[02Oct2025 21:58:48.735] [Render thread/DEBUG] [oshi.util.FileUtil/]: Reading file /sys/devices/system/cpu/cpu7/cache/index3/ways_of_associativity
[02Oct2025 21:58:48.735] [Render thread/DEBUG] [oshi.util.FileUtil/]: Reading file /sys/devices/system/cpu/cpu7/cache/index3/ways_of_associativity
[02Oct2025 21:58:48.735] [Render thread/DEBUG] [oshi.util.FileUtil/]: Reading file /sys/devices/system/cpu/cpu7/cache/index3/coherency_line_size
[02Oct2025 21:58:48.735] [Render thread/DEBUG] [oshi.util.FileUtil/]: Reading file /sys/devices/system/cpu/cpu7/cache/index3/coherency_line_size
[02Oct2025 21:58:48.735] [Render thread/DEBUG] [oshi.util.FileUtil/]: Reading file /sys/devices/system/cpu/cpu7/cache/index3/size
[02Oct2025 21:58:48.735] [Render thread/DEBUG] [oshi.util.FileUtil/]: Reading file /sys/devices/system/cpu/cpu7/cache/index3/size
[02Oct2025 21:58:48.735] [Render thread/DEBUG] [oshi.util.FileUtil/]: Reading file /sys/devices/system/cpu/cpu7/cache/index1/level
[02Oct2025 21:58:48.735] [Render thread/DEBUG] [oshi.util.FileUtil/]: Reading file /sys/devices/system/cpu/cpu7/cache/index1/level
[02Oct2025 21:58:48.735] [Render thread/DEBUG] [oshi.util.FileUtil/]: Reading file /sys/devices/system/cpu/cpu7/cache/index1/type
[02Oct2025 21:58:48.735] [Render thread/DEBUG] [oshi.util.FileUtil/]: Reading file /sys/devices/system/cpu/cpu7/cache/index1/type
[02Oct2025 21:58:48.735] [Render thread/DEBUG] [oshi.util.FileUtil/]: Reading file /sys/devices/system/cpu/cpu7/cache/index1/ways_of_associativity
[02Oct2025 21:58:48.735] [Render thread/DEBUG] [oshi.util.FileUtil/]: Reading file /sys/devices/system/cpu/cpu7/cache/index1/ways_of_associativity
[02Oct2025 21:58:48.735] [Render thread/DEBUG] [oshi.util.FileUtil/]: Reading file /sys/devices/system/cpu/cpu7/cache/index1/coherency_line_size
[02Oct2025 21:58:48.735] [Render thread/DEBUG] [oshi.util.FileUtil/]: Reading file /sys/devices/system/cpu/cpu7/cache/index1/coherency_line_size
[02Oct2025 21:58:48.735] [Render thread/DEBUG] [oshi.util.FileUtil/]: Reading file /sys/devices/system/cpu/cpu7/cache/index1/size
[02Oct2025 21:58:48.735] [Render thread/DEBUG] [oshi.util.FileUtil/]: Reading file /sys/devices/system/cpu/cpu7/cache/index1/size
[02Oct2025 21:58:48.735] [Render thread/DEBUG] [oshi.util.FileUtil/]: Reading file /sys/devices/system/cpu/cpu8/topology/core_id
[02Oct2025 21:58:48.735] [Render thread/DEBUG] [oshi.util.FileUtil/]: Reading file /sys/devices/system/cpu/cpu8/topology/core_id
[02Oct2025 21:58:48.735] [Render thread/DEBUG] [oshi.util.FileUtil/]: Reading file /sys/devices/system/cpu/cpu8/topology/physical_package_id
[02Oct2025 21:58:48.735] [Render thread/DEBUG] [oshi.util.FileUtil/]: Reading file /sys/devices/system/cpu/cpu8/topology/physical_package_id
[02Oct2025 21:58:48.735] [Render thread/DEBUG] [oshi.util.FileUtil/]: Reading file /sys/devices/system/cpu/cpu8/cpu_capacity
[02Oct2025 21:58:48.735] [Render thread/DEBUG] [oshi.util.FileUtil/]: Reading file /sys/devices/system/cpu/cpu8/cpu_capacity
[02Oct2025 21:58:48.735] [Render thread/DEBUG] [oshi.util.FileUtil/]: Reading file /sys/devices/system/cpu/cpu8/cache/index2/level
[02Oct2025 21:58:48.735] [Render thread/DEBUG] [oshi.util.FileUtil/]: Reading file /sys/devices/system/cpu/cpu8/cache/index2/level
[02Oct2025 21:58:48.735] [Render thread/DEBUG] [oshi.util.FileUtil/]: Reading file /sys/devices/system/cpu/cpu8/cache/index2/type
[02Oct2025 21:58:48.735] [Render thread/DEBUG] [oshi.util.FileUtil/]: Reading file /sys/devices/system/cpu/cpu8/cache/index2/type
[02Oct2025 21:58:48.735] [Render thread/DEBUG] [oshi.util.FileUtil/]: Reading file /sys/devices/system/cpu/cpu8/cache/index2/ways_of_associativity
[02Oct2025 21:58:48.735] [Render thread/DEBUG] [oshi.util.FileUtil/]: Reading file /sys/devices/system/cpu/cpu8/cache/index2/ways_of_associativity
[02Oct2025 21:58:48.735] [Render thread/DEBUG] [oshi.util.FileUtil/]: Reading file /sys/devices/system/cpu/cpu8/cache/index2/coherency_line_size
[02Oct2025 21:58:48.735] [Render thread/DEBUG] [oshi.util.FileUtil/]: Reading file /sys/devices/system/cpu/cpu8/cache/index2/coherency_line_size
[02Oct2025 21:58:48.735] [Render thread/DEBUG] [oshi.util.FileUtil/]: Reading file /sys/devices/system/cpu/cpu8/cache/index2/size
[02Oct2025 21:58:48.735] [Render thread/DEBUG] [oshi.util.FileUtil/]: Reading file /sys/devices/system/cpu/cpu8/cache/index2/size
[02Oct2025 21:58:48.735] [Render thread/DEBUG] [oshi.util.FileUtil/]: Reading file /sys/devices/system/cpu/cpu8/cache/index0/level
[02Oct2025 21:58:48.735] [Render thread/DEBUG] [oshi.util.FileUtil/]: Reading file /sys/devices/system/cpu/cpu8/cache/index0/level
[02Oct2025 21:58:48.735] [Render thread/DEBUG] [oshi.util.FileUtil/]: Reading file /sys/devices/system/cpu/cpu8/cache/index0/type
[02Oct2025 21:58:48.735] [Render thread/DEBUG] [oshi.util.FileUtil/]: Reading file /sys/devices/system/cpu/cpu8/cache/index0/type
[02Oct2025 21:58:48.735] [Render thread/DEBUG] [oshi.util.FileUtil/]: Reading file /sys/devices/system/cpu/cpu8/cache/index0/ways_of_associativity
[02Oct2025 21:58:48.735] [Render thread/DEBUG] [oshi.util.FileUtil/]: Reading file /sys/devices/system/cpu/cpu8/cache/index0/ways_of_associativity
[02Oct2025 21:58:48.735] [Render thread/DEBUG] [oshi.util.FileUtil/]: Reading file /sys/devices/system/cpu/cpu8/cache/index0/coherency_line_size
[02Oct2025 21:58:48.735] [Render thread/DEBUG] [oshi.util.FileUtil/]: Reading file /sys/devices/system/cpu/cpu8/cache/index0/coherency_line_size
[02Oct2025 21:58:48.735] [Render thread/DEBUG] [oshi.util.FileUtil/]: Reading file /sys/devices/system/cpu/cpu8/cache/index0/size
[02Oct2025 21:58:48.735] [Render thread/DEBUG] [oshi.util.FileUtil/]: Reading file /sys/devices/system/cpu/cpu8/cache/index0/size
[02Oct2025 21:58:48.735] [Render thread/DEBUG] [oshi.util.FileUtil/]: Reading file /sys/devices/system/cpu/cpu8/cache/index3/level
[02Oct2025 21:58:48.735] [Render thread/DEBUG] [oshi.util.FileUtil/]: Reading file /sys/devices/system/cpu/cpu8/cache/index3/level
[02Oct2025 21:58:48.735] [Render thread/DEBUG] [oshi.util.FileUtil/]: Reading file /sys/devices/system/cpu/cpu8/cache/index3/type
[02Oct2025 21:58:48.735] [Render thread/DEBUG] [oshi.util.FileUtil/]: Reading file /sys/devices/system/cpu/cpu8/cache/index3/type
[02Oct2025 21:58:48.735] [Render thread/DEBUG] [oshi.util.FileUtil/]: Reading file /sys/devices/system/cpu/cpu8/cache/index3/ways_of_associativity
[02Oct2025 21:58:48.735] [Render thread/DEBUG] [oshi.util.FileUtil/]: Reading file /sys/devices/system/cpu/cpu8/cache/index3/ways_of_associativity
[02Oct2025 21:58:48.735] [Render thread/DEBUG] [oshi.util.FileUtil/]: Reading file /sys/devices/system/cpu/cpu8/cache/index3/coherency_line_size
[02Oct2025 21:58:48.735] [Render thread/DEBUG] [oshi.util.FileUtil/]: Reading file /sys/devices/system/cpu/cpu8/cache/index3/coherency_line_size
[02Oct2025 21:58:48.735] [Render thread/DEBUG] [oshi.util.FileUtil/]: Reading file /sys/devices/system/cpu/cpu8/cache/index3/size
[02Oct2025 21:58:48.735] [Render thread/DEBUG] [oshi.util.FileUtil/]: Reading file /sys/devices/system/cpu/cpu8/cache/index3/size
[02Oct2025 21:58:48.735] [Render thread/DEBUG] [oshi.util.FileUtil/]: Reading file /sys/devices/system/cpu/cpu8/cache/index1/level
[02Oct2025 21:58:48.735] [Render thread/DEBUG] [oshi.util.FileUtil/]: Reading file /sys/devices/system/cpu/cpu8/cache/index1/level
[02Oct2025 21:58:48.735] [Render thread/DEBUG] [oshi.util.FileUtil/]: Reading file /sys/devices/system/cpu/cpu8/cache/index1/type
[02Oct2025 21:58:48.735] [Render thread/DEBUG] [oshi.util.FileUtil/]: Reading file /sys/devices/system/cpu/cpu8/cache/index1/type
[02Oct2025 21:58:48.735] [Render thread/DEBUG] [oshi.util.FileUtil/]: Reading file /sys/devices/system/cpu/cpu8/cache/index1/ways_of_associativity
[02Oct2025 21:58:48.735] [Render thread/DEBUG] [oshi.util.FileUtil/]: Reading file /sys/devices/system/cpu/cpu8/cache/index1/ways_of_associativity
[02Oct2025 21:58:48.735] [Render thread/DEBUG] [oshi.util.FileUtil/]: Reading file /sys/devices/system/cpu/cpu8/cache/index1/coherency_line_size
[02Oct2025 21:58:48.735] [Render thread/DEBUG] [oshi.util.FileUtil/]: Reading file /sys/devices/system/cpu/cpu8/cache/index1/coherency_line_size
[02Oct2025 21:58:48.735] [Render thread/DEBUG] [oshi.util.FileUtil/]: Reading file /sys/devices/system/cpu/cpu8/cache/index1/size
[02Oct2025 21:58:48.735] [Render thread/DEBUG] [oshi.util.FileUtil/]: Reading file /sys/devices/system/cpu/cpu8/cache/index1/size
[02Oct2025 21:58:48.736] [Render thread/DEBUG] [oshi.util.FileUtil/]: Reading file /sys/devices/system/cpu/cpu9/topology/core_id
[02Oct2025 21:58:48.736] [Render thread/DEBUG] [oshi.util.FileUtil/]: Reading file /sys/devices/system/cpu/cpu9/topology/core_id
[02Oct2025 21:58:48.736] [Render thread/DEBUG] [oshi.util.FileUtil/]: Reading file /sys/devices/system/cpu/cpu9/topology/physical_package_id
[02Oct2025 21:58:48.736] [Render thread/DEBUG] [oshi.util.FileUtil/]: Reading file /sys/devices/system/cpu/cpu9/topology/physical_package_id
[02Oct2025 21:58:48.736] [Render thread/DEBUG] [oshi.util.FileUtil/]: Reading file /sys/devices/system/cpu/cpu9/cpu_capacity
[02Oct2025 21:58:48.736] [Render thread/DEBUG] [oshi.util.FileUtil/]: Reading file /sys/devices/system/cpu/cpu9/cpu_capacity
[02Oct2025 21:58:48.736] [Render thread/DEBUG] [oshi.util.FileUtil/]: Reading file /sys/devices/system/cpu/cpu9/cache/index2/level
[02Oct2025 21:58:48.736] [Render thread/DEBUG] [oshi.util.FileUtil/]: Reading file /sys/devices/system/cpu/cpu9/cache/index2/level
[02Oct2025 21:58:48.736] [Render thread/DEBUG] [oshi.util.FileUtil/]: Reading file /sys/devices/system/cpu/cpu9/cache/index2/type
[02Oct2025 21:58:48.736] [Render thread/DEBUG] [oshi.util.FileUtil/]: Reading file /sys/devices/system/cpu/cpu9/cache/index2/type
[02Oct2025 21:58:48.736] [Render thread/DEBUG] [oshi.util.FileUtil/]: Reading file /sys/devices/system/cpu/cpu9/cache/index2/ways_of_associativity
[02Oct2025 21:58:48.736] [Render thread/DEBUG] [oshi.util.FileUtil/]: Reading file /sys/devices/system/cpu/cpu9/cache/index2/ways_of_associativity
[02Oct2025 21:58:48.736] [Render thread/DEBUG] [oshi.util.FileUtil/]: Reading file /sys/devices/system/cpu/cpu9/cache/index2/coherency_line_size
[02Oct2025 21:58:48.736] [Render thread/DEBUG] [oshi.util.FileUtil/]: Reading file /sys/devices/system/cpu/cpu9/cache/index2/coherency_line_size
[02Oct2025 21:58:48.736] [Render thread/DEBUG] [oshi.util.FileUtil/]: Reading file /sys/devices/system/cpu/cpu9/cache/index2/size
[02Oct2025 21:58:48.736] [Render thread/DEBUG] [oshi.util.FileUtil/]: Reading file /sys/devices/system/cpu/cpu9/cache/index2/size
[02Oct2025 21:58:48.736] [Render thread/DEBUG] [oshi.util.FileUtil/]: Reading file /sys/devices/system/cpu/cpu9/cache/index0/level
[02Oct2025 21:58:48.736] [Render thread/DEBUG] [oshi.util.FileUtil/]: Reading file /sys/devices/system/cpu/cpu9/cache/index0/level
[02Oct2025 21:58:48.736] [Render thread/DEBUG] [oshi.util.FileUtil/]: Reading file /sys/devices/system/cpu/cpu9/cache/index0/type
[02Oct2025 21:58:48.736] [Render thread/DEBUG] [oshi.util.FileUtil/]: Reading file /sys/devices/system/cpu/cpu9/cache/index0/type
[02Oct2025 21:58:48.736] [Render thread/DEBUG] [oshi.util.FileUtil/]: Reading file /sys/devices/system/cpu/cpu9/cache/index0/ways_of_associativity
[02Oct2025 21:58:48.736] [Render thread/DEBUG] [oshi.util.FileUtil/]: Reading file /sys/devices/system/cpu/cpu9/cache/index0/ways_of_associativity
[02Oct2025 21:58:48.736] [Render thread/DEBUG] [oshi.util.FileUtil/]: Reading file /sys/devices/system/cpu/cpu9/cache/index0/coherency_line_size
[02Oct2025 21:58:48.736] [Render thread/DEBUG] [oshi.util.FileUtil/]: Reading file /sys/devices/system/cpu/cpu9/cache/index0/coherency_line_size
[02Oct2025 21:58:48.736] [Render thread/DEBUG] [oshi.util.FileUtil/]: Reading file /sys/devices/system/cpu/cpu9/cache/index0/size
[02Oct2025 21:58:48.736] [Render thread/DEBUG] [oshi.util.FileUtil/]: Reading file /sys/devices/system/cpu/cpu9/cache/index0/size
[02Oct2025 21:58:48.736] [Render thread/DEBUG] [oshi.util.FileUtil/]: Reading file /sys/devices/system/cpu/cpu9/cache/index3/level
[02Oct2025 21:58:48.736] [Render thread/DEBUG] [oshi.util.FileUtil/]: Reading file /sys/devices/system/cpu/cpu9/cache/index3/level
[02Oct2025 21:58:48.736] [Render thread/DEBUG] [oshi.util.FileUtil/]: Reading file /sys/devices/system/cpu/cpu9/cache/index3/type
[02Oct2025 21:58:48.736] [Render thread/DEBUG] [oshi.util.FileUtil/]: Reading file /sys/devices/system/cpu/cpu9/cache/index3/type
[02Oct2025 21:58:48.736] [Render thread/DEBUG] [oshi.util.FileUtil/]: Reading file /sys/devices/system/cpu/cpu9/cache/index3/ways_of_associativity
[02Oct2025 21:58:48.736] [Render thread/DEBUG] [oshi.util.FileUtil/]: Reading file /sys/devices/system/cpu/cpu9/cache/index3/ways_of_associativity
[02Oct2025 21:58:48.736] [Render thread/DEBUG] [oshi.util.FileUtil/]: Reading file /sys/devices/system/cpu/cpu9/cache/index3/coherency_line_size
[02Oct2025 21:58:48.736] [Render thread/DEBUG] [oshi.util.FileUtil/]: Reading file /sys/devices/system/cpu/cpu9/cache/index3/coherency_line_size
[02Oct2025 21:58:48.736] [Render thread/DEBUG] [oshi.util.FileUtil/]: Reading file /sys/devices/system/cpu/cpu9/cache/index3/size
[02Oct2025 21:58:48.736] [Render thread/DEBUG] [oshi.util.FileUtil/]: Reading file /sys/devices/system/cpu/cpu9/cache/index3/size
[02Oct2025 21:58:48.736] [Render thread/DEBUG] [oshi.util.FileUtil/]: Reading file /sys/devices/system/cpu/cpu9/cache/index1/level
[02Oct2025 21:58:48.736] [Render thread/DEBUG] [oshi.util.FileUtil/]: Reading file /sys/devices/system/cpu/cpu9/cache/index1/level
[02Oct2025 21:58:48.736] [Render thread/DEBUG] [oshi.util.FileUtil/]: Reading file /sys/devices/system/cpu/cpu9/cache/index1/type
[02Oct2025 21:58:48.736] [Render thread/DEBUG] [oshi.util.FileUtil/]: Reading file /sys/devices/system/cpu/cpu9/cache/index1/type
[02Oct2025 21:58:48.736] [Render thread/DEBUG] [oshi.util.FileUtil/]: Reading file /sys/devices/system/cpu/cpu9/cache/index1/ways_of_associativity
[02Oct2025 21:58:48.736] [Render thread/DEBUG] [oshi.util.FileUtil/]: Reading file /sys/devices/system/cpu/cpu9/cache/index1/ways_of_associativity
[02Oct2025 21:58:48.736] [Render thread/DEBUG] [oshi.util.FileUtil/]: Reading file /sys/devices/system/cpu/cpu9/cache/index1/coherency_line_size
[02Oct2025 21:58:48.736] [Render thread/DEBUG] [oshi.util.FileUtil/]: Reading file /sys/devices/system/cpu/cpu9/cache/index1/coherency_line_size
[02Oct2025 21:58:48.736] [Render thread/DEBUG] [oshi.util.FileUtil/]: Reading file /sys/devices/system/cpu/cpu9/cache/index1/size
[02Oct2025 21:58:48.736] [Render thread/DEBUG] [oshi.util.FileUtil/]: Reading file /sys/devices/system/cpu/cpu9/cache/index1/size
[02Oct2025 21:58:48.737] [Render thread/DEBUG] [oshi.util.FileUtil/]: Reading file /proc/cpuinfo
[02Oct2025 21:58:48.740] [Render thread/DEBUG] [oshi.util.FileUtil/]: Reading file /proc/self/auxv
[02Oct2025 21:58:48.771] [Render thread/DEBUG] [net.neoforged.fml.ModWorkManager/LOADING]: Using 16 threads for parallel mod-loading
[02Oct2025 21:58:48.783] [Render thread/DEBUG] [net.neoforged.fml.javafmlmod.FMLModContainer/LOADING]: Creating FMLModContainer instance for [dev.emi.emi.platform.neoforge.EmiNeoForge]
[02Oct2025 21:58:48.784] [Render thread/DEBUG] [net.neoforged.fml.javafmlmod.FMLModContainer/LOADING]: Creating FMLModContainer instance for [generatedgenerated_192f02b.generated_192f02b]
[02Oct2025 21:58:48.784] [Render thread/DEBUG] [net.neoforged.fml.javafmlmod.FMLModContainer/LOADING]: Creating FMLModContainer instance for [xaero.minimap.XaeroMinimapNeoForge]
[02Oct2025 21:58:48.785] [Render thread/DEBUG] [net.neoforged.fml.javafmlmod.FMLModContainer/LOADING]: Creating FMLModContainer instance for [dev.architectury.neoforge.ArchitecturyNeoForge]
[02Oct2025 21:58:48.785] [Render thread/DEBUG] [net.neoforged.fml.javafmlmod.FMLModContainer/LOADING]: Creating FMLModContainer instance for [dev.ftb.mods.ftblibrary.neoforge.FTBLibraryNeoForge]
[02Oct2025 21:58:48.785] [Render thread/DEBUG] [net.neoforged.fml.javafmlmod.FMLModContainer/LOADING]: Creating FMLModContainer instance for [dev.ftb.mods.ftbteams.neoforge.FTBTeamsNeoForge]
[02Oct2025 21:58:48.786] [Render thread/DEBUG] [net.neoforged.fml.javafmlmod.FMLModContainer/LOADING]: Creating FMLModContainer instance for [dev.ftb.mods.ftbchunks.neoforge.FTBChunksForge]
[02Oct2025 21:58:48.786] [Render thread/DEBUG] [net.neoforged.fml.javafmlmod.FMLModContainer/LOADING]: Creating FMLModContainer instance for [dev.satherov.ftbxaerocompat.neoforge.FTBXaeroCompatNeoForge, dev.satherov.ftbxaerocompat.neoforge.FTBXaeroCompatNeoForgeClient]
[02Oct2025 21:58:48.786] [Render thread/DEBUG] [net.neoforged.fml.javafmlmod.FMLModContainer/LOADING]: Creating FMLModContainer instance for [xaero.map.WorldMapNeoForge]
[02Oct2025 21:58:48.787] [Render thread/DEBUG] [net.neoforged.fml.javafmlmod.FMLModContainer/LOADING]: Creating FMLModContainer instance for [net.neoforged.neoforge.common.NeoForgeMod, net.neoforged.neoforge.client.ClientNeoForgeMod]
[02Oct2025 21:58:48.790] [modloading-worker-0/DEBUG] [net.neoforged.fml.javafmlmod.AutomaticEventSubscriber/LOADING]: Attempting to inject @EventBusSubscriber classes into the eventbus for generated_192f02b
[02Oct2025 21:58:48.795] [modloading-worker-0/DEBUG] [xaero.map.WorldMap/]: Loaded xaero.map.platform.services.NeoForgePlatformHelper@53a8c597 for service interface xaero.map.platform.services.IPlatformHelper
[02Oct2025 21:58:48.796] [modloading-worker-0/DEBUG] [net.neoforged.fml.javafmlmod.AutomaticEventSubscriber/LOADING]: Attempting to inject @EventBusSubscriber classes into the eventbus for emi
[02Oct2025 21:58:48.796] [modloading-worker-0/DEBUG] [net.neoforged.fml.javafmlmod.AutomaticEventSubscriber/LOADING]: Scanning class dev.emi.emi.platform.neoforge.EmiClientNeoForge for @SubscribeEvent-annotated methods
[02Oct2025 21:58:48.800] [modloading-worker-0/DEBUG] [net.neoforged.neoforge.internal.versions.neoforge.NeoForgeVersion/CORE]: Found NeoForge version 21.1.209
[02Oct2025 21:58:48.801] [modloading-worker-0/DEBUG] [net.neoforged.neoforge.internal.versions.neoforge.NeoForgeVersion/CORE]: Found FML version 4.0.41
[02Oct2025 21:58:48.801] [modloading-worker-0/INFO] [net.neoforged.neoforge.common.NeoForgeMod/NEOFORGE-MOD]: NeoForge mod loading, version 21.1.209, for MC 1.21.1
[02Oct2025 21:58:48.802] [modloading-worker-0/DEBUG] [net.neoforged.fml.javafmlmod.AutomaticEventSubscriber/]: Subscribing @EventBusSubscriber class Ldev/emi/emi/platform/neoforge/EmiClientNeoForge; to the mod event bus of mod emi
[02Oct2025 21:58:48.809] [modloading-worker-0/DEBUG] [net.neoforged.fml.javafmlmod.AutomaticEventSubscriber/LOADING]: Attempting to inject @EventBusSubscriber classes into the eventbus for xaerominimap
[02Oct2025 21:58:48.810] [modloading-worker-0/DEBUG] [net.neoforged.fml.javafmlmod.AutomaticEventSubscriber/LOADING]: Attempting to inject @EventBusSubscriber classes into the eventbus for xaeroworldmap
[02Oct2025 21:58:48.812] [modloading-worker-0/DEBUG] [net.neoforged.fml.config.ConfigTracker/CONFIG]: Config file neoforge-client.toml for neoforge tracking
[02Oct2025 21:58:48.812] [modloading-worker-0/DEBUG] [net.neoforged.fml.config.ConfigTracker/CONFIG]: Config file neoforge-server.toml for neoforge tracking
[02Oct2025 21:58:48.812] [modloading-worker-0/DEBUG] [net.neoforged.fml.config.ConfigTracker/CONFIG]: Config file neoforge-common.toml for neoforge tracking
[02Oct2025 21:58:48.826] [modloading-worker-0/DEBUG] [net.neoforged.fml.javafmlmod.AutomaticEventSubscriber/LOADING]: Attempting to inject @EventBusSubscriber classes into the eventbus for architectury
[02Oct2025 21:58:48.841] [modloading-worker-0/DEBUG] [net.neoforged.fml.javafmlmod.AutomaticEventSubscriber/LOADING]: Attempting to inject @EventBusSubscriber classes into the eventbus for neoforge
[02Oct2025 21:58:48.841] [modloading-worker-0/DEBUG] [net.neoforged.fml.javafmlmod.AutomaticEventSubscriber/LOADING]: Scanning class net.neoforged.neoforge.attachment.AttachmentInternals for @SubscribeEvent-annotated methods
[02Oct2025 21:58:48.842] [modloading-worker-0/DEBUG] [net.neoforged.fml.javafmlmod.AutomaticEventSubscriber/]: Subscribing @EventBusSubscriber class Lnet/neoforged/neoforge/attachment/AttachmentInternals; to the game event bus
[02Oct2025 21:58:48.842] [modloading-worker-0/DEBUG] [net.neoforged.fml.javafmlmod.AutomaticEventSubscriber/LOADING]: Scanning class net.neoforged.neoforge.attachment.AttachmentSync for @SubscribeEvent-annotated methods
[02Oct2025 21:58:48.844] [modloading-worker-0/DEBUG] [net.neoforged.fml.javafmlmod.AutomaticEventSubscriber/]: Subscribing @EventBusSubscriber class Lnet/neoforged/neoforge/attachment/AttachmentSync; to the game event bus
[02Oct2025 21:58:48.844] [modloading-worker-0/DEBUG] [net.neoforged.fml.javafmlmod.AutomaticEventSubscriber/LOADING]: Scanning class net.neoforged.neoforge.server.command.ConfigCommand for @SubscribeEvent-annotated methods
[02Oct2025 21:58:48.844] [modloading-worker-0/DEBUG] [net.neoforged.fml.javafmlmod.AutomaticEventSubscriber/]: Subscribing @EventBusSubscriber class Lnet/neoforged/neoforge/server/command/ConfigCommand; to the game event bus
[02Oct2025 21:58:48.844] [modloading-worker-0/DEBUG] [net.neoforged.fml.javafmlmod.AutomaticEventSubscriber/LOADING]: Scanning class net.neoforged.neoforge.common.MonsterRoomHooks for @SubscribeEvent-annotated methods
[02Oct2025 21:58:48.845] [modloading-worker-0/DEBUG] [net.neoforged.fml.javafmlmod.AutomaticEventSubscriber/]: Subscribing @EventBusSubscriber class Lnet/neoforged/neoforge/common/MonsterRoomHooks; to the game event bus
[02Oct2025 21:58:48.845] [modloading-worker-0/DEBUG] [net.neoforged.fml.javafmlmod.AutomaticEventSubscriber/LOADING]: Scanning class net.neoforged.neoforge.common.DeferredSpawnEggItem$CommonHandler for @SubscribeEvent-annotated methods
[02Oct2025 21:58:48.845] [modloading-worker-0/DEBUG] [net.neoforged.fml.javafmlmod.AutomaticEventSubscriber/]: Subscribing @EventBusSubscriber class Lnet/neoforged/neoforge/common/DeferredSpawnEggItem$CommonHandler; to the mod event bus of mod neoforge
[02Oct2025 21:58:48.845] [modloading-worker-0/DEBUG] [net.neoforged.fml.javafmlmod.AutomaticEventSubscriber/LOADING]: Scanning class net.neoforged.neoforge.common.DeferredSpawnEggItem$ColorRegisterHandler for @SubscribeEvent-annotated methods
[02Oct2025 21:58:48.846] [modloading-worker-0/DEBUG] [net.neoforged.fml.javafmlmod.AutomaticEventSubscriber/]: Subscribing @EventBusSubscriber class Lnet/neoforged/neoforge/common/DeferredSpawnEggItem$ColorRegisterHandler; to the mod event bus of mod neoforge
[02Oct2025 21:58:48.846] [modloading-worker-0/DEBUG] [net.neoforged.fml.javafmlmod.AutomaticEventSubscriber/LOADING]: Scanning class net.neoforged.neoforge.client.ParticleBoundsDebugRenderer for @SubscribeEvent-annotated methods
[02Oct2025 21:58:48.847] [modloading-worker-0/DEBUG] [net.neoforged.fml.javafmlmod.AutomaticEventSubscriber/]: Subscribing @EventBusSubscriber class Lnet/neoforged/neoforge/client/ParticleBoundsDebugRenderer; to the game event bus
[02Oct2025 21:58:48.847] [modloading-worker-0/DEBUG] [net.neoforged.fml.javafmlmod.AutomaticEventSubscriber/LOADING]: Scanning class net.neoforged.neoforge.client.BlockEntityRenderBoundsDebugRenderer for @SubscribeEvent-annotated methods
[02Oct2025 21:58:48.847] [modloading-worker-0/DEBUG] [FTB Library/]: tracking config ftblibrary-startup, loaded from /data/ssd1/intelliJ/ftbxaerocompat/neoforge/run/config/ftblibrary-startup.snbt
[02Oct2025 21:58:48.847] [modloading-worker-0/DEBUG] [net.neoforged.fml.javafmlmod.AutomaticEventSubscriber/]: Subscribing @EventBusSubscriber class Lnet/neoforged/neoforge/client/BlockEntityRenderBoundsDebugRenderer; to the game event bus
[02Oct2025 21:58:48.848] [modloading-worker-0/DEBUG] [net.neoforged.fml.javafmlmod.AutomaticEventSubscriber/LOADING]: Scanning class net.neoforged.neoforge.client.ClientHooks$ClientEvents for @SubscribeEvent-annotated methods
[02Oct2025 21:58:48.849] [modloading-worker-0/DEBUG] [net.neoforged.fml.javafmlmod.AutomaticEventSubscriber/]: Subscribing @EventBusSubscriber class Lnet/neoforged/neoforge/client/ClientHooks$ClientEvents; to the mod event bus of mod neoforge
[02Oct2025 21:58:48.850] [modloading-worker-0/DEBUG] [net.neoforged.fml.javafmlmod.AutomaticEventSubscriber/LOADING]: Scanning class net.neoforged.neoforge.client.model.data.ModelDataManager for @SubscribeEvent-annotated methods
[02Oct2025 21:58:48.851] [modloading-worker-0/DEBUG] [net.neoforged.fml.javafmlmod.AutomaticEventSubscriber/]: Subscribing @EventBusSubscriber class Lnet/neoforged/neoforge/client/model/data/ModelDataManager; to the game event bus
[02Oct2025 21:58:48.851] [modloading-worker-0/DEBUG] [net.neoforged.fml.javafmlmod.AutomaticEventSubscriber/LOADING]: Scanning class net.neoforged.neoforge.network.ConfigurationInitialization for @SubscribeEvent-annotated methods
[02Oct2025 21:58:48.852] [modloading-worker-0/DEBUG] [net.neoforged.fml.javafmlmod.AutomaticEventSubscriber/]: Subscribing @EventBusSubscriber class Lnet/neoforged/neoforge/network/ConfigurationInitialization; to the mod event bus of mod neoforge
[02Oct2025 21:58:48.852] [modloading-worker-0/DEBUG] [net.neoforged.fml.javafmlmod.AutomaticEventSubscriber/LOADING]: Scanning class net.neoforged.neoforge.network.filters.GenericPacketSplitter for @SubscribeEvent-annotated methods
[02Oct2025 21:58:48.865] [modloading-worker-0/DEBUG] [io.netty.buffer.AbstractByteBuf/]: -Dio.netty.buffer.checkAccessible: true
[02Oct2025 21:58:48.865] [modloading-worker-0/DEBUG] [io.netty.buffer.AbstractByteBuf/]: -Dio.netty.buffer.checkBounds: true
[02Oct2025 21:58:48.865] [modloading-worker-0/DEBUG] [io.netty.util.ResourceLeakDetectorFactory/]: Loaded default ResourceLeakDetector: io.netty.util.ResourceLeakDetector@648aad5b
[02Oct2025 21:58:48.869] [modloading-worker-0/DEBUG] [io.netty.util.internal.InternalThreadLocalMap/]: -Dio.netty.threadLocalMap.stringBuilder.initialSize: 1024
[02Oct2025 21:58:48.869] [modloading-worker-0/DEBUG] [io.netty.util.internal.InternalThreadLocalMap/]: -Dio.netty.threadLocalMap.stringBuilder.maxSize: 4096
[02Oct2025 21:58:48.871] [modloading-worker-0/DEBUG] [io.netty.buffer.PooledByteBufAllocator/]: -Dio.netty.allocator.numHeapArenas: 32
[02Oct2025 21:58:48.871] [modloading-worker-0/DEBUG] [io.netty.buffer.PooledByteBufAllocator/]: -Dio.netty.allocator.numDirectArenas: 32
[02Oct2025 21:58:48.871] [modloading-worker-0/DEBUG] [io.netty.buffer.PooledByteBufAllocator/]: -Dio.netty.allocator.pageSize: 8192
[02Oct2025 21:58:48.871] [modloading-worker-0/DEBUG] [io.netty.buffer.PooledByteBufAllocator/]: -Dio.netty.allocator.maxOrder: 9
[02Oct2025 21:58:48.871] [modloading-worker-0/DEBUG] [io.netty.buffer.PooledByteBufAllocator/]: -Dio.netty.allocator.chunkSize: 4194304
[02Oct2025 21:58:48.871] [modloading-worker-0/DEBUG] [io.netty.buffer.PooledByteBufAllocator/]: -Dio.netty.allocator.smallCacheSize: 256
[02Oct2025 21:58:48.871] [modloading-worker-0/DEBUG] [io.netty.buffer.PooledByteBufAllocator/]: -Dio.netty.allocator.normalCacheSize: 64
[02Oct2025 21:58:48.871] [modloading-worker-0/DEBUG] [io.netty.buffer.PooledByteBufAllocator/]: -Dio.netty.allocator.maxCachedBufferCapacity: 32768
[02Oct2025 21:58:48.871] [modloading-worker-0/DEBUG] [io.netty.buffer.PooledByteBufAllocator/]: -Dio.netty.allocator.cacheTrimInterval: 8192
[02Oct2025 21:58:48.871] [modloading-worker-0/DEBUG] [io.netty.buffer.PooledByteBufAllocator/]: -Dio.netty.allocator.cacheTrimIntervalMillis: 0
[02Oct2025 21:58:48.871] [modloading-worker-0/DEBUG] [io.netty.buffer.PooledByteBufAllocator/]: -Dio.netty.allocator.useCacheForAllThreads: false
[02Oct2025 21:58:48.871] [modloading-worker-0/DEBUG] [io.netty.buffer.PooledByteBufAllocator/]: -Dio.netty.allocator.maxCachedByteBuffersPerChunk: 1023
[02Oct2025 21:58:48.873] [modloading-worker-0/DEBUG] [net.neoforged.fml.javafmlmod.AutomaticEventSubscriber/LOADING]: Attempting to inject @EventBusSubscriber classes into the eventbus for ftblibrary
[02Oct2025 21:58:48.877] [modloading-worker-0/DEBUG] [io.netty.buffer.ByteBufUtil/]: -Dio.netty.allocator.type: pooled
[02Oct2025 21:58:48.877] [modloading-worker-0/DEBUG] [io.netty.buffer.ByteBufUtil/]: -Dio.netty.threadLocalDirectBufferSize: 0
[02Oct2025 21:58:48.877] [modloading-worker-0/DEBUG] [io.netty.buffer.ByteBufUtil/]: -Dio.netty.maxThreadLocalCharBufferSize: 16384
[02Oct2025 21:58:48.884] [modloading-worker-0/DEBUG] [net.neoforged.fml.javafmlmod.AutomaticEventSubscriber/]: Subscribing @EventBusSubscriber class Lnet/neoforged/neoforge/network/filters/GenericPacketSplitter; to the mod event bus of mod neoforge
[02Oct2025 21:58:48.886] [modloading-worker-0/DEBUG] [net.neoforged.fml.javafmlmod.AutomaticEventSubscriber/LOADING]: Scanning class net.neoforged.neoforge.network.NetworkInitialization for @SubscribeEvent-annotated methods
[02Oct2025 21:58:48.887] [modloading-worker-0/DEBUG] [net.neoforged.fml.javafmlmod.AutomaticEventSubscriber/]: Subscribing @EventBusSubscriber class Lnet/neoforged/neoforge/network/NetworkInitialization; to the mod event bus of mod neoforge
[02Oct2025 21:58:48.890] [modloading-worker-0/DEBUG] [net.neoforged.fml.javafmlmod.AutomaticEventSubscriber/LOADING]: Attempting to inject @EventBusSubscriber classes into the eventbus for ftbxaerocompat
[02Oct2025 21:58:48.897] [modloading-worker-0/DEBUG] [net.neoforged.fml.javafmlmod.AutomaticEventSubscriber/LOADING]: Attempting to inject @EventBusSubscriber classes into the eventbus for ftbteams
[02Oct2025 21:58:48.962] [modloading-worker-0/DEBUG] [net.neoforged.fml.javafmlmod.AutomaticEventSubscriber/LOADING]: Attempting to inject @EventBusSubscriber classes into the eventbus for ftbchunks
[02Oct2025 21:58:49.047] [modloading-sync-worker/DEBUG] [net.neoforged.fml.config.ConfigTracker/CONFIG]: Loading configs type CLIENT
[02Oct2025 21:58:49.051] [modloading-sync-worker/DEBUG] [net.neoforged.neoforge.common.NeoForgeConfig/FORGEMOD]: Loaded NeoForge config file neoforge-client.toml
[02Oct2025 21:58:49.051] [modloading-sync-worker/DEBUG] [net.neoforged.fml.config.ConfigTracker/CONFIG]: Loaded TOML config file /data/ssd1/intelliJ/ftbxaerocompat/neoforge/run/config/neoforge-client.toml
[02Oct2025 21:58:49.053] [modloading-sync-worker/DEBUG] [net.neoforged.fml.config.ConfigTracker/CONFIG]: Watching TOML config file /data/ssd1/intelliJ/ftbxaerocompat/neoforge/run/config/neoforge-client.toml for changes
[02Oct2025 21:58:49.053] [modloading-sync-worker/DEBUG] [net.neoforged.fml.config.ConfigTracker/CONFIG]: Loading configs type COMMON
[02Oct2025 21:58:49.053] [modloading-sync-worker/DEBUG] [net.neoforged.neoforge.common.NeoForgeConfig/FORGEMOD]: Loaded NeoForge config file neoforge-common.toml
[02Oct2025 21:58:49.053] [modloading-sync-worker/DEBUG] [net.neoforged.fml.config.ConfigTracker/CONFIG]: Loaded TOML config file /data/ssd1/intelliJ/ftbxaerocompat/neoforge/run/config/neoforge-common.toml
[02Oct2025 21:58:49.053] [modloading-sync-worker/DEBUG] [net.neoforged.fml.config.ConfigTracker/CONFIG]: Watching TOML config file /data/ssd1/intelliJ/ftbxaerocompat/neoforge/run/config/neoforge-common.toml for changes
[02Oct2025 21:58:49.117] [Render thread/DEBUG] [mixin/]: Mixing accessor.ItemRendererAccessor from emi.mixins.json into net.minecraft.client.renderer.entity.ItemRenderer
[02Oct2025 21:58:49.118] [Render thread/DEBUG] [mixin/]: emi.mixins.json:accessor.ItemRendererAccessor from mod emi: Class version 65 required is higher than the class version supported by the current version of Mixin (JAVA_17 supports class version 61)
[02Oct2025 21:58:49.142] [Render thread/DEBUG] [mixin/]: Mixing accessor.BakedModelManagerAccessor from emi.mixins.json into net.minecraft.client.resources.model.ModelManager
[02Oct2025 21:58:49.142] [Render thread/DEBUG] [mixin/]: emi.mixins.json:accessor.BakedModelManagerAccessor from mod emi: Class version 65 required is higher than the class version supported by the current version of Mixin (JAVA_17 supports class version 61)
[02Oct2025 21:58:49.163] [Render thread/DEBUG] [mixin/]: Mixing MixinBufferSource from xaerohud.mixins.json into net.minecraft.client.renderer.MultiBufferSource$BufferSource
[02Oct2025 21:58:49.163] [Render thread/DEBUG] [mixin/]: xaerohud.mixins.json:MixinBufferSource from mod xaerominimap: Class version 65 required is higher than the class version supported by the current version of Mixin (JAVA_17 supports class version 61)
[02Oct2025 21:58:49.220] [Render thread/DEBUG] [mixin/]: Mixing GuiMixin from ftbchunks-common.mixins.json into net.minecraft.client.gui.Gui
[02Oct2025 21:58:49.220] [Render thread/DEBUG] [mixin/]: ftbchunks-common.mixins.json:GuiMixin from mod ftbchunks: Class version 65 required is higher than the class version supported by the current version of Mixin (JAVA_17 supports class version 61)
[02Oct2025 21:58:49.221] [Render thread/DEBUG] [mixin/]: ftbchunks-common.mixins.json:GuiMixin from mod ftbchunks->@Inject::onRenderEffectsEnter(Lnet/minecraft/client/gui/GuiGraphics;Lnet/minecraft/client/DeltaTracker;Lorg/spongepowered/asm/mixin/injection/callback/CallbackInfo;)V doesn't use it's CallbackInfo
[02Oct2025 21:58:49.221] [Render thread/DEBUG] [mixin/]: ftbchunks-common.mixins.json:GuiMixin from mod ftbchunks->@Inject::onRenderEffectsEnter(Lnet/minecraft/client/gui/GuiGraphics;Lnet/minecraft/client/DeltaTracker;Lorg/spongepowered/asm/mixin/injection/callback/CallbackInfo;)V has 0 override(s) in child classes
[02Oct2025 21:58:49.221] [Render thread/DEBUG] [mixin/]: ftbchunks-common.mixins.json:GuiMixin from mod ftbchunks->@Inject::onRenderEffectsEnter(Lnet/minecraft/client/gui/GuiGraphics;Lnet/minecraft/client/DeltaTracker;Lorg/spongepowered/asm/mixin/injection/callback/CallbackInfo;)V won't be passed a CallbackInfo as a result
[02Oct2025 21:58:49.221] [Render thread/DEBUG] [mixin/]: ftbchunks-common.mixins.json:GuiMixin from mod ftbchunks->@Inject::onRenderEffectsReturn(Lnet/minecraft/client/gui/GuiGraphics;Lnet/minecraft/client/DeltaTracker;Lorg/spongepowered/asm/mixin/injection/callback/CallbackInfo;)V doesn't use it's CallbackInfo
[02Oct2025 21:58:49.221] [Render thread/DEBUG] [mixin/]: ftbchunks-common.mixins.json:GuiMixin from mod ftbchunks->@Inject::onRenderEffectsReturn(Lnet/minecraft/client/gui/GuiGraphics;Lnet/minecraft/client/DeltaTracker;Lorg/spongepowered/asm/mixin/injection/callback/CallbackInfo;)V has 0 override(s) in child classes
[02Oct2025 21:58:49.221] [Render thread/DEBUG] [mixin/]: ftbchunks-common.mixins.json:GuiMixin from mod ftbchunks->@Inject::onRenderEffectsReturn(Lnet/minecraft/client/gui/GuiGraphics;Lnet/minecraft/client/DeltaTracker;Lorg/spongepowered/asm/mixin/injection/callback/CallbackInfo;)V won't be passed a CallbackInfo as a result
[02Oct2025 21:58:49.221] [Render thread/DEBUG] [mixin/]: ftbchunks-common.mixins.json:GuiMixin from mod ftbchunks->@Inject::onRenderEffectsReturn(Lnet/minecraft/client/gui/GuiGraphics;Lnet/minecraft/client/DeltaTracker;Lorg/spongepowered/asm/mixin/injection/callback/CallbackInfo;)V doesn't use it's CallbackInfo
[02Oct2025 21:58:49.221] [Render thread/DEBUG] [mixin/]: ftbchunks-common.mixins.json:GuiMixin from mod ftbchunks->@Inject::onRenderEffectsReturn(Lnet/minecraft/client/gui/GuiGraphics;Lnet/minecraft/client/DeltaTracker;Lorg/spongepowered/asm/mixin/injection/callback/CallbackInfo;)V has 0 override(s) in child classes
[02Oct2025 21:58:49.221] [Render thread/DEBUG] [mixin/]: ftbchunks-common.mixins.json:GuiMixin from mod ftbchunks->@Inject::onRenderEffectsReturn(Lnet/minecraft/client/gui/GuiGraphics;Lnet/minecraft/client/DeltaTracker;Lorg/spongepowered/asm/mixin/injection/callback/CallbackInfo;)V won't be passed a CallbackInfo as a result
[02Oct2025 21:58:49.246] [Render thread/INFO] [net.neoforged.neoforge.gametest.GameTestHooks/]: Enabled Gametest Namespaces: []
[02Oct2025 21:58:49.254] [Render thread/DEBUG] [mixin/]: Mixing RecipeBookWidgetMixin from emi.mixins.json into net.minecraft.client.gui.screens.recipebook.RecipeBookComponent
[02Oct2025 21:58:49.254] [Render thread/DEBUG] [mixin/]: emi.mixins.json:RecipeBookWidgetMixin from mod emi: Class version 65 required is higher than the class version supported by the current version of Mixin (JAVA_17 supports class version 61)
[02Oct2025 21:58:49.255] [Render thread/DEBUG] [mixin/]: emi.mixins.json:RecipeBookWidgetMixin from mod emi->@Inject::toggleOpen(Lorg/spongepowered/asm/mixin/injection/callback/CallbackInfo;)V does use it's CallbackInfo
[02Oct2025 21:58:49.286] [Render thread/DEBUG] [mixin/]: Mixing MixinModelPart from xaerohud.mixins.json into net.minecraft.client.model.geom.ModelPart
[02Oct2025 21:58:49.286] [Render thread/DEBUG] [mixin/]: xaerohud.mixins.json:MixinModelPart from mod xaerominimap: Class version 65 required is higher than the class version supported by the current version of Mixin (JAVA_17 supports class version 61)
[02Oct2025 21:58:49.287] [Render thread/DEBUG] [mixin/]: xaerohud.mixins.json:MixinModelPart from mod xaerominimap->@Inject::onRender(Lcom/mojang/blaze3d/vertex/PoseStack$Pose;Lcom/mojang/blaze3d/vertex/VertexConsumer;IIILorg/spongepowered/asm/mixin/injection/callback/CallbackInfo;)V doesn't use it's CallbackInfo
[02Oct2025 21:58:49.311] [Render thread/DEBUG] [mixin/]: Mixing MixinChatListener from xaerohud.mixins.json into net.minecraft.client.multiplayer.chat.ChatListener
[02Oct2025 21:58:49.311] [Render thread/DEBUG] [mixin/]: xaerohud.mixins.json:MixinChatListener from mod xaerominimap: Class version 65 required is higher than the class version supported by the current version of Mixin (JAVA_17 supports class version 61)
[02Oct2025 21:58:49.312] [Render thread/DEBUG] [mixin/]: Mixing MixinChatListener from xaeroworldmap.mixins.json into net.minecraft.client.multiplayer.chat.ChatListener
[02Oct2025 21:58:49.312] [Render thread/DEBUG] [mixin/]: xaeroworldmap.mixins.json:MixinChatListener from mod xaeroworldmap: Class version 65 required is higher than the class version supported by the current version of Mixin (JAVA_17 supports class version 61)
[02Oct2025 21:58:49.313] [Render thread/DEBUG] [mixin/]: xaerohud.mixins.json:MixinChatListener from mod xaerominimap->@Inject::onHandleDisguisedChatMessag(Lnet/minecraft/network/chat/Component;Lnet/minecraft/network/chat/ChatType$Bound;Lorg/spongepowered/asm/mixin/injection/callback/CallbackInfo;)V does use it's CallbackInfo
[02Oct2025 21:58:49.313] [Render thread/DEBUG] [mixin/]: xaerohud.mixins.json:MixinChatListener from mod xaerominimap->@Inject::onHandleSystemChat(Lnet/minecraft/network/chat/Component;ZLorg/spongepowered/asm/mixin/injection/callback/CallbackInfo;)V does use it's CallbackInfo
[02Oct2025 21:58:49.313] [Render thread/DEBUG] [mixin/]: xaeroworldmap.mixins.json:MixinChatListener from mod xaeroworldmap->@Inject::onHandleDisguisedChatMessag(Lnet/minecraft/network/chat/Component;Lnet/minecraft/network/chat/ChatType$Bound;Lorg/spongepowered/asm/mixin/injection/callback/CallbackInfo;)V does use it's CallbackInfo
[02Oct2025 21:58:49.313] [Render thread/DEBUG] [mixin/]: xaeroworldmap.mixins.json:MixinChatListener from mod xaeroworldmap->@Inject::onHandleSystemChat(Lnet/minecraft/network/chat/Component;ZLorg/spongepowered/asm/mixin/injection/callback/CallbackInfo;)V does use it's CallbackInfo
[02Oct2025 21:58:49.325] [Render thread/INFO] [net.minecraft.server.packs.resources.ReloadableResourceManager/]: Reloading ResourceManager: vanilla, mod_resources, mod/emi, mod/generated_192f02b, mod/xaerominimap, mod/architectury, mod/ftblibrary, mod/ftbteams, mod/ftbchunks, mod/ftbxaerocompat, mod/xaeroworldmap, mod/neoforge
[02Oct2025 21:58:49.371] [Worker-Main-15/INFO] [net.minecraft.client.gui.font.providers.UnihexProvider/]: Found unifont_all_no_pua-15.1.05.hex, loading
[02Oct2025 21:58:49.374] [Render thread/DEBUG] [FTB Library/]: tracking config ftblibrary-client, loaded from /data/ssd1/intelliJ/ftbxaerocompat/neoforge/run/config/ftblibrary-client.snbt
[02Oct2025 21:58:49.381] [Render thread/DEBUG] [FTB Library/]: tracking config ftbchunks-client, loaded from /data/ssd1/intelliJ/ftbxaerocompat/neoforge/run/config/ftbchunks-client.snbt
[02Oct2025 21:58:49.381] [Render thread/DEBUG] [FTB Library/]: tracking config ftbchunks-world, loaded from null
[02Oct2025 21:58:49.381] [Render thread/DEBUG] [FTB Library/]: tracking config ftblibrary-server, loaded from null
[02Oct2025 21:58:49.383] [Render thread/DEBUG] [net.neoforged.fml.DeferredWorkQueue/LOADING]: Dispatching synchronous work for work queue Common setup: 1 jobs
[02Oct2025 21:58:49.384] [Render thread/DEBUG] [net.neoforged.fml.DeferredWorkQueue/LOADING]: Synchronous work queue completed in 400.4 μs
[02Oct2025 21:58:49.391] [Worker-Main-2/INFO] [net.minecraft.client.gui.font.providers.UnihexProvider/]: Found unifont_jp_patch-15.1.05.hex, loading
[02Oct2025 21:58:49.400] [Worker-Main-7/INFO] [xaero.minimap.XaeroMinimap/]: Loading Xaero's Minimap - Stage 1/2
[02Oct2025 21:58:49.401] [Worker-Main-8/INFO] [xaero.map.WorldMap/]: Loading Xaero's World Map - Stage 1/2
[02Oct2025 21:58:49.584] [Thread-6/DEBUG] [mixin/]: Mixing WorldMapSessionMixin from ftbxaerocompat.mixins.json into xaero.map.WorldMapSession
[02Oct2025 21:58:49.590] [Render thread/DEBUG] [net.neoforged.fml.DeferredWorkQueue/LOADING]: Dispatching synchronous work for work queue Sided setup: 2 jobs
[02Oct2025 21:58:49.590] [Render thread/INFO] [xaero.minimap.XaeroMinimap/]: Loading Xaero's Minimap - Stage 2/2
[02Oct2025 21:58:49.596] [Render thread/DEBUG] [mixin/]: Mixing MixinClientPlayNetworkHandler from xaerohud.mixins.json into net.minecraft.client.multiplayer.ClientPacketListener
[02Oct2025 21:58:49.597] [Render thread/DEBUG] [mixin/]: xaerohud.mixins.json:MixinClientPlayNetworkHandler from mod xaerominimap: Class version 65 required is higher than the class version supported by the current version of Mixin (JAVA_17 supports class version 61)
[02Oct2025 21:58:49.598] [Render thread/DEBUG] [mixin/]: Mixing ClientPacketListenerMixin from ftbchunks-common.mixins.json into net.minecraft.client.multiplayer.ClientPacketListener
[02Oct2025 21:58:49.599] [Render thread/DEBUG] [mixin/]: ftbchunks-common.mixins.json:ClientPacketListenerMixin from mod ftbchunks: Class version 65 required is higher than the class version supported by the current version of Mixin (JAVA_17 supports class version 61)
[02Oct2025 21:58:49.599] [Render thread/DEBUG] [mixin/]: Mixing MixinClientPlayNetworkHandler from xaeroworldmap.mixins.json into net.minecraft.client.multiplayer.ClientPacketListener
[02Oct2025 21:58:49.599] [Render thread/DEBUG] [mixin/]: xaeroworldmap.mixins.json:MixinClientPlayNetworkHandler from mod xaeroworldmap: Class version 65 required is higher than the class version supported by the current version of Mixin (JAVA_17 supports class version 61)
[02Oct2025 21:58:49.600] [Render thread/DEBUG] [mixin/]: Mixing MixinForgeClientPacketListener from xaeroworldmap.neoforge.mixins.json into net.minecraft.client.multiplayer.ClientPacketListener
[02Oct2025 21:58:49.600] [Render thread/DEBUG] [mixin/]: xaeroworldmap.neoforge.mixins.json:MixinForgeClientPacketListener from mod xaeroworldmap: Class version 65 required is higher than the class version supported by the current version of Mixin (JAVA_17 supports class version 61)
[02Oct2025 21:58:49.608] [Render thread/DEBUG] [mixin/]: xaerohud.mixins.json:MixinClientPlayNetworkHandler from mod xaerominimap->@Inject::onOnChunkDeltaUpdate(Lnet/minecraft/network/protocol/game/ClientboundSectionBlocksUpdatePacket;Lorg/spongepowered/asm/mixin/injection/callback/CallbackInfo;)V doesn't use it's CallbackInfo
[02Oct2025 21:58:49.608] [Render thread/DEBUG] [mixin/]: xaerohud.mixins.json:MixinClientPlayNetworkHandler from mod xaerominimap->@Inject::onOnChunkDeltaUpdate(Lnet/minecraft/network/protocol/game/ClientboundSectionBlocksUpdatePacket;Lorg/spongepowered/asm/mixin/injection/callback/CallbackInfo;)V has 0 override(s) in child classes
[02Oct2025 21:58:49.608] [Render thread/DEBUG] [mixin/]: xaerohud.mixins.json:MixinClientPlayNetworkHandler from mod xaerominimap->@Inject::onOnChunkDeltaUpdate(Lnet/minecraft/network/protocol/game/ClientboundSectionBlocksUpdatePacket;Lorg/spongepowered/asm/mixin/injection/callback/CallbackInfo;)V won't be passed a CallbackInfo as a result
[02Oct2025 21:58:49.608] [Render thread/DEBUG] [mixin/]: xaerohud.mixins.json:MixinClientPlayNetworkHandler from mod xaerominimap->@Inject::onOnChunkData(IILnet/minecraft/network/protocol/game/ClientboundLevelChunkPacketData;Lorg/spongepowered/asm/mixin/injection/callback/CallbackInfo;)V doesn't use it's CallbackInfo
[02Oct2025 21:58:49.608] [Render thread/DEBUG] [mixin/]: xaerohud.mixins.json:MixinClientPlayNetworkHandler from mod xaerominimap->@Inject::onOnChunkData(IILnet/minecraft/network/protocol/game/ClientboundLevelChunkPacketData;Lorg/spongepowered/asm/mixin/injection/callback/CallbackInfo;)V has 0 override(s) in child classes
[02Oct2025 21:58:49.608] [Render thread/DEBUG] [mixin/]: xaerohud.mixins.json:MixinClientPlayNetworkHandler from mod xaerominimap->@Inject::onOnChunkData(IILnet/minecraft/network/protocol/game/ClientboundLevelChunkPacketData;Lorg/spongepowered/asm/mixin/injection/callback/CallbackInfo;)V won't be passed a CallbackInfo as a result
[02Oct2025 21:58:49.608] [Render thread/DEBUG] [mixin/]: xaerohud.mixins.json:MixinClientPlayNetworkHandler from mod xaerominimap->@Inject::onHandleLevelChunkWithLight(Lnet/minecraft/network/protocol/game/ClientboundLevelChunkWithLightPacket;Lorg/spongepowered/asm/mixin/injection/callback/CallbackInfo;)V doesn't use it's CallbackInfo
[02Oct2025 21:58:49.608] [Render thread/DEBUG] [mixin/]: xaerohud.mixins.json:MixinClientPlayNetworkHandler from mod xaerominimap->@Inject::onHandleLevelChunkWithLight(Lnet/minecraft/network/protocol/game/ClientboundLevelChunkWithLightPacket;Lorg/spongepowered/asm/mixin/injection/callback/CallbackInfo;)V has 0 override(s) in child classes
[02Oct2025 21:58:49.608] [Render thread/DEBUG] [mixin/]: xaerohud.mixins.json:MixinClientPlayNetworkHandler from mod xaerominimap->@Inject::onHandleLevelChunkWithLight(Lnet/minecraft/network/protocol/game/ClientboundLevelChunkWithLightPacket;Lorg/spongepowered/asm/mixin/injection/callback/CallbackInfo;)V won't be passed a CallbackInfo as a result
[02Oct2025 21:58:49.608] [Render thread/DEBUG] [mixin/]: xaerohud.mixins.json:MixinClientPlayNetworkHandler from mod xaerominimap->@Inject::onHandleLightUpdatePacket(Lnet/minecraft/network/protocol/game/ClientboundLightUpdatePacket;Lorg/spongepowered/asm/mixin/injection/callback/CallbackInfo;)V doesn't use it's CallbackInfo
[02Oct2025 21:58:49.608] [Render thread/DEBUG] [mixin/]: xaerohud.mixins.json:MixinClientPlayNetworkHandler from mod xaerominimap->@Inject::onHandleLightUpdatePacket(Lnet/minecraft/network/protocol/game/ClientboundLightUpdatePacket;Lorg/spongepowered/asm/mixin/injection/callback/CallbackInfo;)V has 0 override(s) in child classes
[02Oct2025 21:58:49.608] [Render thread/DEBUG] [mixin/]: xaerohud.mixins.json:MixinClientPlayNetworkHandler from mod xaerominimap->@Inject::onHandleLightUpdatePacket(Lnet/minecraft/network/protocol/game/ClientboundLightUpdatePacket;Lorg/spongepowered/asm/mixin/injection/callback/CallbackInfo;)V won't be passed a CallbackInfo as a result
[02Oct2025 21:58:49.608] [Render thread/DEBUG] [mixin/]: xaerohud.mixins.json:MixinClientPlayNetworkHandler from mod xaerominimap->@Inject::onQueueLightRemoval(Lnet/minecraft/network/protocol/game/ClientboundForgetLevelChunkPacket;Lorg/spongepowered/asm/mixin/injection/callback/CallbackInfo;)V doesn't use it's CallbackInfo
[02Oct2025 21:58:49.608] [Render thread/DEBUG] [mixin/]: xaerohud.mixins.json:MixinClientPlayNetworkHandler from mod xaerominimap->@Inject::onQueueLightRemoval(Lnet/minecraft/network/protocol/game/ClientboundForgetLevelChunkPacket;Lorg/spongepowered/asm/mixin/injection/callback/CallbackInfo;)V has 0 override(s) in child classes
[02Oct2025 21:58:49.608] [Render thread/DEBUG] [mixin/]: xaerohud.mixins.json:MixinClientPlayNetworkHandler from mod xaerominimap->@Inject::onQueueLightRemoval(Lnet/minecraft/network/protocol/game/ClientboundForgetLevelChunkPacket;Lorg/spongepowered/asm/mixin/injection/callback/CallbackInfo;)V won't be passed a CallbackInfo as a result
[02Oct2025 21:58:49.608] [Render thread/DEBUG] [mixin/]: xaerohud.mixins.json:MixinClientPlayNetworkHandler from mod xaerominimap->@Inject::onOnBlockUpdate(Lnet/minecraft/network/protocol/game/ClientboundBlockUpdatePacket;Lorg/spongepowered/asm/mixin/injection/callback/CallbackInfo;)V doesn't use it's CallbackInfo
[02Oct2025 21:58:49.608] [Render thread/DEBUG] [mixin/]: xaerohud.mixins.json:MixinClientPlayNetworkHandler from mod xaerominimap->@Inject::onOnBlockUpdate(Lnet/minecraft/network/protocol/game/ClientboundBlockUpdatePacket;Lorg/spongepowered/asm/mixin/injection/callback/CallbackInfo;)V has 0 override(s) in child classes
[02Oct2025 21:58:49.608] [Render thread/DEBUG] [mixin/]: xaerohud.mixins.json:MixinClientPlayNetworkHandler from mod xaerominimap->@Inject::onOnBlockUpdate(Lnet/minecraft/network/protocol/game/ClientboundBlockUpdatePacket;Lorg/spongepowered/asm/mixin/injection/callback/CallbackInfo;)V won't be passed a CallbackInfo as a result
[02Oct2025 21:58:49.608] [Render thread/DEBUG] [mixin/]: xaerohud.mixins.json:MixinClientPlayNetworkHandler from mod xaerominimap->@Inject::onOnPlayerSpawnPosition(Lnet/minecraft/network/protocol/game/ClientboundSetDefaultSpawnPositionPacket;Lorg/spongepowered/asm/mixin/injection/callback/CallbackInfo;)V doesn't use it's CallbackInfo
[02Oct2025 21:58:49.608] [Render thread/DEBUG] [mixin/]: xaerohud.mixins.json:MixinClientPlayNetworkHandler from mod xaerominimap->@Inject::onOnPlayerSpawnPosition(Lnet/minecraft/network/protocol/game/ClientboundSetDefaultSpawnPositionPacket;Lorg/spongepowered/asm/mixin/injection/callback/CallbackInfo;)V has 0 override(s) in child classes
[02Oct2025 21:58:49.608] [Render thread/DEBUG] [mixin/]: xaerohud.mixins.json:MixinClientPlayNetworkHandler from mod xaerominimap->@Inject::onOnPlayerSpawnPosition(Lnet/minecraft/network/protocol/game/ClientboundSetDefaultSpawnPositionPacket;Lorg/spongepowered/asm/mixin/injection/callback/CallbackInfo;)V won't be passed a CallbackInfo as a result
[02Oct2025 21:58:49.609] [Render thread/DEBUG] [mixin/]: xaerohud.mixins.json:MixinClientPlayNetworkHandler from mod xaerominimap->@Inject::onOnGameJoin(Lnet/minecraft/network/protocol/game/ClientboundLoginPacket;Lorg/spongepowered/asm/mixin/injection/callback/CallbackInfo;)V doesn't use it's CallbackInfo
[02Oct2025 21:58:49.609] [Render thread/DEBUG] [mixin/]: xaerohud.mixins.json:MixinClientPlayNetworkHandler from mod xaerominimap->@Inject::onOnGameJoin(Lnet/minecraft/network/protocol/game/ClientboundLoginPacket;Lorg/spongepowered/asm/mixin/injection/callback/CallbackInfo;)V has 0 override(s) in child classes
[02Oct2025 21:58:49.609] [Render thread/DEBUG] [mixin/]: xaerohud.mixins.json:MixinClientPlayNetworkHandler from mod xaerominimap->@Inject::onOnGameJoin(Lnet/minecraft/network/protocol/game/ClientboundLoginPacket;Lorg/spongepowered/asm/mixin/injection/callback/CallbackInfo;)V won't be passed a CallbackInfo as a result
[02Oct2025 21:58:49.609] [Render thread/DEBUG] [mixin/]: xaerohud.mixins.json:MixinClientPlayNetworkHandler from mod xaerominimap->@Inject::onClose(Lorg/spongepowered/asm/mixin/injection/callback/CallbackInfo;)V doesn't use it's CallbackInfo
[02Oct2025 21:58:49.609] [Render thread/DEBUG] [mixin/]: xaerohud.mixins.json:MixinClientPlayNetworkHandler from mod xaerominimap->@Inject::onClose(Lorg/spongepowered/asm/mixin/injection/callback/CallbackInfo;)V has 0 override(s) in child classes
[02Oct2025 21:58:49.609] [Render thread/DEBUG] [mixin/]: xaerohud.mixins.json:MixinClientPlayNetworkHandler from mod xaerominimap->@Inject::onClose(Lorg/spongepowered/asm/mixin/injection/callback/CallbackInfo;)V won't be passed a CallbackInfo as a result
[02Oct2025 21:58:49.609] [Render thread/DEBUG] [mixin/]: xaerohud.mixins.json:MixinClientPlayNetworkHandler from mod xaerominimap->@Inject::onSendCommand(Ljava/lang/String;Lorg/spongepowered/asm/mixin/injection/callback/CallbackInfo;)V does use it's CallbackInfo
[02Oct2025 21:58:49.609] [Render thread/DEBUG] [mixin/]: xaerohud.mixins.json:MixinClientPlayNetworkHandler from mod xaerominimap->@Inject::onSendUnsignedCommand(Ljava/lang/String;Lorg/spongepowered/asm/mixin/injection/callback/CallbackInfoReturnable;)V does use it's CallbackInfoReturnable
[02Oct2025 21:58:49.609] [Render thread/DEBUG] [mixin/]: ftbchunks-common.mixins.json:ClientPacketListenerMixin from mod ftbchunks->@Inject::handleChunkBlocksUpdateFTBC(Lnet/minecraft/network/protocol/game/ClientboundSectionBlocksUpdatePacket;Lorg/spongepowered/asm/mixin/injection/callback/CallbackInfo;)V doesn't use it's CallbackInfo
[02Oct2025 21:58:49.609] [Render thread/DEBUG] [mixin/]: ftbchunks-common.mixins.json:ClientPacketListenerMixin from mod ftbchunks->@Inject::handleChunkBlocksUpdateFTBC(Lnet/minecraft/network/protocol/game/ClientboundSectionBlocksUpdatePacket;Lorg/spongepowered/asm/mixin/injection/callback/CallbackInfo;)V has 0 override(s) in child classes
[02Oct2025 21:58:49.609] [Render thread/DEBUG] [mixin/]: ftbchunks-common.mixins.json:ClientPacketListenerMixin from mod ftbchunks->@Inject::handleChunkBlocksUpdateFTBC(Lnet/minecraft/network/protocol/game/ClientboundSectionBlocksUpdatePacket;Lorg/spongepowered/asm/mixin/injection/callback/CallbackInfo;)V won't be passed a CallbackInfo as a result
[02Oct2025 21:58:49.609] [Render thread/DEBUG] [mixin/]: ftbchunks-common.mixins.json:ClientPacketListenerMixin from mod ftbchunks->@Inject::handleLevelChunkFTBC(Lnet/minecraft/network/protocol/game/ClientboundLevelChunkWithLightPacket;Lorg/spongepowered/asm/mixin/injection/callback/CallbackInfo;)V doesn't use it's CallbackInfo
[02Oct2025 21:58:49.609] [Render thread/DEBUG] [mixin/]: ftbchunks-common.mixins.json:ClientPacketListenerMixin from mod ftbchunks->@Inject::handleLevelChunkFTBC(Lnet/minecraft/network/protocol/game/ClientboundLevelChunkWithLightPacket;Lorg/spongepowered/asm/mixin/injection/callback/CallbackInfo;)V has 0 override(s) in child classes
[02Oct2025 21:58:49.609] [Render thread/DEBUG] [mixin/]: ftbchunks-common.mixins.json:ClientPacketListenerMixin from mod ftbchunks->@Inject::handleLevelChunkFTBC(Lnet/minecraft/network/protocol/game/ClientboundLevelChunkWithLightPacket;Lorg/spongepowered/asm/mixin/injection/callback/CallbackInfo;)V won't be passed a CallbackInfo as a result
[02Oct2025 21:58:49.609] [Render thread/DEBUG] [mixin/]: ftbchunks-common.mixins.json:ClientPacketListenerMixin from mod ftbchunks->@Inject::handleBlockUpdateFTBC(Lnet/minecraft/network/protocol/game/ClientboundBlockUpdatePacket;Lorg/spongepowered/asm/mixin/injection/callback/CallbackInfo;)V doesn't use it's CallbackInfo
[02Oct2025 21:58:49.609] [Render thread/DEBUG] [mixin/]: ftbchunks-common.mixins.json:ClientPacketListenerMixin from mod ftbchunks->@Inject::handleBlockUpdateFTBC(Lnet/minecraft/network/protocol/game/ClientboundBlockUpdatePacket;Lorg/spongepowered/asm/mixin/injection/callback/CallbackInfo;)V has 0 override(s) in child classes
[02Oct2025 21:58:49.609] [Render thread/DEBUG] [mixin/]: ftbchunks-common.mixins.json:ClientPacketListenerMixin from mod ftbchunks->@Inject::handleBlockUpdateFTBC(Lnet/minecraft/network/protocol/game/ClientboundBlockUpdatePacket;Lorg/spongepowered/asm/mixin/injection/callback/CallbackInfo;)V won't be passed a CallbackInfo as a result
[02Oct2025 21:58:49.609] [Render thread/DEBUG] [mixin/]: xaeroworldmap.mixins.json:MixinClientPlayNetworkHandler from mod xaeroworldmap->@Inject::onOnChunkDeltaUpdate(Lnet/minecraft/network/protocol/game/ClientboundSectionBlocksUpdatePacket;Lorg/spongepowered/asm/mixin/injection/callback/CallbackInfo;)V doesn't use it's CallbackInfo
[02Oct2025 21:58:49.609] [Render thread/DEBUG] [mixin/]: xaeroworldmap.mixins.json:MixinClientPlayNetworkHandler from mod xaeroworldmap->@Inject::onOnChunkDeltaUpdate(Lnet/minecraft/network/protocol/game/ClientboundSectionBlocksUpdatePacket;Lorg/spongepowered/asm/mixin/injection/callback/CallbackInfo;)V has 0 override(s) in child classes
[02Oct2025 21:58:49.609] [Render thread/DEBUG] [mixin/]: xaeroworldmap.mixins.json:MixinClientPlayNetworkHandler from mod xaeroworldmap->@Inject::onOnChunkDeltaUpdate(Lnet/minecraft/network/protocol/game/ClientboundSectionBlocksUpdatePacket;Lorg/spongepowered/asm/mixin/injection/callback/CallbackInfo;)V won't be passed a CallbackInfo as a result
[02Oct2025 21:58:49.609] [Render thread/DEBUG] [mixin/]: xaeroworldmap.mixins.json:MixinClientPlayNetworkHandler from mod xaeroworldmap->@Inject::onOnChunkData(IILnet/minecraft/network/protocol/game/ClientboundLevelChunkPacketData;Lorg/spongepowered/asm/mixin/injection/callback/CallbackInfo;)V doesn't use it's CallbackInfo
[02Oct2025 21:58:49.609] [Render thread/DEBUG] [mixin/]: xaeroworldmap.mixins.json:MixinClientPlayNetworkHandler from mod xaeroworldmap->@Inject::onOnChunkData(IILnet/minecraft/network/protocol/game/ClientboundLevelChunkPacketData;Lorg/spongepowered/asm/mixin/injection/callback/CallbackInfo;)V has 0 override(s) in child classes
[02Oct2025 21:58:49.609] [Render thread/DEBUG] [mixin/]: xaeroworldmap.mixins.json:MixinClientPlayNetworkHandler from mod xaeroworldmap->@Inject::onOnChunkData(IILnet/minecraft/network/protocol/game/ClientboundLevelChunkPacketData;Lorg/spongepowered/asm/mixin/injection/callback/CallbackInfo;)V won't be passed a CallbackInfo as a result
[02Oct2025 21:58:49.609] [Render thread/DEBUG] [mixin/]: xaeroworldmap.mixins.json:MixinClientPlayNetworkHandler from mod xaeroworldmap->@Inject::onHandleLevelChunkWithLight(Lnet/minecraft/network/protocol/game/ClientboundLevelChunkWithLightPacket;Lorg/spongepowered/asm/mixin/injection/callback/CallbackInfo;)V doesn't use it's CallbackInfo
[02Oct2025 21:58:49.609] [Render thread/DEBUG] [mixin/]: xaeroworldmap.mixins.json:MixinClientPlayNetworkHandler from mod xaeroworldmap->@Inject::onHandleLevelChunkWithLight(Lnet/minecraft/network/protocol/game/ClientboundLevelChunkWithLightPacket;Lorg/spongepowered/asm/mixin/injection/callback/CallbackInfo;)V has 0 override(s) in child classes
[02Oct2025 21:58:49.609] [Render thread/DEBUG] [mixin/]: xaeroworldmap.mixins.json:MixinClientPlayNetworkHandler from mod xaeroworldmap->@Inject::onHandleLevelChunkWithLight(Lnet/minecraft/network/protocol/game/ClientboundLevelChunkWithLightPacket;Lorg/spongepowered/asm/mixin/injection/callback/CallbackInfo;)V won't be passed a CallbackInfo as a result
[02Oct2025 21:58:49.609] [Render thread/DEBUG] [mixin/]: xaeroworldmap.mixins.json:MixinClientPlayNetworkHandler from mod xaeroworldmap->@Inject::onHandleLightUpdatePacket(Lnet/minecraft/network/protocol/game/ClientboundLightUpdatePacket;Lorg/spongepowered/asm/mixin/injection/callback/CallbackInfo;)V doesn't use it's CallbackInfo
[02Oct2025 21:58:49.609] [Render thread/DEBUG] [mixin/]: xaeroworldmap.mixins.json:MixinClientPlayNetworkHandler from mod xaeroworldmap->@Inject::onHandleLightUpdatePacket(Lnet/minecraft/network/protocol/game/ClientboundLightUpdatePacket;Lorg/spongepowered/asm/mixin/injection/callback/CallbackInfo;)V has 0 override(s) in child classes
[02Oct2025 21:58:49.609] [Render thread/DEBUG] [mixin/]: xaeroworldmap.mixins.json:MixinClientPlayNetworkHandler from mod xaeroworldmap->@Inject::onHandleLightUpdatePacket(Lnet/minecraft/network/protocol/game/ClientboundLightUpdatePacket;Lorg/spongepowered/asm/mixin/injection/callback/CallbackInfo;)V won't be passed a CallbackInfo as a result
[02Oct2025 21:58:49.609] [Render thread/DEBUG] [mixin/]: xaeroworldmap.mixins.json:MixinClientPlayNetworkHandler from mod xaeroworldmap->@Inject::onQueueLightRemoval(Lnet/minecraft/network/protocol/game/ClientboundForgetLevelChunkPacket;Lorg/spongepowered/asm/mixin/injection/callback/CallbackInfo;)V doesn't use it's CallbackInfo
[02Oct2025 21:58:49.609] [Render thread/DEBUG] [mixin/]: xaeroworldmap.mixins.json:MixinClientPlayNetworkHandler from mod xaeroworldmap->@Inject::onQueueLightRemoval(Lnet/minecraft/network/protocol/game/ClientboundForgetLevelChunkPacket;Lorg/spongepowered/asm/mixin/injection/callback/CallbackInfo;)V has 0 override(s) in child classes
[02Oct2025 21:58:49.609] [Render thread/DEBUG] [mixin/]: xaeroworldmap.mixins.json:MixinClientPlayNetworkHandler from mod xaeroworldmap->@Inject::onQueueLightRemoval(Lnet/minecraft/network/protocol/game/ClientboundForgetLevelChunkPacket;Lorg/spongepowered/asm/mixin/injection/callback/CallbackInfo;)V won't be passed a CallbackInfo as a result
[02Oct2025 21:58:49.609] [Render thread/DEBUG] [mixin/]: xaeroworldmap.mixins.json:MixinClientPlayNetworkHandler from mod xaeroworldmap->@Inject::onOnBlockUpdate(Lnet/minecraft/network/protocol/game/ClientboundBlockUpdatePacket;Lorg/spongepowered/asm/mixin/injection/callback/CallbackInfo;)V doesn't use it's CallbackInfo
[02Oct2025 21:58:49.610] [Render thread/DEBUG] [mixin/]: xaeroworldmap.mixins.json:MixinClientPlayNetworkHandler from mod xaeroworldmap->@Inject::onOnBlockUpdate(Lnet/minecraft/network/protocol/game/ClientboundBlockUpdatePacket;Lorg/spongepowered/asm/mixin/injection/callback/CallbackInfo;)V has 0 override(s) in child classes
[02Oct2025 21:58:49.610] [Render thread/DEBUG] [mixin/]: xaeroworldmap.mixins.json:MixinClientPlayNetworkHandler from mod xaeroworldmap->@Inject::onOnBlockUpdate(Lnet/minecraft/network/protocol/game/ClientboundBlockUpdatePacket;Lorg/spongepowered/asm/mixin/injection/callback/CallbackInfo;)V won't be passed a CallbackInfo as a result
[02Oct2025 21:58:49.610] [Render thread/DEBUG] [mixin/]: xaeroworldmap.mixins.json:MixinClientPlayNetworkHandler from mod xaeroworldmap->@Inject::onOnPlayerSpawnPosition(Lnet/minecraft/network/protocol/game/ClientboundSetDefaultSpawnPositionPacket;Lorg/spongepowered/asm/mixin/injection/callback/CallbackInfo;)V doesn't use it's CallbackInfo
[02Oct2025 21:58:49.610] [Render thread/DEBUG] [mixin/]: xaeroworldmap.mixins.json:MixinClientPlayNetworkHandler from mod xaeroworldmap->@Inject::onOnPlayerSpawnPosition(Lnet/minecraft/network/protocol/game/ClientboundSetDefaultSpawnPositionPacket;Lorg/spongepowered/asm/mixin/injection/callback/CallbackInfo;)V has 0 override(s) in child classes
[02Oct2025 21:58:49.610] [Render thread/DEBUG] [mixin/]: xaeroworldmap.mixins.json:MixinClientPlayNetworkHandler from mod xaeroworldmap->@Inject::onOnPlayerSpawnPosition(Lnet/minecraft/network/protocol/game/ClientboundSetDefaultSpawnPositionPacket;Lorg/spongepowered/asm/mixin/injection/callback/CallbackInfo;)V won't be passed a CallbackInfo as a result
[02Oct2025 21:58:49.610] [Render thread/DEBUG] [mixin/]: xaeroworldmap.mixins.json:MixinClientPlayNetworkHandler from mod xaeroworldmap->@Inject::onCleanup(Lorg/spongepowered/asm/mixin/injection/callback/CallbackInfo;)V doesn't use it's CallbackInfo
[02Oct2025 21:58:49.610] [Render thread/DEBUG] [mixin/]: xaeroworldmap.mixins.json:MixinClientPlayNetworkHandler from mod xaeroworldmap->@Inject::onCleanup(Lorg/spongepowered/asm/mixin/injection/callback/CallbackInfo;)V has 0 override(s) in child classes
[02Oct2025 21:58:49.610] [Render thread/DEBUG] [mixin/]: xaeroworldmap.mixins.json:MixinClientPlayNetworkHandler from mod xaeroworldmap->@Inject::onCleanup(Lorg/spongepowered/asm/mixin/injection/callback/CallbackInfo;)V won't be passed a CallbackInfo as a result
[02Oct2025 21:58:49.610] [Render thread/DEBUG] [mixin/]: xaeroworldmap.neoforge.mixins.json:MixinForgeClientPacketListener from mod xaeroworldmap->@Inject::onOnGameJoin(Lnet/minecraft/network/protocol/game/ClientboundLoginPacket;Lorg/spongepowered/asm/mixin/injection/callback/CallbackInfo;)V doesn't use it's CallbackInfo
[02Oct2025 21:58:49.610] [Render thread/DEBUG] [mixin/]: xaeroworldmap.neoforge.mixins.json:MixinForgeClientPacketListener from mod xaeroworldmap->@Inject::onOnGameJoin(Lnet/minecraft/network/protocol/game/ClientboundLoginPacket;Lorg/spongepowered/asm/mixin/injection/callback/CallbackInfo;)V has 0 override(s) in child classes
[02Oct2025 21:58:49.610] [Render thread/DEBUG] [mixin/]: xaeroworldmap.neoforge.mixins.json:MixinForgeClientPacketListener from mod xaeroworldmap->@Inject::onOnGameJoin(Lnet/minecraft/network/protocol/game/ClientboundLoginPacket;Lorg/spongepowered/asm/mixin/injection/callback/CallbackInfo;)V won't be passed a CallbackInfo as a result
[02Oct2025 21:58:49.701] [Render thread/INFO] [xaero.hud.minimap.MinimapLogs/]: Registered player tracker system: minimap_synced
[02Oct2025 21:58:49.703] [Render thread/INFO] [xaero.hud.minimap.MinimapLogs/]: Xaero's Minimap: World Map found!
[02Oct2025 21:58:49.703] [Render thread/INFO] [xaero.hud.minimap.MinimapLogs/]: No Optifine!
[02Oct2025 21:58:49.703] [Render thread/INFO] [xaero.hud.minimap.MinimapLogs/]: Xaero's Minimap: No Vivecraft!
[02Oct2025 21:58:49.703] [Render thread/INFO] [xaero.map.WorldMap/]: Loading Xaero's World Map - Stage 2/2
[02Oct2025 21:58:49.706] [Render thread/INFO] [xaero.map.WorldMap/]: New world map region cache hash code: 1817031164
[02Oct2025 21:58:49.706] [Render thread/INFO] [xaero.map.WorldMap/]: Registered player tracker system: map_synced
[02Oct2025 21:58:49.707] [Render thread/INFO] [xaero.map.WorldMap/]: Xaero's WorldMap Mod: Xaero's minimap found!
[02Oct2025 21:58:49.709] [Render thread/INFO] [xaero.map.WorldMap/]: Registered player tracker system: minimap_synced
[02Oct2025 21:58:49.709] [Render thread/INFO] [xaero.map.WorldMap/]: No Optifine!
[02Oct2025 21:58:49.709] [Render thread/INFO] [xaero.map.WorldMap/]: Xaero's World Map: No Vivecraft!
[02Oct2025 21:58:49.721] [Render thread/DEBUG] [net.neoforged.fml.DeferredWorkQueue/LOADING]: Synchronous work queue completed in 131.1 ms
[02Oct2025 21:58:49.912] [Render thread/DEBUG] [FTB Library/]: loaded 130 entity face icons (46 using dynamic json textures)
[02Oct2025 21:58:50.019] [Render thread/WARN] [net.minecraft.client.sounds.SoundEngine/]: Missing sound for event: minecraft:item.goat_horn.play
[02Oct2025 21:58:50.020] [Render thread/WARN] [net.minecraft.client.sounds.SoundEngine/]: Missing sound for event: minecraft:entity.goat.screaming.horn_break
[02Oct2025 21:58:50.050] [Render thread/INFO] [com.mojang.blaze3d.audio.Library/]: OpenAL initialized on device USB Audio Speakers
[02Oct2025 21:58:50.050] [Render thread/INFO] [net.minecraft.client.sounds.SoundEngine/SOUNDS]: Sound engine started
[02Oct2025 21:58:50.108] [Render thread/INFO] [net.minecraft.client.renderer.texture.TextureAtlas/]: Created: 1024x512x4 minecraft:textures/atlas/blocks.png-atlas
[02Oct2025 21:58:50.128] [Render thread/INFO] [net.minecraft.client.renderer.texture.TextureAtlas/]: Created: 256x256x4 minecraft:textures/atlas/signs.png-atlas
[02Oct2025 21:58:50.129] [Render thread/INFO] [net.minecraft.client.renderer.texture.TextureAtlas/]: Created: 512x512x4 minecraft:textures/atlas/shield_patterns.png-atlas
[02Oct2025 21:58:50.130] [Render thread/INFO] [net.minecraft.client.renderer.texture.TextureAtlas/]: Created: 512x512x4 minecraft:textures/atlas/banner_patterns.png-atlas
[02Oct2025 21:58:50.131] [Render thread/INFO] [net.minecraft.client.renderer.texture.TextureAtlas/]: Created: 1024x1024x4 minecraft:textures/atlas/armor_trims.png-atlas
[02Oct2025 21:58:50.136] [Render thread/INFO] [net.minecraft.client.renderer.texture.TextureAtlas/]: Created: 256x256x4 minecraft:textures/atlas/chest.png-atlas
[02Oct2025 21:58:50.137] [Render thread/INFO] [net.minecraft.client.renderer.texture.TextureAtlas/]: Created: 128x64x4 minecraft:textures/atlas/decorated_pot.png-atlas
[02Oct2025 21:58:50.137] [Render thread/INFO] [net.minecraft.client.renderer.texture.TextureAtlas/]: Created: 512x256x4 minecraft:textures/atlas/beds.png-atlas
[02Oct2025 21:58:50.138] [Render thread/INFO] [net.minecraft.client.renderer.texture.TextureAtlas/]: Created: 512x256x4 minecraft:textures/atlas/shulker_boxes.png-atlas
[02Oct2025 21:58:50.141] [Render thread/DEBUG] [mixin/]: Mixing MixinAnimalModel from xaerohud.mixins.json into net.minecraft.client.model.AgeableListModel
[02Oct2025 21:58:50.141] [Render thread/DEBUG] [mixin/]: xaerohud.mixins.json:MixinAnimalModel from mod xaerominimap: Class version 65 required is higher than the class version supported by the current version of Mixin (JAVA_17 supports class version 61)
[02Oct2025 21:58:50.142] [Render thread/DEBUG] [mixin/]: xaerohud.mixins.json:MixinAnimalModel from mod xaerominimap->@Inject::onRender(Lcom/mojang/blaze3d/vertex/PoseStack;Lcom/mojang/blaze3d/vertex/VertexConsumer;IIILorg/spongepowered/asm/mixin/injection/callback/CallbackInfo;)V doesn't use it's CallbackInfo
[02Oct2025 21:58:50.142] [Render thread/DEBUG] [mixin/]: xaerohud.mixins.json:MixinAnimalModel from mod xaerominimap->@Inject::onRender(Lcom/mojang/blaze3d/vertex/PoseStack;Lcom/mojang/blaze3d/vertex/VertexConsumer;IIILorg/spongepowered/asm/mixin/injection/callback/CallbackInfo;)V has 0 override(s) in child classes
[02Oct2025 21:58:50.142] [Render thread/DEBUG] [mixin/]: xaerohud.mixins.json:MixinAnimalModel from mod xaerominimap->@Inject::onRender(Lcom/mojang/blaze3d/vertex/PoseStack;Lcom/mojang/blaze3d/vertex/VertexConsumer;IIILorg/spongepowered/asm/mixin/injection/callback/CallbackInfo;)V won't be passed a CallbackInfo as a result
[02Oct2025 21:58:50.144] [Render thread/DEBUG] [mixin/]: Mixing MixinSinglePartEntityModel from xaerohud.mixins.json into net.minecraft.client.model.HierarchicalModel
[02Oct2025 21:58:50.144] [Render thread/DEBUG] [mixin/]: xaerohud.mixins.json:MixinSinglePartEntityModel from mod xaerominimap: Class version 65 required is higher than the class version supported by the current version of Mixin (JAVA_17 supports class version 61)
[02Oct2025 21:58:50.145] [Render thread/DEBUG] [mixin/]: xaerohud.mixins.json:MixinSinglePartEntityModel from mod xaerominimap->@Inject::onRender(Lcom/mojang/blaze3d/vertex/PoseStack;Lcom/mojang/blaze3d/vertex/VertexConsumer;IIILorg/spongepowered/asm/mixin/injection/callback/CallbackInfo;)V doesn't use it's CallbackInfo
[02Oct2025 21:58:50.145] [Render thread/DEBUG] [mixin/]: xaerohud.mixins.json:MixinSinglePartEntityModel from mod xaerominimap->@Inject::onRender(Lcom/mojang/blaze3d/vertex/PoseStack;Lcom/mojang/blaze3d/vertex/VertexConsumer;IIILorg/spongepowered/asm/mixin/injection/callback/CallbackInfo;)V has 0 override(s) in child classes
[02Oct2025 21:58:50.145] [Render thread/DEBUG] [mixin/]: xaerohud.mixins.json:MixinSinglePartEntityModel from mod xaerominimap->@Inject::onRender(Lcom/mojang/blaze3d/vertex/PoseStack;Lcom/mojang/blaze3d/vertex/VertexConsumer;IIILorg/spongepowered/asm/mixin/injection/callback/CallbackInfo;)V won't be passed a CallbackInfo as a result
[02Oct2025 21:58:50.148] [Render thread/DEBUG] [mixin/]: Mixing MixinLlamaEntityModel from xaerohud.mixins.json into net.minecraft.client.model.LlamaModel
[02Oct2025 21:58:50.148] [Render thread/DEBUG] [mixin/]: xaerohud.mixins.json:MixinLlamaEntityModel from mod xaerominimap: Class version 65 required is higher than the class version supported by the current version of Mixin (JAVA_17 supports class version 61)
[02Oct2025 21:58:50.148] [Render thread/DEBUG] [mixin/]: xaerohud.mixins.json:MixinLlamaEntityModel from mod xaerominimap->@Inject::onRender(Lcom/mojang/blaze3d/vertex/PoseStack;Lcom/mojang/blaze3d/vertex/VertexConsumer;IIILorg/spongepowered/asm/mixin/injection/callback/CallbackInfo;)V doesn't use it's CallbackInfo
[02Oct2025 21:58:50.148] [Render thread/DEBUG] [mixin/]: xaerohud.mixins.json:MixinLlamaEntityModel from mod xaerominimap->@Inject::onRender(Lcom/mojang/blaze3d/vertex/PoseStack;Lcom/mojang/blaze3d/vertex/VertexConsumer;IIILorg/spongepowered/asm/mixin/injection/callback/CallbackInfo;)V has 0 override(s) in child classes
[02Oct2025 21:58:50.148] [Render thread/DEBUG] [mixin/]: xaerohud.mixins.json:MixinLlamaEntityModel from mod xaerominimap->@Inject::onRender(Lcom/mojang/blaze3d/vertex/PoseStack;Lcom/mojang/blaze3d/vertex/VertexConsumer;IIILorg/spongepowered/asm/mixin/injection/callback/CallbackInfo;)V won't be passed a CallbackInfo as a result
[02Oct2025 21:58:50.164] [Render thread/DEBUG] [mixin/]: Mixing MixinRabbitEntityModel from xaerohud.mixins.json into net.minecraft.client.model.RabbitModel
[02Oct2025 21:58:50.164] [Render thread/DEBUG] [mixin/]: xaerohud.mixins.json:MixinRabbitEntityModel from mod xaerominimap: Class version 65 required is higher than the class version supported by the current version of Mixin (JAVA_17 supports class version 61)
[02Oct2025 21:58:50.164] [Render thread/DEBUG] [mixin/]: xaerohud.mixins.json:MixinRabbitEntityModel from mod xaerominimap->@Inject::onRender(Lcom/mojang/blaze3d/vertex/PoseStack;Lcom/mojang/blaze3d/vertex/VertexConsumer;IIILorg/spongepowered/asm/mixin/injection/callback/CallbackInfo;)V doesn't use it's CallbackInfo
[02Oct2025 21:58:50.164] [Render thread/DEBUG] [mixin/]: xaerohud.mixins.json:MixinRabbitEntityModel from mod xaerominimap->@Inject::onRender(Lcom/mojang/blaze3d/vertex/PoseStack;Lcom/mojang/blaze3d/vertex/VertexConsumer;IIILorg/spongepowered/asm/mixin/injection/callback/CallbackInfo;)V has 0 override(s) in child classes
[02Oct2025 21:58:50.164] [Render thread/DEBUG] [mixin/]: xaerohud.mixins.json:MixinRabbitEntityModel from mod xaerominimap->@Inject::onRender(Lcom/mojang/blaze3d/vertex/PoseStack;Lcom/mojang/blaze3d/vertex/VertexConsumer;IIILorg/spongepowered/asm/mixin/injection/callback/CallbackInfo;)V won't be passed a CallbackInfo as a result
[02Oct2025 21:58:50.165] [Render thread/DEBUG] [mixin/]: Mixing MixinCompositeEntityModel from xaerohud.mixins.json into net.minecraft.client.model.ListModel
[02Oct2025 21:58:50.165] [Render thread/DEBUG] [mixin/]: xaerohud.mixins.json:MixinCompositeEntityModel from mod xaerominimap: Class version 65 required is higher than the class version supported by the current version of Mixin (JAVA_17 supports class version 61)
[02Oct2025 21:58:50.166] [Render thread/DEBUG] [mixin/]: xaerohud.mixins.json:MixinCompositeEntityModel from mod xaerominimap->@Inject::onRender(Lcom/mojang/blaze3d/vertex/PoseStack;Lcom/mojang/blaze3d/vertex/VertexConsumer;IIILorg/spongepowered/asm/mixin/injection/callback/CallbackInfo;)V doesn't use it's CallbackInfo
[02Oct2025 21:58:50.166] [Render thread/DEBUG] [mixin/]: xaerohud.mixins.json:MixinCompositeEntityModel from mod xaerominimap->@Inject::onRender(Lcom/mojang/blaze3d/vertex/PoseStack;Lcom/mojang/blaze3d/vertex/VertexConsumer;IIILorg/spongepowered/asm/mixin/injection/callback/CallbackInfo;)V has 0 override(s) in child classes
[02Oct2025 21:58:50.166] [Render thread/DEBUG] [mixin/]: xaerohud.mixins.json:MixinCompositeEntityModel from mod xaerominimap->@Inject::onRender(Lcom/mojang/blaze3d/vertex/PoseStack;Lcom/mojang/blaze3d/vertex/VertexConsumer;IIILorg/spongepowered/asm/mixin/injection/callback/CallbackInfo;)V won't be passed a CallbackInfo as a result
[02Oct2025 21:58:50.216] [Render thread/DEBUG] [mixin/]: Mixing MixinDragonEntityModel from xaerohud.mixins.json into net.minecraft.client.renderer.entity.EnderDragonRenderer$DragonModel
[02Oct2025 21:58:50.216] [Render thread/DEBUG] [mixin/]: xaerohud.mixins.json:MixinDragonEntityModel from mod xaerominimap: Class version 65 required is higher than the class version supported by the current version of Mixin (JAVA_17 supports class version 61)
[02Oct2025 21:58:50.216] [Render thread/DEBUG] [mixin/]: xaerohud.mixins.json:MixinDragonEntityModel from mod xaerominimap->@Inject::onRender(Lcom/mojang/blaze3d/vertex/PoseStack;Lcom/mojang/blaze3d/vertex/VertexConsumer;IIILorg/spongepowered/asm/mixin/injection/callback/CallbackInfo;)V doesn't use it's CallbackInfo
[02Oct2025 21:58:50.217] [Render thread/DEBUG] [mixin/]: xaerohud.mixins.json:MixinDragonEntityModel from mod xaerominimap->@Inject::onRender(Lcom/mojang/blaze3d/vertex/PoseStack;Lcom/mojang/blaze3d/vertex/VertexConsumer;IIILorg/spongepowered/asm/mixin/injection/callback/CallbackInfo;)V has 0 override(s) in child classes
[02Oct2025 21:58:50.217] [Render thread/DEBUG] [mixin/]: xaerohud.mixins.json:MixinDragonEntityModel from mod xaerominimap->@Inject::onRender(Lcom/mojang/blaze3d/vertex/PoseStack;Lcom/mojang/blaze3d/vertex/VertexConsumer;IIILorg/spongepowered/asm/mixin/injection/callback/CallbackInfo;)V won't be passed a CallbackInfo as a result
[02Oct2025 21:58:50.223] [Render thread/INFO] [net.minecraft.client.renderer.texture.TextureAtlas/]: Created: 512x256x0 minecraft:textures/atlas/particles.png-atlas
[02Oct2025 21:58:50.224] [Render thread/INFO] [net.minecraft.client.renderer.texture.TextureAtlas/]: Created: 512x256x0 minecraft:textures/atlas/paintings.png-atlas
[02Oct2025 21:58:50.224] [Render thread/INFO] [net.minecraft.client.renderer.texture.TextureAtlas/]: Created: 256x128x0 minecraft:textures/atlas/mob_effects.png-atlas
[02Oct2025 21:58:50.225] [Render thread/INFO] [net.minecraft.client.renderer.texture.TextureAtlas/]: Created: 64x64x0 minecraft:textures/atlas/map_decorations.png-atlas
[02Oct2025 21:58:50.225] [Render thread/INFO] [net.minecraft.client.renderer.texture.TextureAtlas/]: Created: 1024x512x0 minecraft:textures/atlas/gui.png-atlas
[02Oct2025 21:58:50.236] [Render thread/WARN] [net.minecraft.client.renderer.ShaderInstance/]: Shader rendertype_entity_translucent_emissive could not find sampler named Sampler2 in the specified shader program.
[02Oct2025 21:58:50.257] [Render thread/INFO] [xaero.hud.minimap.MinimapLogs/]: Successfully reloaded the minimap shaders!
[02Oct2025 21:58:50.258] [Render thread/INFO] [xaero.map.WorldMap/]: Successfully reloaded the world map shaders!
[02Oct2025 21:58:50.258] [Render thread/INFO] [net.neoforged.neoforge.client.entity.animation.json.AnimationLoader/]: Loaded 0 entity animations
[02Oct2025 21:58:53.083] [Render thread/DEBUG] [mixin/]: Mixing MixinLevelStorageAccess from xaerohud.mixins.json into net.minecraft.world.level.storage.LevelStorageSource$LevelStorageAccess
[02Oct2025 21:58:53.084] [Render thread/DEBUG] [mixin/]: xaerohud.mixins.json:MixinLevelStorageAccess from mod xaerominimap: Class version 65 required is higher than the class version supported by the current version of Mixin (JAVA_17 supports class version 61)
[02Oct2025 21:58:53.084] [Render thread/DEBUG] [mixin/]: Mixing MixinLevelStorageAccess from xaeroworldmap.mixins.json into net.minecraft.world.level.storage.LevelStorageSource$LevelStorageAccess
[02Oct2025 21:58:53.084] [Render thread/DEBUG] [mixin/]: xaeroworldmap.mixins.json:MixinLevelStorageAccess from mod xaeroworldmap: Class version 65 required is higher than the class version supported by the current version of Mixin (JAVA_17 supports class version 61)
[02Oct2025 21:58:53.084] [Render thread/DEBUG] [mixin/]: xaerohud.mixins.json:MixinLevelStorageAccess from mod xaerominimap->@Inject::onDeleteLevel(Lorg/spongepowered/asm/mixin/injection/callback/CallbackInfo;)V doesn't use it's CallbackInfo
[02Oct2025 21:58:53.084] [Render thread/DEBUG] [mixin/]: xaerohud.mixins.json:MixinLevelStorageAccess from mod xaerominimap->@Inject::onDeleteLevel(Lorg/spongepowered/asm/mixin/injection/callback/CallbackInfo;)V has 0 override(s) in child classes
[02Oct2025 21:58:53.084] [Render thread/DEBUG] [mixin/]: xaerohud.mixins.json:MixinLevelStorageAccess from mod xaerominimap->@Inject::onDeleteLevel(Lorg/spongepowered/asm/mixin/injection/callback/CallbackInfo;)V won't be passed a CallbackInfo as a result
[02Oct2025 21:58:53.084] [Render thread/DEBUG] [mixin/]: xaeroworldmap.mixins.json:MixinLevelStorageAccess from mod xaeroworldmap->@Inject::onDeleteLevel(Lorg/spongepowered/asm/mixin/injection/callback/CallbackInfo;)V doesn't use it's CallbackInfo
[02Oct2025 21:58:53.084] [Render thread/DEBUG] [mixin/]: xaeroworldmap.mixins.json:MixinLevelStorageAccess from mod xaeroworldmap->@Inject::onDeleteLevel(Lorg/spongepowered/asm/mixin/injection/callback/CallbackInfo;)V has 0 override(s) in child classes
[02Oct2025 21:58:53.084] [Render thread/DEBUG] [mixin/]: xaeroworldmap.mixins.json:MixinLevelStorageAccess from mod xaeroworldmap->@Inject::onDeleteLevel(Lorg/spongepowered/asm/mixin/injection/callback/CallbackInfo;)V won't be passed a CallbackInfo as a result
[02Oct2025 21:58:53.103] [Render thread/WARN] [net.neoforged.neoforge.common.CommonHooks/WP]: The following mods have version differences that were not resolved:
generated_0da764f (version 1 -> MISSING)
Things may not work well.
[02Oct2025 21:58:53.461] [Render thread/INFO] [net.minecraft.world.item.crafting.RecipeManager/]: Loaded 1290 recipes
[02Oct2025 21:58:53.523] [Render thread/INFO] [net.minecraft.advancements.AdvancementTree/]: Loaded 1399 advancements
[02Oct2025 21:58:53.762] [Render thread/INFO] [EMI/]: [EMI] Recipes synchronized, waiting for tags to reload EMI...
[02Oct2025 21:58:53.775] [Render thread/DEBUG] [net.neoforged.neoforge.common.CommonHooks/WP]: Gathered mod list to write to world save New World
[02Oct2025 21:58:53.791] [Render thread/DEBUG] [mixin/]: Mixing MixinPlayerList from xaerohud.mixins.json into net.minecraft.server.players.PlayerList
[02Oct2025 21:58:53.791] [Render thread/DEBUG] [mixin/]: xaerohud.mixins.json:MixinPlayerList from mod xaerominimap: Class version 65 required is higher than the class version supported by the current version of Mixin (JAVA_17 supports class version 61)
[02Oct2025 21:58:53.791] [Render thread/DEBUG] [mixin/]: Mixing MixinPlayerList from xaeroworldmap.mixins.json into net.minecraft.server.players.PlayerList
[02Oct2025 21:58:53.791] [Render thread/DEBUG] [mixin/]: xaeroworldmap.mixins.json:MixinPlayerList from mod xaeroworldmap: Class version 65 required is higher than the class version supported by the current version of Mixin (JAVA_17 supports class version 61)
[02Oct2025 21:58:53.792] [Render thread/DEBUG] [mixin/]: xaerohud.mixins.json:MixinPlayerList from mod xaerominimap->@Inject::onSendWorldInfo(Lnet/minecraft/server/level/ServerPlayer;Lnet/minecraft/server/level/ServerLevel;Lorg/spongepowered/asm/mixin/injection/callback/CallbackInfo;)V doesn't use it's CallbackInfo
[02Oct2025 21:58:53.792] [Render thread/DEBUG] [mixin/]: xaerohud.mixins.json:MixinPlayerList from mod xaerominimap->@Inject::onSendWorldInfo(Lnet/minecraft/server/level/ServerPlayer;Lnet/minecraft/server/level/ServerLevel;Lorg/spongepowered/asm/mixin/injection/callback/CallbackInfo;)V has 0 override(s) in child classes
[02Oct2025 21:58:53.792] [Render thread/DEBUG] [mixin/]: xaerohud.mixins.json:MixinPlayerList from mod xaerominimap->@Inject::onSendWorldInfo(Lnet/minecraft/server/level/ServerPlayer;Lnet/minecraft/server/level/ServerLevel;Lorg/spongepowered/asm/mixin/injection/callback/CallbackInfo;)V won't be passed a CallbackInfo as a result
[02Oct2025 21:58:53.792] [Render thread/DEBUG] [mixin/]: xaeroworldmap.mixins.json:MixinPlayerList from mod xaeroworldmap->@Inject::onSendWorldInfo(Lnet/minecraft/server/level/ServerPlayer;Lnet/minecraft/server/level/ServerLevel;Lorg/spongepowered/asm/mixin/injection/callback/CallbackInfo;)V doesn't use it's CallbackInfo
[02Oct2025 21:58:53.792] [Render thread/DEBUG] [mixin/]: xaeroworldmap.mixins.json:MixinPlayerList from mod xaeroworldmap->@Inject::onSendWorldInfo(Lnet/minecraft/server/level/ServerPlayer;Lnet/minecraft/server/level/ServerLevel;Lorg/spongepowered/asm/mixin/injection/callback/CallbackInfo;)V has 0 override(s) in child classes
[02Oct2025 21:58:53.792] [Render thread/DEBUG] [mixin/]: xaeroworldmap.mixins.json:MixinPlayerList from mod xaeroworldmap->@Inject::onSendWorldInfo(Lnet/minecraft/server/level/ServerPlayer;Lnet/minecraft/server/level/ServerLevel;Lorg/spongepowered/asm/mixin/injection/callback/CallbackInfo;)V won't be passed a CallbackInfo as a result
[02Oct2025 21:58:53.799] [Render thread/DEBUG] [mixin/]: Mixing accessor.BrewingRecipeRegistryAccessor from emi.mixins.json into net.minecraft.world.item.alchemy.PotionBrewing
[02Oct2025 21:58:53.799] [Render thread/DEBUG] [mixin/]: emi.mixins.json:accessor.BrewingRecipeRegistryAccessor from mod emi: Class version 65 required is higher than the class version supported by the current version of Mixin (JAVA_17 supports class version 61)
[02Oct2025 21:58:53.803] [Server thread/INFO] [net.minecraft.client.server.IntegratedServer/]: Starting integrated minecraft server version 1.21.1
[02Oct2025 21:58:53.803] [Server thread/INFO] [net.minecraft.server.MinecraftServer/]: Generating keypair
[02Oct2025 21:58:53.833] [Server thread/DEBUG] [net.neoforged.fml.config.ConfigTracker/CONFIG]: Loading configs type SERVER
[02Oct2025 21:58:53.833] [Server thread/DEBUG] [net.neoforged.neoforge.common.NeoForgeConfig/FORGEMOD]: Loaded NeoForge config file neoforge-server.toml
[02Oct2025 21:58:53.833] [Server thread/DEBUG] [net.neoforged.fml.config.ConfigTracker/CONFIG]: Loaded TOML config file /data/ssd1/intelliJ/ftbxaerocompat/neoforge/run/config/neoforge-server.toml
[02Oct2025 21:58:53.833] [Server thread/DEBUG] [net.neoforged.fml.config.ConfigTracker/CONFIG]: Watching TOML config file /data/ssd1/intelliJ/ftbxaerocompat/neoforge/run/config/neoforge-server.toml for changes
[02Oct2025 21:58:53.845] [Server thread/DEBUG] [FTB Library/]: tracking config ftbchunks-world, loaded from /data/ssd1/intelliJ/ftbxaerocompat/neoforge/run/config/ftbchunks-world.snbt
[02Oct2025 21:58:53.846] [Server thread/DEBUG] [FTB Library/]: tracking config ftblibrary-server, loaded from /data/ssd1/intelliJ/ftbxaerocompat/neoforge/run/config/ftblibrary-server.snbt
[02Oct2025 21:58:53.850] [Server thread/INFO] [FTB Teams/]: loaded team data: 1 known players, 1 teams total
[02Oct2025 21:58:53.871] [Server thread/DEBUG] [mixin/]: Mixing ChunkMapMixin from ftbchunks-common.mixins.json into net.minecraft.server.level.ChunkMap
[02Oct2025 21:58:53.871] [Server thread/DEBUG] [mixin/]: ftbchunks-common.mixins.json:ChunkMapMixin from mod ftbchunks: Class version 65 required is higher than the class version supported by the current version of Mixin (JAVA_17 supports class version 61)
[02Oct2025 21:58:53.872] [Server thread/DEBUG] [mixin/]: ftbchunks-common.mixins.json:ChunkMapMixin from mod ftbchunks->@Inject::anyPlayerCloseEnoughForSpawningFTBC(Lnet/minecraft/world/level/ChunkPos;Lorg/spongepowered/asm/mixin/injection/callback/CallbackInfoReturnable;)V does use it's CallbackInfoReturnable
[02Oct2025 21:58:53.872] [Server thread/DEBUG] [mixin/]: ftbchunks-common.mixins.json:ChunkMapMixin from mod ftbchunks->@Inject::anyPlayerCloseEnoughForSpawningFTBC(Lnet/minecraft/world/level/ChunkPos;Lorg/spongepowered/asm/mixin/injection/callback/CallbackInfoReturnable;)V does use it's CallbackInfoReturnable
[02Oct2025 21:58:53.872] [Server thread/DEBUG] [mixin/]: ftbchunks-common.mixins.json:ChunkMapMixin from mod ftbchunks->@Inject::anyPlayerCloseEnoughForSpawningFTBC(Lnet/minecraft/world/level/ChunkPos;Lorg/spongepowered/asm/mixin/injection/callback/CallbackInfoReturnable;)V does use it's CallbackInfoReturnable
[02Oct2025 21:58:54.328] [Server thread/INFO] [net.minecraft.server.MinecraftServer/]: Preparing start region for dimension minecraft:overworld
[02Oct2025 21:58:54.350] [Server thread/DEBUG] [mixin/]: Mixing neoforge.MixinChunkSerializer from architectury.mixins.json into net.minecraft.world.level.chunk.storage.ChunkSerializer
[02Oct2025 21:58:54.350] [Server thread/DEBUG] [mixin/]: architectury.mixins.json:neoforge.MixinChunkSerializer from mod architectury: Class version 65 required is higher than the class version supported by the current version of Mixin (JAVA_16 supports class version 60)
[02Oct2025 21:58:54.352] [Server thread/DEBUG] [mixin/]: architectury.mixins.json:neoforge.MixinChunkSerializer from mod architectury->@Inject::read(Lnet/minecraft/server/level/ServerLevel;Lnet/minecraft/world/entity/ai/village/poi/PoiManager;Lnet/minecraft/world/level/chunk/storage/RegionStorageInfo;Lnet/minecraft/world/level/ChunkPos;Lnet/minecraft/nbt/CompoundTag;Lorg/spongepowered/asm/mixin/injection/callback/CallbackInfoReturnable;)V doesn't use it's CallbackInfoReturnable
[02Oct2025 21:58:54.453] [progressListener/INFO] [net.minecraft.server.level.progress.LoggerChunkProgressListener/]: Preparing spawn area: 0%
[02Oct2025 21:58:54.494] [Server thread/INFO] [net.neoforged.neoforge.server.permission.PermissionAPI/]: Successfully initialized permission handler neoforge:default_handler
[02Oct2025 21:58:54.494] [Server thread/INFO] [xaero.hud.minimap.MinimapLogs/]: Registered synced player tracker system: ftb_teams
[02Oct2025 21:58:54.495] [Server thread/INFO] [xaero.map.WorldMap/]: Registered synced player tracker system: ftb_teams
[02Oct2025 21:58:54.507] [progressListener/INFO] [net.minecraft.server.level.progress.LoggerChunkProgressListener/]: Time elapsed: 171 ms
[02Oct2025 21:58:54.531] [Server thread/INFO] [net.minecraft.client.server.IntegratedServer/]: Changing view distance to 12, from 10
[02Oct2025 21:58:54.531] [Server thread/INFO] [net.minecraft.client.server.IntegratedServer/]: Changing simulation distance to 12, from 0
[02Oct2025 21:58:54.561] [Render thread/DEBUG] [io.netty.channel.MultithreadEventLoopGroup/]: -Dio.netty.eventLoopThreads: 32
[02Oct2025 21:58:54.565] [Render thread/DEBUG] [io.netty.util.concurrent.GlobalEventExecutor/]: -Dio.netty.globalEventExecutor.quietPeriodSeconds: 1
[02Oct2025 21:58:54.569] [Render thread/DEBUG] [io.netty.channel.nio.NioEventLoop/]: -Dio.netty.noKeySetOptimization: false
[02Oct2025 21:58:54.569] [Render thread/DEBUG] [io.netty.channel.nio.NioEventLoop/]: -Dio.netty.selectorAutoRebuildThreshold: 512
[02Oct2025 21:58:54.571] [Render thread/DEBUG] [io.netty.util.internal.PlatformDependent/]: org.jctools-core.MpscChunkedArrayQueue: available
[02Oct2025 21:58:54.576] [Render thread/DEBUG] [io.netty.channel.DefaultChannelId/]: -Dio.netty.processId: 203649 (auto-detected)
[02Oct2025 21:58:54.577] [Render thread/DEBUG] [io.netty.util.NetUtil/]: -Djava.net.preferIPv4Stack: false
[02Oct2025 21:58:54.577] [Render thread/DEBUG] [io.netty.util.NetUtil/]: -Djava.net.preferIPv6Addresses: system
[02Oct2025 21:58:54.578] [Render thread/DEBUG] [io.netty.util.NetUtilInitializations/]: Loopback interface: lo (lo, 0:0:0:0:0:0:0:1%lo)
[02Oct2025 21:58:54.579] [Render thread/DEBUG] [io.netty.util.NetUtil/]: /proc/sys/net/core/somaxconn: 4096
[02Oct2025 21:58:54.579] [Render thread/DEBUG] [io.netty.channel.DefaultChannelId/]: -Dio.netty.machineId: 34:5a:60:ff:fe:0d:69:a4 (auto-detected)
[02Oct2025 21:58:54.607] [Render thread/DEBUG] [io.netty.util.Recycler/]: -Dio.netty.recycler.maxCapacityPerThread: 4096
[02Oct2025 21:58:54.607] [Render thread/DEBUG] [io.netty.util.Recycler/]: -Dio.netty.recycler.ratio: 8
[02Oct2025 21:58:54.607] [Render thread/DEBUG] [io.netty.util.Recycler/]: -Dio.netty.recycler.chunkSize: 32
[02Oct2025 21:58:54.607] [Render thread/DEBUG] [io.netty.util.Recycler/]: -Dio.netty.recycler.blocking: false
[02Oct2025 21:58:54.607] [Render thread/DEBUG] [io.netty.util.Recycler/]: -Dio.netty.recycler.batchFastThreadLocalOnly: true
[02Oct2025 21:58:54.680] [Netty Server IO #1/DEBUG] [net.neoforged.neoforge.network.filters.NetworkFilters/]: Injected net.neoforged.neoforge.network.filters.GenericPacketSplitter@a9ac3b2 into net.minecraft.network.Connection@14dfdc42
[02Oct2025 21:58:54.686] [Netty Local Client IO #0/DEBUG] [net.neoforged.neoforge.network.filters.NetworkFilters/]: Injected net.neoforged.neoforge.network.filters.GenericPacketSplitter@5b551775 into net.minecraft.network.Connection@42ab6fcf
[02Oct2025 21:58:54.768] [Render thread/INFO] [EMI/]: [EMI] Recipes synchronized, waiting for tags to reload EMI...
[02Oct2025 21:58:54.805] [Render thread/DEBUG] [mixin/]: Mixing MixinChunkDeltaUpdateS2CPacket from xaerohud.mixins.json into net.minecraft.network.protocol.game.ClientboundSectionBlocksUpdatePacket
[02Oct2025 21:58:54.805] [Render thread/DEBUG] [mixin/]: xaerohud.mixins.json:MixinChunkDeltaUpdateS2CPacket from mod xaerominimap: Class version 65 required is higher than the class version supported by the current version of Mixin (JAVA_17 supports class version 61)
[02Oct2025 21:58:54.805] [Render thread/DEBUG] [mixin/]: Mixing MixinChunkDeltaUpdateS2CPacketAccessor from xaeroworldmap.mixins.json into net.minecraft.network.protocol.game.ClientboundSectionBlocksUpdatePacket
[02Oct2025 21:58:54.805] [Render thread/DEBUG] [mixin/]: xaeroworldmap.mixins.json:MixinChunkDeltaUpdateS2CPacketAccessor from mod xaeroworldmap: Class version 65 required is higher than the class version supported by the current version of Mixin (JAVA_17 supports class version 61)
[02Oct2025 21:58:54.829] [Netty Server IO #1/DEBUG] [net.neoforged.neoforge.network.filters.NetworkFilters/]: Injected net.neoforged.neoforge.network.filters.GenericPacketSplitter@75658110 into net.minecraft.network.Connection@14dfdc42
[02Oct2025 21:58:54.864] [Server thread/INFO] [net.minecraft.server.players.PlayerList/]: Dev[local:E:686daf25] logged in with entity id 87 at (-70.5, 77.0, -88.5)
[02Oct2025 21:58:54.898] [Server thread/INFO] [net.minecraft.server.MinecraftServer/]: Dev joined the game
[02Oct2025 21:58:54.900] [Render thread/DEBUG] [xaero.common.HudMod/]: Initialized new session for module xaerominimap:minimap!
[02Oct2025 21:58:54.900] [Render thread/INFO] [xaero.hud.minimap.MinimapLogs/]: New Xaero hud session initialized!
[02Oct2025 21:58:54.910] [Render thread/INFO] [dev.satherov.ftbxaerocompat.FTBXaeroCompat/]: Registering FTB x Xaero highlighter
[02Oct2025 21:58:54.912] [Server thread/DEBUG] [FTB Teams/]: player 380df991-f603-344c-a090-369bad2a924a logged in, player team = Dev#380df991
[02Oct2025 21:58:54.912] [Server thread/DEBUG] [FTB Teams/]: syncing player team data, all = false
[02Oct2025 21:58:54.920] [Server thread/DEBUG] [FTB Teams/]: updating team presence
[02Oct2025 21:58:54.920] [Server thread/DEBUG] [FTB Teams/]: sending team login event for 380df991-f603-344c-a090-369bad2a924a...
[02Oct2025 21:58:54.922] [Server thread/DEBUG] [FTB Chunks/]: handling player team login: player = 380df991-f603-344c-a090-369bad2a924a, team = 380df991-f603-344c-a090-369bad2a924a
[02Oct2025 21:58:54.922] [Render thread/INFO] [xaero.map.WorldMap/]: New world map session initialized!
[02Oct2025 21:58:54.922] [Server thread/DEBUG] [FTB Chunks/]: team data sent to 380df991-f603-344c-a090-369bad2a924a
[02Oct2025 21:58:54.922] [Server thread/DEBUG] [FTB Chunks/]: claimed chunk data sent to 380df991-f603-344c-a090-369bad2a924a
[02Oct2025 21:58:54.923] [Server thread/DEBUG] [FTB Chunks/]: visible player list sent to 380df991-f603-344c-a090-369bad2a924a
[02Oct2025 21:58:54.923] [Server thread/DEBUG] [FTB Teams/]: team login event for 380df991-f603-344c-a090-369bad2a924a sent
[02Oct2025 21:58:54.966] [Server thread/DEBUG] [mixin/]: Mixing MixinItemExtension from architectury.mixins.json into dev.architectury.extensions.ItemExtension
[02Oct2025 21:58:54.966] [Server thread/DEBUG] [mixin/]: architectury.mixins.json:MixinItemExtension from mod architectury: Class version 65 required is higher than the class version supported by the current version of Mixin (JAVA_16 supports class version 60)
[02Oct2025 21:58:55.146] [Render thread/INFO] [EMI/]: [EMI] Tags synchronized, reloading EMI
[02Oct2025 21:58:55.146] [Render thread/INFO] [EMI/]: [EMI] Starting Reload
[02Oct2025 21:58:55.147] [Thread-15/INFO] [EMI/]: [EMI] Starting EMI reload...
[02Oct2025 21:58:55.148] [Thread-15/INFO] [EMI/]: [EMI] Clearing data
[02Oct2025 21:58:55.156] [Render thread/INFO] [xaero.hud.minimap.MinimapLogs/]: Minimap updated server level id: 1990777999 for world ResourceKey[minecraft:dimension / minecraft:overworld]
[02Oct2025 21:58:55.162] [Render thread/INFO] [FTB Library/]: received server config settings for config: ftbchunks-world
[02Oct2025 21:58:55.162] [Render thread/INFO] [FTB Library/]: config has been updated! server = false - clear any cached data etc. here
[02Oct2025 21:58:55.162] [Render thread/INFO] [FTB Library/]: received server config settings for config: ftblibrary-server
[02Oct2025 21:58:55.164] [Thread-15/INFO] [EMI/]: [EMI] Initializing plugin from emi
[02Oct2025 21:58:55.169] [Thread-15/INFO] [EMI/]: [EMI] Initialized plugin from emi in 5ms
[02Oct2025 21:58:55.169] [Thread-15/INFO] [EMI/]: [EMI] Initializing plugin from ftblibrary
[02Oct2025 21:58:55.173] [Render thread/DEBUG] [FTB Teams/]: Updated presence of Dev
[02Oct2025 21:58:55.174] [Render thread/INFO] [FTB Chunks/]: Loading FTB Chunks client data from world 1c900c7f-6310-4904-bde0-075d84c59e1e
[02Oct2025 21:58:55.176] [Thread-15/INFO] [EMI/]: [EMI] Initialized plugin from ftblibrary in 7ms
[02Oct2025 21:58:55.176] [Thread-15/INFO] [EMI/]: [EMI] Processing tags
[02Oct2025 21:58:55.176] [Render thread/INFO] [net.minecraft.advancements.AdvancementTree/]: Loaded 2 advancements
[02Oct2025 21:58:55.186] [pool-20-thread-1/DEBUG] [FTB Chunks/]: constructing map region data for 0EA5F-0EA5F / XZ[x=-1, z=-1]
[02Oct2025 21:58:55.186] [pool-20-thread-1/DEBUG] [FTB Chunks/]: reading data from 0EA5F-0EA5F.zip for 0EA5F-0EA5F / XZ[x=-1, z=-1]
[02Oct2025 21:58:55.188] [Thread-15/INFO] [EMI/]: [EMI] Constructing index
[02Oct2025 21:58:55.190] [Thread-15/INFO] [EMI/]: [EMI] Reloading item groups on client thread...
[02Oct2025 21:58:55.255] [Thread-15/INFO] [EMI/]: [EMI] Reloading item groups on client thread took 65ms
[02Oct2025 21:58:55.260] [Thread-15/INFO] [EMI/]: [EMI] Loading plugin from emi
[02Oct2025 21:58:55.279] [pool-20-thread-1/DEBUG] [FTB Chunks/]: constructing map region data for 0EA60-0EA5F / XZ[x=0, z=-1]
[02Oct2025 21:58:55.280] [pool-20-thread-1/DEBUG] [FTB Chunks/]: reading data from 0EA60-0EA5F.zip for 0EA60-0EA5F / XZ[x=0, z=-1]
[02Oct2025 21:58:55.331] [pool-20-thread-1/DEBUG] [FTB Chunks/]: constructing map region data for 0EA5F-0EA60 / XZ[x=-1, z=0]
[02Oct2025 21:58:55.331] [pool-20-thread-1/DEBUG] [FTB Chunks/]: reading data from 0EA5F-0EA60.zip for 0EA5F-0EA60 / XZ[x=-1, z=0]
[02Oct2025 21:58:55.347] [Thread-15/INFO] [EMI/]: [EMI] Reloaded plugin from emi in 86ms
[02Oct2025 21:58:55.347] [Thread-15/INFO] [EMI/]: [EMI] Loading plugin from ftblibrary
[02Oct2025 21:58:55.348] [Thread-15/INFO] [EMI/]: [EMI] Reloaded plugin from ftblibrary in 1ms
[02Oct2025 21:58:55.348] [Thread-15/INFO] [EMI/]: [EMI] Baking index
[02Oct2025 21:58:55.360] [Thread-15/INFO] [EMI/]: [EMI] Registering late recipes
[02Oct2025 21:58:55.360] [Thread-15/INFO] [EMI/]: [EMI] Baking recipes
[02Oct2025 21:58:55.384] [pool-20-thread-1/DEBUG] [FTB Chunks/]: constructing map region data for 0EA60-0EA60 / XZ[x=0, z=0]
[02Oct2025 21:58:55.384] [pool-20-thread-1/DEBUG] [FTB Chunks/]: reading data from 0EA60-0EA60.zip for 0EA60-0EA60 / XZ[x=0, z=0]
[02Oct2025 21:58:55.403] [Thread-15/INFO] [EMI/]: [EMI] Baked 3264 recipes in 42ms
[02Oct2025 21:58:55.405] [Thread-15/INFO] [EMI/]: [EMI] Baking search
[02Oct2025 21:58:55.428] [Thread-20/INFO] [EMI/]: [EMI] Baked recipes after reload in 26ms
[02Oct2025 21:58:55.438] [Render thread/INFO] [xaero.hud.minimap.MinimapLogs/]: Reloading radar icon resources...
[02Oct2025 21:58:55.451] [Render thread/INFO] [xaero.hud.minimap.MinimapLogs/]: Reloaded radar icon resources!
[02Oct2025 21:58:55.520] [Thread-15/INFO] [EMI/]: [EMI] Finishing up
[02Oct2025 21:58:55.533] [Thread-15/INFO] [EMI/]: [EMI] Reloaded EMI in 385ms
[02Oct2025 21:58:58.270] [Render thread/DEBUG] [mixin/]: Mixing accessor.OrderedTextTooltipComponentAccessor from emi.mixins.json into net.minecraft.client.gui.screens.inventory.tooltip.ClientTextTooltip
[02Oct2025 21:58:58.270] [Render thread/DEBUG] [mixin/]: emi.mixins.json:accessor.OrderedTextTooltipComponentAccessor from mod emi: Class version 65 required is higher than the class version supported by the current version of Mixin (JAVA_17 supports class version 61)
[02Oct2025 21:59:02.782] [Render thread/DEBUG] [FTB Chunks/]: large map: free mem = 14376582840, potential usage = 16777216, ratio = 856
[02Oct2025 21:59:02.791] [Render thread/DEBUG] [FTB Library/]: saved config name=ftbchunks-client path=/data/ssd1/intelliJ/ftbxaerocompat/neoforge/run/config/ftbchunks-client.snbt
[02Oct2025 21:59:02.795] [Render thread/DEBUG] [FTB Library/]: saved config name=ftbchunks-client path=/data/ssd1/intelliJ/ftbxaerocompat/neoforge/run/config/ftbchunks-client.snbt
[02Oct2025 21:59:05.347] [Server thread/INFO] [net.minecraft.client.server.IntegratedServer/]: Saving and pausing game...
[02Oct2025 21:59:05.362] [Server thread/INFO] [net.minecraft.server.MinecraftServer/]: Saving chunks for level 'ServerLevel[New World]'/minecraft:overworld
[02Oct2025 21:59:05.374] [Server thread/INFO] [net.minecraft.server.MinecraftServer/]: Saving chunks for level 'ServerLevel[New World]'/minecraft:the_nether
[02Oct2025 21:59:05.374] [Server thread/INFO] [net.minecraft.server.MinecraftServer/]: Saving chunks for level 'ServerLevel[New World]'/minecraft:the_end
[02Oct2025 21:59:05.375] [Server thread/DEBUG] [net.neoforged.neoforge.common.CommonHooks/WP]: Gathered mod list to write to world save New World
[02Oct2025 21:59:05.462] [pool-20-thread-1/DEBUG] [FTB Chunks/]: writing data to 0EA60-0EA5F.zip for 0EA60-0EA5F / XZ[x=0, z=-1]
[02Oct2025 21:59:05.477] [pool-20-thread-1/DEBUG] [FTB Chunks/]: writing data to 0EA60-0EA60.zip for 0EA60-0EA60 / XZ[x=0, z=0]
[02Oct2025 21:59:05.492] [pool-20-thread-1/DEBUG] [FTB Chunks/]: writing data to 0EA5F-0EA60.zip for 0EA5F-0EA60 / XZ[x=-1, z=0]
[02Oct2025 21:59:05.511] [pool-20-thread-1/DEBUG] [FTB Chunks/]: writing data to 0EA5F-0EA5F.zip for 0EA5F-0EA5F / XZ[x=-1, z=-1]
[02Oct2025 21:59:11.233] [pool-20-thread-1/DEBUG] [FTB Chunks/]: writing data to 0EA5F-0EA5F.zip for 0EA5F-0EA5F / XZ[x=-1, z=-1]
[02Oct2025 21:59:11.897] [Server thread/INFO] [net.minecraft.client.server.IntegratedServer/]: Saving and pausing game...
[02Oct2025 21:59:11.909] [Server thread/INFO] [net.minecraft.server.MinecraftServer/]: Saving chunks for level 'ServerLevel[New World]'/minecraft:overworld
[02Oct2025 21:59:11.943] [Server thread/INFO] [net.minecraft.server.MinecraftServer/]: Saving chunks for level 'ServerLevel[New World]'/minecraft:the_nether
[02Oct2025 21:59:11.943] [Server thread/INFO] [net.minecraft.server.MinecraftServer/]: Saving chunks for level 'ServerLevel[New World]'/minecraft:the_end
[02Oct2025 21:59:11.944] [Server thread/DEBUG] [net.neoforged.neoforge.common.CommonHooks/WP]: Gathered mod list to write to world save New World
[02Oct2025 21:59:13.947] [Server thread/INFO] [net.minecraft.client.server.IntegratedServer/]: Saving and pausing game...
[02Oct2025 21:59:13.958] [Server thread/INFO] [net.minecraft.server.MinecraftServer/]: Saving chunks for level 'ServerLevel[New World]'/minecraft:overworld
[02Oct2025 21:59:13.973] [Server thread/INFO] [net.minecraft.server.MinecraftServer/]: Saving chunks for level 'ServerLevel[New World]'/minecraft:the_nether
[02Oct2025 21:59:13.973] [Server thread/INFO] [net.minecraft.server.MinecraftServer/]: Saving chunks for level 'ServerLevel[New World]'/minecraft:the_end
[02Oct2025 21:59:13.973] [Server thread/DEBUG] [net.neoforged.neoforge.common.CommonHooks/WP]: Gathered mod list to write to world save New World
[02Oct2025 21:59:14.052] [pool-20-thread-1/DEBUG] [FTB Chunks/]: writing data to 0EA60-0EA5F.zip for 0EA60-0EA5F / XZ[x=0, z=-1]
[02Oct2025 21:59:14.067] [pool-20-thread-1/DEBUG] [FTB Chunks/]: writing data to 0EA5F-0EA5F.zip for 0EA5F-0EA5F / XZ[x=-1, z=-1]
[02Oct2025 21:59:18.697] [Server thread/INFO] [net.minecraft.client.server.IntegratedServer/]: Saving and pausing game...
[02Oct2025 21:59:18.708] [Server thread/INFO] [net.minecraft.server.MinecraftServer/]: Saving chunks for level 'ServerLevel[New World]'/minecraft:overworld
[02Oct2025 21:59:18.711] [Server thread/INFO] [net.minecraft.server.MinecraftServer/]: Saving chunks for level 'ServerLevel[New World]'/minecraft:the_nether
[02Oct2025 21:59:18.711] [Server thread/INFO] [net.minecraft.server.MinecraftServer/]: Saving chunks for level 'ServerLevel[New World]'/minecraft:the_end
[02Oct2025 21:59:18.711] [Server thread/DEBUG] [net.neoforged.neoforge.common.CommonHooks/WP]: Gathered mod list to write to world save New World
[02Oct2025 21:59:39.097] [Server thread/INFO] [net.minecraft.client.server.IntegratedServer/]: Saving and pausing game...
[02Oct2025 21:59:39.107] [Server thread/INFO] [net.minecraft.server.MinecraftServer/]: Saving chunks for level 'ServerLevel[New World]'/minecraft:overworld
[02Oct2025 21:59:39.169] [Server thread/INFO] [net.minecraft.server.MinecraftServer/]: Saving chunks for level 'ServerLevel[New World]'/minecraft:the_nether
[02Oct2025 21:59:39.170] [Server thread/INFO] [net.minecraft.server.MinecraftServer/]: Saving chunks for level 'ServerLevel[New World]'/minecraft:the_end
[02Oct2025 21:59:39.170] [Server thread/DEBUG] [net.neoforged.neoforge.common.CommonHooks/WP]: Gathered mod list to write to world save New World
[02Oct2025 21:59:39.247] [pool-20-thread-1/DEBUG] [FTB Chunks/]: writing data to 0EA60-0EA5F.zip for 0EA60-0EA5F / XZ[x=0, z=-1]
[02Oct2025 21:59:39.263] [pool-20-thread-1/DEBUG] [FTB Chunks/]: writing data to 0EA5F-0EA5F.zip for 0EA5F-0EA5F / XZ[x=-1, z=-1]
[02Oct2025 22:00:33.297] [Server thread/INFO] [net.minecraft.client.server.IntegratedServer/]: Saving and pausing game...
[02Oct2025 22:00:33.309] [Server thread/INFO] [net.minecraft.server.MinecraftServer/]: Saving chunks for level 'ServerLevel[New World]'/minecraft:overworld
[02Oct2025 22:00:33.312] [Server thread/INFO] [net.minecraft.server.MinecraftServer/]: Saving chunks for level 'ServerLevel[New World]'/minecraft:the_nether
[02Oct2025 22:00:33.312] [Server thread/INFO] [net.minecraft.server.MinecraftServer/]: Saving chunks for level 'ServerLevel[New World]'/minecraft:the_end
[02Oct2025 22:00:33.312] [Server thread/DEBUG] [net.neoforged.neoforge.common.CommonHooks/WP]: Gathered mod list to write to world save New World
[02Oct2025 22:01:05.326] [pool-20-thread-1/DEBUG] [FTB Chunks/]: writing data to 0EA60-0EA5F.zip for 0EA60-0EA5F / XZ[x=0, z=-1]
[02Oct2025 22:01:05.340] [pool-20-thread-1/DEBUG] [FTB Chunks/]: writing data to 0EA60-0EA60.zip for 0EA60-0EA60 / XZ[x=0, z=0]
[02Oct2025 22:01:05.357] [pool-20-thread-1/DEBUG] [FTB Chunks/]: writing data to 0EA5F-0EA60.zip for 0EA5F-0EA60 / XZ[x=-1, z=0]
[02Oct2025 22:01:05.373] [pool-20-thread-1/DEBUG] [FTB Chunks/]: writing data to 0EA5F-0EA5F.zip for 0EA5F-0EA5F / XZ[x=-1, z=-1]
[02Oct2025 22:01:29.047] [Server thread/INFO] [net.minecraft.client.server.IntegratedServer/]: Saving and pausing game...
[02Oct2025 22:01:29.070] [Server thread/INFO] [net.minecraft.server.MinecraftServer/]: Saving chunks for level 'ServerLevel[New World]'/minecraft:overworld
[02Oct2025 22:01:29.072] [Server thread/INFO] [net.minecraft.server.MinecraftServer/]: Saving chunks for level 'ServerLevel[New World]'/minecraft:the_nether
[02Oct2025 22:01:29.073] [Server thread/INFO] [net.minecraft.server.MinecraftServer/]: Saving chunks for level 'ServerLevel[New World]'/minecraft:the_end
[02Oct2025 22:01:29.073] [Server thread/DEBUG] [net.neoforged.neoforge.common.CommonHooks/WP]: Gathered mod list to write to world save New World
[02Oct2025 22:09:41.010] [Render thread/INFO] [net.minecraft.client.Minecraft/]: Stopping!
[02Oct2025 22:09:41.011] [Render thread/DEBUG] [xaero.common.HudMod/]: Finalized session for module xaerominimap:minimap!
[02Oct2025 22:09:41.011] [Render thread/INFO] [xaero.hud.minimap.MinimapLogs/]: Xaero hud session finalized.
[02Oct2025 22:09:41.011] [Render thread/INFO] [xaero.map.WorldMap/]: Finalizing world map session...
[02Oct2025 22:09:41.052] [Thread-6/INFO] [xaero.map.WorldMap/]: World map cleaned normally!
[02Oct2025 22:09:41.112] [Render thread/INFO] [xaero.map.WorldMap/]: World map session finalized.
[02Oct2025 22:09:41.241] [Server thread/INFO] [net.minecraft.server.network.ServerGamePacketListenerImpl/]: Dev lost connection: Disconnected
[02Oct2025 22:09:41.241] [Server thread/INFO] [net.minecraft.server.MinecraftServer/]: Dev left the game
[02Oct2025 22:09:41.260] [Server thread/INFO] [net.minecraft.server.network.ServerCommonPacketListenerImpl/]: Stopping singleplayer server as player logged out
[02Oct2025 22:09:41.282] [Server thread/INFO] [net.minecraft.server.MinecraftServer/]: Stopping server
[02Oct2025 22:09:41.282] [Server thread/INFO] [net.minecraft.server.MinecraftServer/]: Saving players
[02Oct2025 22:09:41.283] [Server thread/INFO] [net.minecraft.server.MinecraftServer/]: Saving worlds
[02Oct2025 22:09:41.798] [Server thread/INFO] [net.minecraft.server.MinecraftServer/]: Saving chunks for level 'ServerLevel[New World]'/minecraft:overworld
[02Oct2025 22:09:41.909] [Server thread/INFO] [net.minecraft.server.MinecraftServer/]: Saving chunks for level 'ServerLevel[New World]'/minecraft:the_nether
[02Oct2025 22:09:41.914] [Server thread/INFO] [net.minecraft.server.MinecraftServer/]: Saving chunks for level 'ServerLevel[New World]'/minecraft:the_end
[02Oct2025 22:09:41.920] [Server thread/DEBUG] [net.neoforged.neoforge.common.CommonHooks/WP]: Gathered mod list to write to world save New World
[02Oct2025 22:09:41.942] [Server thread/INFO] [net.minecraft.server.MinecraftServer/]: ThreadedAnvilChunkStorage (New World): All chunks are saved
[02Oct2025 22:09:41.942] [Server thread/INFO] [net.minecraft.server.MinecraftServer/]: ThreadedAnvilChunkStorage (DIM-1): All chunks are saved
[02Oct2025 22:09:41.943] [Server thread/INFO] [net.minecraft.server.MinecraftServer/]: ThreadedAnvilChunkStorage (DIM1): All chunks are saved
[02Oct2025 22:09:41.943] [Server thread/INFO] [net.minecraft.server.MinecraftServer/]: ThreadedAnvilChunkStorage: All dimensions are saved
[02Oct2025 22:09:42.000] [Server thread/DEBUG] [net.neoforged.fml.config.ConfigTracker/CONFIG]: Unloading configs type SERVER
[02Oct2025 22:09:42.113] [Render thread/INFO] [FTB Chunks/]: Shutting down map thread
